Column_01,Column_02,Column_03,Column_04,Column_05,Column_06,Column_07,Column_08,Column_09,Column_10,Column_11,Column_12,Column_13,Column_14,Column_15,Column_16,Column_17,Column_18,Column_19,Column_20
45387,40887.6865,74298,-44906.1490,74394,-69119.7170,86154,-55035.6583,-29117,-60784.0741,-92755,17417.2770,-82126,-67338.2795,84977,74014.1309,-52277,56939.4881,93051,8040.2355
-43355.7964,-8116,-51313.0102,-37382,-72816.4031,-16883,-55633.8567,41254,62573.4735,88740,31555.6959,9935,31802.5359,4506,-91981.2275,-81323,-2306.5861,-96238,-29636.8719,23652
-893,-13663.8070,-74832,-24438.7707,27705,-91180.5165,-9344,-1661.7896,-39721,9964.8621,48473,78249.1266,-76018,23771.8687,-66671,-80477.1807,-46540,91718.2918,-52148,-13611.1418
-96783.5445,-10372,63054.0100,-53982,-42638.5004,33048,5997.9041,32918,93565.4840,20631,94350.9090,23904,-25708.1246,-51903,38518.2761,-66738,-4082.9489,-3465,-72082.6706,-57605
-50697,-13161.8378,-37721,27855.9477,-81858,-18923.5285,-97705,-44021.8378,36846,-20887.1046,-99999,89419.6464,39338,-59979.4102,-3699,-43160.6513,96185,-46719.1166,-58429,-8101.4612
-36102.5767,35791,-17879.1849,-73394,-4149.1875,51764,88737.8334,71380,-14385.0008,10075,36441.0646,26354,2019.0122,78303,27627.1803,-86833,-55026.2228,75673,78686.5536,-77696
-21016,-47619.1590,41516,-25048.6063,87784,-18225.5478,25985,3436.1717,-1230,18677.4402,44000,28281.2062,-57502,-93263.1502,78901,-6655.6656,-47566,20293.2916,-34589,2685.8886
16012.4713,-19509,10193.3781,53874,95787.3164,-60934,-29258.7880,539,-70962.8353,95064,-74629.5937,-80392,18679.8698,-63440,-4839.2087,-30925,53090.7676,70555,18679.2171,-10405
85258,-59.8321,32533,-11536.7955,-56337,21998.0134,60560,66449.8938,99177,30001.2746,55003,-67798.8720,20144,-91732.0589,13393,-41425.1696,-95021,78321.9232,-20215,-92783.4427
81740.7593,2152,-38661.9654,-73563,-28442.6712,40183,-69846.3190,-81499,-29627.4285,-34316,86619.6373,-87636,-87546.7498,-90978,-50121.1531,4712,-84461.1592,-68136,88331.3453,-8684
-18671,41279.6131,3393,-25424.1818,46206,29029.2989,-26747,78873.5875,61195,-58749.9447,-327,-71687.9434,-93360,19952.0528,-68734,-97677.3178,-7542,-35276.3790,68415,11192.5040
-76713.6641,-77602,29283.9191,-79065,32922.4842,-18703,-44232.5165,58601,-49659.4219,40298,-18128.2039,91865,35683.9487,87318,59459.6549,-90190,49183.4808,49746,20470.4440,3652
-14729,-56769.0952,-20339,-6686.6324,-11921,-35429.5862,78177,-96534.6361,20103,-52367.8417,83914,-50427.5921,32112,35816.8195,19544,17993.3381,51459,-78641.0429,71716,42499.2487
39309.3189,59697,-41907.4395,-52158,-58165.3279,-84151,62475.8730,53647,33592.7817,20262,-33507.5352,-97544,92192.7266,-22683,-34970.6233,-80833,-3288.3942,56097,-95291.6860,32734
11156,51065.7020,72533,88345.4445,82967,50806.1197,84476,65400.4866,-71346,32519.0163,61298,-79606.2807,19738,12716.6908,48237,52787.0079,-2243,61148.0501,-33017,-35194.1532
47756.6860,-92473,32194.2003,25398,-52451.6980,-48081,14812.2198,2705,-65666.3026,67528,18383.5659,-87800,-18193.3520,-97502,-63636.2337,7899,-41301.8181,23783,-14519.0065,55080
-11858,-29109.7151,94531,68795.8356,-22241,-90545.8971,-38629,11681.0194,54646,54996.3683,40373,61471.5360,31131,71307.3538,-47908,-50407.4122,-64516,54663.2799,24784,16057.8180
47426.2741,39382,25322.5519,-38138,-48794.0438,60449,31367.7471,-49958,-96295.6408,-96142,93518.1031,48641,64914.1255,72807,84471.2236,81676,-3629.2034,41075,-9929.7418,92422
-13185,-94800.6737,10458,95597.0544,-66634,62854.5285,-99158,25301.1232,-24070,-91821.0836,31970,-54708.5686,69102,66901.3359,14084,55608.5338,13446,87595.9936,-32850,-67281.1413
-70032.1832,-74696,27728.8024,-75925,78752.6366,47490,-62959.4479,61515,35324.7096,-57035,8654.0418,-80344,2217.8636,52260,-7291.6464,-91623,17987.7540,-96040,54852.7786,86320
-70520,-89853.1804,-27906,26176.6094,22149,-25879.5615,-49904,-15998.7644,20851,-97250.5951,-74529,17566.3378,79854,-12933.0218,83088,18876.2533,66192,-80671.6385,30232,78144.6797
22346.0441,23443,97222.9711,68749,36355.1234,4209,-69022.4919,4348,-7620.6066,34416,-82406.3109,27177,42140.8155,45284,79833.0877,-61960,65735.3079,-33323,55744.6823,-18531
9528,63846.8573,-26742,-37254.7421,99485,76427.9406,-94400,57373.4174,40679,-92112.0727,80038,-60728.5952,-33771,-43446.8768,66247,-5051.0405,-74009,87083.2728,1888,-19938.0659
-21680.1574,6619,89242.8509,-38219,-29541.4157,-97137,-4176.4177,-4751,-99673.0630,43778,-16794.9152,6879,19414.1469,-13164,-23493.1736,-15570,70959.9493,77539,-48532.9443,-5199
98073,-7721.9348,50193,9026.6535,85469,41378.7398,25736,96545.3096,93185,86119.3884,-64777,97867.4539,-96927,-42159.7671,94019,-24723.8632,59024,-35615.9844,86028,-60296.3671
46217.8670,-60807,-14281.8076,36631,-99081.8181,-34720,-64885.9444,-66460,82850.8493,-35855,44512.1947,-1117,3576.0288,-99217,98594.2029,-86838,-73871.9983,-92676,92045.6891,77144
-25897,-37101.8173,-34842,67372.3355,76896,59264.9997,-35783,41530.3467,-57470,26936.7525,84145,67148.1473,91213,69599.4773,56603,762.8508,30652,96422.9191,92570,19942.1354
43602.4164,-21514,-56433.4844,92028,-84227.6498,-79496,-30418.3278,54615,-9771.0472,-65384,55489.2551,60716,-64141.7829,86717,91067.8633,90459,90278.5544,-52944,29799.0585,-37306
-63883,14828.0049,-69229,79032.8372,-12532,-43565.0707,76279,-89239.8701,47100,85896.1389,-35602,97610.8001,66209,87897.4540,-21658,31048.7833,36250,-91650.9837,-84331,30226.0671
59448.0154,41944,-87435.9294,10947,38588.2963,-78606,-72422.2379,16322,40461.7474,56240,-63990.9511,98535,-60291.3778,94728,73159.9623,83206,86974.2269,-7324,-61427.0765,79518
82104,-98298.9756,-51775,-20770.9202,-57394,51237.0413,-40640,-21937.7483,-22261,-89525.1295,-18716,96961.6032,91815,90295.9971,-52115,90198.9800,10223,47967.7396,8236,48995.3508
-47403.2266,96372,46631.4733,-10058,25672.5429,86302,-52790.1127,94658,24051.4759,28030,-95238.0061,-82662,-70622.5630,17321,-25681.9965,-43409,24060.3333,-51902,22287.1001,30449
343,38983.1847,-63178,5604.2170,-3280,-82016.8299,-47333,9326.3930,-19783,-71579.0531,-87588,64332.1979,3865,-80540.3943,-41059,94895.1084,73753,-44613.8773,4959,-99491.5978
53098.3435,62080,-80976.5256,81192,-58237.9841,10713,79195.9415,24691,-66963.1926,-10126,-59529.5090,-32434,-55767.1678,76123,14836.7928,-5943,93038.8977,-49969,-39603.3654,68374
81548,98339.9228,69082,-2790.1416,84495,-58392.1823,88801,-50884.9885,25550,93835.3186,-56209,24869.6272,-33644,-48933.5122,90041,24381.9564,63494,82492.1753,-81906,457.2646
91919.1221,29430,-17708.0998,-92627,65568.1085,76892,-44920.3313,33215,-55791.9901,-53274,85934.2666,-87085,-38790.8995,41233,68448.7374,-98980,-80756.8638,-42013,-46802.1634,-90917
82286,27403.3686,-90076,-35311.6915,-71738,64182.5325,1418,74506.8506,14466,31356.4386,-67203,-38386.1013,-32626,60857.2595,-85590,-77340.5442,25953,-23551.7665,-2922,-21102.5534
4168.2235,-1963,35185.8149,-9715,4862.3750,-77601,61661.5882,-86207,46430.4418,19743,43549.5554,-87260,-40921.4137,-2593,21048.9260,-94213,-85240.3396,22736,-99566.5186,-89636
-19641,69690.4574,-89616,65615.2767,-36491,-45393.7357,-66331,-95386.1665,78383,-93752.5466,84150,53747.2148,-56072,-61855.6669,42296,-74621.9332,41470,-52445.5186,-25171,95415.5162
-23433.0161,-78047,57038.2022,25288,-10057.6727,54220,-38756.6645,-5565,-71018.4034,64477,-23788.9853,-8306,30170.0971,89963,16232.3373,78316,53082.1928,-38064,89405.9045,70187
-34216,9230.1834,81255,804.7668,-45070,27854.3122,-57641,5878.0832,32715,34688.2761,96750,57231.3258,92613,55896.7105,-75233,49827.3660,-56280,70006.2150,-25591,43904.9409
18288.0498,-82739,27301.7272,-87952,-17832.2764,-64726,-28219.9673,-62153,-17741.9935,56495,-64403.0675,47537,86777.9396,-78811,37466.0468,47382,14386.2707,62429,13719.0376,22111
-1374,51687.6012,-63548,-84656.5632,79959,14317.9376,-96612,-91330.0325,32422,-97015.9866,-22627,33370.0625,78975,-42598.3523,30401,93854.4203,83508,-58853.8301,54883,-9358.0559
-4697.1537,33545,-75401.0401,42037,14367.5620,-80308,-38913.5674,40078,-19463.9455,236,27762.2273,-11355,54071.6393,-72494,77842.4509,-23077,-95718.0158,-41735,-58918.2010,98841
-18479,6357.2090,-53796,11589.7866,35225,37052.4063,-93887,-33226.3589,24720,-38051.8809,-29601,-56021.6774,76119,68935.7171,36438,65829.4826,26233,-62020.0287,-7447,12635.8485
41146.7354,26300,-69040.3160,28484,-11439.9636,-32290,24676.8821,80259,-7150.8297,60249,-53421.6601,61214,7535.8565,75782,-91019.6756,92282,-62011.1550,-4867,75099.3648,85908
-74706,-16508.4383,84755,-40838.9318,-94625,53804.7688,83355,-16719.1565,-77791,80950.7015,-24115,35758.7685,-70415,81238.2108,18249,-59677.8262,-8594,63717.6972,-12039,700.0817
53811.4075,35669,65717.1028,62826,-22867.3956,24429,65332.8592,69979,-34799.4595,-9753,56188.7922,-1568,58794.9473,86288,-29364.8292,75354,-53499.4933,-63953,-92937.2179,-11293
-23439,58406.4312,-57379,-1966.4309,83078,-993.3014,93385,-71484.3369,-11718,41257.6888,-95004,77014.0810,51070,-25445.8588,-51306,41818.2580,72863,-45284.6292,-28745,-53919.1586
-95628.6462,23674,98548.7927,20344,17021.9162,-72597,57603.9192,-4176,51040.1071,831,43741.3664,-63644,291.1334,87855,64120.5323,78165,-47914.5349,13405,47860.7696,82809
2598,29756.3230,5769,-83490.5126,-80236,-98357.0497,13824,-31391.4545,-99281,94310.3544,45156,-24676.2146,-92726,-94208.9559,-71646,76474.6115,-18714,9884.9155,-22626,-92581.0369
-19125.4383,-45104,-58635.5208,-57052,57506.3230,15038,81010.9143,-26327,-14188.1643,48376,37212.9500,90848,-93320.6918,-27646,-72104.2981,-59439,-31094.3942,-97623,64107.8905,39264
10139,19357.6481,-92107,-93136.5780,-96365,96869.8424,8405,-83986.4429,26171,63083.2569,16178,-4750.0396,-15848,58385.0804,-65194,-50969.1970,-61091,78413.4139,24983,5615.5843
45143.5351,-68833,46621.3157,-66861,94556.6599,-54543,-73414.0321,33581,44869.2949,-75881,-5910.2976,-18084,91407.5009,48048,-85618.9710,-51102,60613.2424,-78361,-40854.6283,77059
91245,-59539.5403,39427,-79419.7258,-59876,18408.2184,-38527,-35672.4366,-34954,-1728.5920,-56401,33456.1664,-74426,82575.5346,99371,-85390.2350,94622,95476.4004,50371,-24986.3064
-93405.2151,-14501,91149.9995,-22049,53829.1455,-60714,75671.3456,-41229,83594.8459,-68513,8177.9537,-52432,-35069.5653,72761,-47741.6220,-12933,-97349.0273,6802,5260.2062,-87189
-85732,76688.1188,43957,-96430.8508,-50053,54726.2492,-23022,-46654.4900,47691,17927.2502,6297,-21171.3074,-69136,73795.0585,-6563,78944.4741,93584,9951.4565,-3335,54637.5377
45672.2938,18415,-45179.8006,38091,-59070.5510,-61028,-62059.8795,-87074,-76176.9272,-53769,-69688.7880,-23191,-6138.4870,-18336,-88840.7909,4107,53558.6517,59490,55582.4215,-92721
-22893,78960.4842,26152,51469.3246,-36536,88120.4961,-37792,-42323.2809,-45467,47247.3089,26139,-53547.9060,-22194,17155.3370,83794,-97786.5950,-74568,-54642.5822,62114,37697.6653
12810.9988,-28801,-80747.1175,94480,27375.9724,30090,-97222.6867,95112,54547.3178,-16295,-52850.7208,-7089,-27026.8938,-61065,-30996.4145,20672,-87531.4102,-37818,47505.0166,-55304
94091,86326.4018,49638,93141.4611,45625,-41637.5776,-91478,-86651.5618,-78229,-51073.4484,-37317,83352.7283,14981,47264.5074,42295,-36908.5537,92391,96774.6228,49279,32220.4385
-96500.4670,98019,88736.3096,62460,24396.0025,-4466,-44764.6470,-19005,40709.1244,-9287,88307.0233,94981,-73332.4099,29170,47213.7220,-69726,17566.5627,34923,84603.5394,-84525
-42517,-27528.9535,78000,-2903.4788,95934,23155.0035,23613,80083.8893,-72976,-93790.8961,95843,69664.9900,-11238,-20597.7167,94766,8077.2310,-92056,-25800.0320,31387,69337.3548
-73302.1759,-14235,19300.9048,10532,88972.3584,-93121,7163.1572,-77158,-92306.9701,64933,38652.4361,-30702,87674.8376,-58554,-61380.3510,80584,-28799.8811,-21197,99037.8263,3632
1654,-76459.9424,69319,34147.8512,-88926,62815.8766,-41087,38563.9651,56181,429.6785,9136,5427.4533,71784,-5026.9674,-6719,30286.7551,-74036,-15723.6701,-52992,3876.0499
-38296.5200,21790,-37845.9765,14481,30740.9505,30092,21343.3250,-61879,-97029.6988,48481,-21049.1035,80057,-78325.4056,-7839,-2875.3534,-16737,-76392.1497,7646,-83210.6717,79165
147,66568.8160,42554,-2249.2767,19274,93356.2358,18003,91562.0653,61519,89745.8789,70002,47487.8840,-24180,67220.4893,88964,25705.0485,-44126,46146.8029,18171,-78392.0900
-99517.4551,32096,73390.3924,6449,21842.8249,-6933,29617.2591,64488,-25343.0776,-95491,-84429.6441,-92538,-83533.9756,-46786,-83379.8564,-24236,62724.4827,-87269,29143.1304,-80786
93646,63027.9594,-33848,60177.6739,14466,55714.4103,-47485,18809.9538,84844,39084.5447,-45152,-5039.4187,18838,16094.5091,-24290,80374.3724,32505,-8412.2650,42103,5472.1221
58720.7316,88192,64382.1518,-90861,-55091.6501,-15055,95750.2909,2411,53374.2412,57237,-254.9753,71011,-45408.0918,-19909,-1121.3332,21801,-98755.8943,37678,-41068.1547,90441
-23035,49390.6689,79246,-53566.0389,-26921,80278.5055,34754,35619.5905,-66029,-58058.4091,46687,-67243.3226,2288,92300.3171,-29066,25718.3883,-70186,24491.1774,-1443,-59197.0385
39911.2769,-44688,99204.6982,-99087,-45154.6892,41585,30219.8724,73243,-70109.4181,40257,-48412.6533,-22570,87237.1580,34740,-35499.6589,-4736,21492.4681,-7636,53901.9567,-57867
60966,-79278.7925,5168,-34101.9561,94027,62622.1522,81747,72550.2162,-74345,49204.2629,51351,-67465.5933,13818,-82055.0672,-67642,-54529.7971,89778,-79912.0278,75421,-91295.4941
33211.5872,65452,-62929.9865,79597,7978.9209,12869,-55951.1158,-55994,-48202.2318,-39029,27499.5854,11975,-90664.2762,38546,-42303.5043,-82036,27146.3066,-23142,-80719.3607,-47436
88269,-82424.5352,-81465,-37537.4480,590,-96039.6815,-74069,-80354.6594,17178,93173.5152,-90419,-13444.6386,-82189,-97084.4000,-45436,-87950.5800,22537,39135.6259,-25222,-66242.1745
-2959.5973,37540,-16003.3280,-70579,12291.5706,-17463,37228.6026,-239,-11826.2056,34606,6640.4135,24462,90107.0980,-58310,84693.9767,15190,-50512.9165,-9956,11448.1544,652
69458,-11301.1026,78358,40892.9266,17152,-66051.3527,-5890,-76748.4867,-50153,48208.9730,-49344,-11962.7267,-35934,2105.5317,52999,24230.4902,40235,38114.4784,-36543,2708.1100
-28571.7738,-59741,8765.6100,28269,-22044.2435,-9362,1202.8044,-76349,-60699.8093,15351,68750.1365,-3199,6955.6701,-66274,82736.8430,-51541,-26240.7519,-62296,-36371.5674,-72139
-98148,-99323.6955,17499,-77479.6952,-11595,20937.3354,48695,-87825.7249,-93154,-50474.6917,-52895,-53823.8546,-47713,26309.4196,84514,-32762.0737,-54172,63324.4693,86126,86850.4830
-53321.4636,66948,-2120.1700,-8899,-5804.0234,54404,43255.1084,60191,55540.5660,35994,-93167.9767,17298,6647.5865,88111,36706.9846,-54622,33359.4660,-84653,52389.0813,-52839
27838,92811.2107,46194,63686.4465,48131,-66257.1625,13751,90250.0971,-22221,39549.2420,2032,88167.0449,8240,-7397.7623,-92374,-88899.2210,22219,-35886.0175,92493,52734.7505
57442.9838,-37966,-71038.7148,-91411,-88215.9348,30375,-16281.7724,-27995,-2414.6753,-10966,-58291.3922,74436,77396.8987,-45981,47501.0427,92169,1376.4582,52509,-67015.6767,-44737
93181,55606.5341,97947,-79187.3398,98391,52071.1534,17494,81581.4314,-88951,-19202.5668,84055,78200.9186,13986,49605.8781,12514,47587.1557,21114,1615.7105,-24148,10519.4634
-5507.0814,-20100,45626.9029,-88147,-28497.7990,29943,39147.0504,-24192,-80211.3525,-23879,16757.2563,-96349,-505.1775,-94799,2833.3705,-55294,13168.1449,-71774,62354.6539,97685
40036,-65006.0643,53410,10769.2337,-62694,77261.3039,65119,38921.0108,11011,38875.5090,2334,-75383.6818,-22237,-49072.6501,-1963,38033.2091,93859,92895.6853,72962,-30732.7541
80509.1006,74711,3476.5825,-88045,33142.6593,-35624,-34735.8158,-28,-41637.9645,56877,-22061.3645,-15668,33403.8841,-83168,-62644.2656,-70197,-24690.1879,-49944,33299.1854,-29248
-71881,-91636.8853,17397,44807.6360,62803,41998.3266,-80340,41291.7069,-52178,96949.9250,-8747,-37263.8582,-19064,1790.1466,-31676,23914.0232,20906,-86151.4346,11086,-85849.4805
90663.1231,-38307,-69296.0687,4893,43612.3766,-89115,69264.9798,-50712,91609.2181,40835,73049.9223,34214,88777.5581,11612,-13012.5476,50608,-95995.8228,94934,79863.2490,-3994
2533,-62946.1772,33135,30727.6135,29532,39882.5154,-18041,-45248.8032,77929,-62764.4060,68155,39972.2013,-79470,-67392.8549,64265,-58627.8974,-92184,83112.1414,98233,-48567.8861
35641.9258,518,-49919.8568,-24765,-71582.4006,84171,-71203.5105,-23539,6419.7100,-20966,-14400.5745,65143,82445.4082,917,-59935.5989,53194,-61766.0293,-54632,-73929.5662,50103
22671,-64286.2500,89572,-50773.1707,79831,-37899.1369,87672,-18309.8796,-24852,76549.9462,16406,-17390.3449,38193,-64520.7688,-69767,-41908.5419,15839,-97448.1480,91367,41716.2437
-63662.6721,-38086,96726.9842,-99709,9784.0319,16869,96139.4248,-36500,-82595.0901,-274,-18833.7559,-16163,-49824.0417,-19555,75339.1943,95659,-56089.1507,-41542,30079.3132,-19234
98864,-52136.5486,55033,-16379.0253,96656,-3993.9900,23920,91361.4219,-40901,-13046.6506,-16567,-74417.7449,78920,-94021.7262,-36288,-48146.5088,-32806,92103.0825,4175,-47703.9075
34191.9585,-1153,-19056.2199,26145,-94719.3153,-97170,-52238.1909,67531,52762.9188,-36904,46844.5971,12312,86033.9483,-84534,-76619.5574,-65197,10107.2555,-30746,-37617.9515,73468
56122,8490.4505,26901,-8406.5370,81525,-65086.4431,45245,-78671.3040,58787,-15836.8719,53940,-7628.7867,-45042,88357.8686,-71864,12638.6203,34863,92276.7532,-75786,93109.6380
71309.0349,-81000,41956.1279,75831,-48694.0982,-91869,43752.9894,25216,-31222.8666,6424,-27864.3166,-40511,34645.6089,-80550,-14281.3411,-93842,-47822.1268,-63320,95425.6564,-48035
-8242,43965.5291,-7534,80931.1707,-10319,60744.8668,-61739,51659.4909,73865,-31378.6900,40334,84170.3924,-28954,-95301.0498,-89090,40512.4279,27812,90868.7505,-12426,-50124.7300
72986.1415,37391,96949.3042,-86755,-32334.3429,72744,-37723.6554,-55632,-62142.6871,61851,20701.9018,90351,-30874.1755,-98175,-1670.8188,-26204,34096.9774,-13932,-97508.1791,38764
-25199,61770.0696,12743,-16751.0268,-15237,28848.2874,-28877,-27821.9249,84852,-82267.3393,-30221,-30662.4877,-84696,-22653.7968,-91875,-83621.6030,-10070,-56402.8122,-33557,-83076.1651
51231.3749,-58792,-95293.7056,94888,-6424.3430,61563,37215.7074,78817,-6468.9145,88694,-88884.8808,-5067,57749.9195,67224,78178.6505,9516,15989.3650,-63527,-99105.1274,76091
2903,-89005.7743,-51199,12136.1461,-52183,-20363.3774,-52737,93844.3167,85687,-51175.2523,55537,26589.5460,88831,-92880.7529,97254,23205.6678,-24497,20414.5047,86029,-61775.9794
-45831.1886,-90135,-24719.5967,-89461,-88755.6109,27262,-16127.9067,16815,-2666.7088,-37322,65236.5562,87239,-45941.2988,89786,-74772.3884,-39183,78444.1531,74925,72247.9395,21961
-84233,99970.0041,-24924,-92662.3908,39024,11380.5161,-79442,-38531.1742,-88852,45188.5982,76380,4856.4841,-66474,-99951.3447,-78285,-42824.2399,-34829,70376.4516,-44061,-50851.2493
-52616.1107,-72243,93404.5666,-62207,-13325.0715,-9924,-44719.1938,-41454,-19816.3233,-4976,-4609.5041,-60529,-37751.4651,79746,63113.2943,95939,-53325.2456,-11898,64968.1718,-43720
2654,74447.7959,7899,90022.0695,-42773,-35835.1763,-58019,-34328.2610,9946,-84661.4036,68902,-42192.0976,-83570,86161.7018,-17641,-52597.4726,70709,18826.8003,67138,93542.9899
64102.6928,63249,-82209.5911,-41009,-45877.6806,-75424,-60807.6914,76921,74123.6560,-35989,-36954.3225,90427,76334.8920,22614,-87680.9006,-46445,72559.1281,-71281,47682.8583,-24822
-85229,-85555.1699,48422,-22013.9996,-77499,-7214.9655,-21816,53061.6172,-75827,91634.8313,-60850,-90623.2930,65514,98691.4134,-8803,63093.8690,67163,-26175.2294,-58979,47026.2479
38201.7708,67901,-37472.5098,-66213,-93713.1849,-90588,-68917.2437,-33790,30515.0732,22678,80811.4200,-75774,-94937.1364,91274,-10741.3614,-46224,17013.8254,-78034,-74855.3632,-51952
-76060,-75241.2873,-47597,-92527.4749,93853,-27542.7520,-6027,37645.6184,-32307,-89073.7206,-39316,-25319.3799,81265,-59641.7785,-8909,-6660.3789,-49985,-41073.4954,-90144,-87098.2122
51003.3437,-38345,-29000.4663,-94183,-79866.7872,-64677,33107.0950,22361,68385.0874,-52194,22989.3509,22523,87487.9791,21377,46178.6218,12530,-58992.8350,-51484,78176.6317,65295
51911,15326.1056,-56223,57572.5537,34153,43081.9019,-11804,78648.4317,79609,85098.9621,65250,81482.7495,70919,-14097.4191,22453,30510.5806,54134,-415.3506,-78435,-5090.4976
-32534.3936,-54398,-92404.7804,-43525,94437.1044,69836,-42283.8154,-85507,-6729.6154,-25942,-30375.0969,1265,64611.6603,4947,13425.1550,-94827,42751.5452,-59578,29805.8763,-55709
-30700,-73509.6175,89564,-50217.9527,-8967,-55541.4645,19828,-76605.4050,87676,41737.5780,22267,80678.0609,20982,15992.0348,98632,35943.9969,19033,2861.2239,-3960,25920.8292
-28230.7201,27363,-87611.7584,-63832,-50908.6899,91348,-74408.3801,-95625,-76356.4266,-73859,19858.0697,82397,56657.5372,-11301,-69032.1260,62538,-29112.9931,-94746,-46982.9751,39647
84546,-20221.1779,-55824,-45219.3391,-2824,9454.3103,-29672,71208.5247,-14914,-75963.5460,-23789,87927.2036,-96044,-94231.7638,95079,-6508.3059,19377,-38295.0497,-71109,95255.2114
-83685.2601,4806,-63122.2513,-56934,-49846.1033,-87719,-8293.5347,66141,-99837.6476,59454,8149.8484,-13094,32021.8953,22677,37435.6369,93677,4789.5440,-76273,-47041.3718,-17585
23061,70132.9831,12839,45269.0459,-2753,60031.1451,-54203,-7367.0266,96516,-56799.3143,45584,-73337.6144,58791,12995.7963,52169,94686.6136,-12744,97969.6634,-68205,-4499.7729
-22913.6732,-26401,11519.0862,79276,-44961.6964,35772,-41576.2110,43022,95666.1053,36331,-36150.4780,17727,-55906.6796,68683,55348.7980,-31759,36548.6292,16396,32395.8978,35857
-21946,-72292.4395,-46687,63168.9270,69866,-16312.9489,68638,-85421.4718,20562,58233.6825,-4939,76419.4256,-1229,189.2600,1153,-31326.8860,98225,74267.3671,-26267,-10290.4547
-47670.0434,-34774,-59804.8825,-55276,59029.7091,80088,-4503.7289,80225,-58479.5297,-16876,-82888.6717,85531,20318.4233,-63950,11649.0167,-22032,65090.7301,95740,33017.9316,-43958
81339,73636.7947,-71004,-19829.9157,-24244,-800.5304,91158,81692.2236,-58963,-58884.7811,-44926,83464.3050,-91705,-30152.2866,9695,-79122.5857,99264,-82436.9826,87537,-68013.3310
27585.9553,13795,50699.2673,99310,-4643.0706,27047,80356.1524,-79658,-15384.1580,80781,-49977.9617,80604,51374.5883,54936,-68122.0497,69893,-19244.4435,-43847,-77977.6699,-99015
-77256,77464.1246,8474,63283.5156,-48637,-55686.5915,-45831,-99113.4192,89649,73107.9856,58284,-59411.4024,-10857,14893.8331,-62223,50849.2000,38171,33788.5511,-32605,-71478.0752
-74954.4884,53432,76950.4708,-6998,-78597.3788,4064,-5396.1709,-28984,89428.1187,-23635,7522.2242,-20914,-93704.5270,-40191,-61208.8417,-82400,19323.5324,-79247,-92320.9312,50448
23668,33803.7657,-73558,76041.8326,90754,-98321.7409,-77518,25338.9685,42405,64927.8125,-24381,88677.7677,53624,10062.2030,4214,52094.6506,-17466,-1533.0523,-75748,32281.7467
-60108.7954,50084,-83593.0396,-54543,-44039.1669,3913,86428.6349,11598,-87102.7037,-11007,-7559.1870,14874,-9003.0640,-43088,-4921.9984,-49895,55613.1947,48340,-45630.1977,-92334
-44003,-92642.8844,-24411,-18123.7443,-25402,-44879.1285,-84273,-82603.2965,95644,3691.5909,64328,-8541.4211,-65331,14881.7472,89150,12679.4514,93314,82909.5990,6419,-80217.9609
78780.3802,-25762,20113.5433,-86240,91932.3244,-3609,-82397.4122,93270,7860.2175,-7450,46814.8143,-88706,77728.5150,71567,83871.7544,-57205,-20544.2577,95306,48855.8150,83392
-47130,-80064.7372,64304,-42898.0091,78755,8219.1831,-71358,98266.3748,-31487,791.9971,43923,35696.8253,67901,-85552.7412,-33585,-76189.3614,-56877,17454.8815,-47421,-99691.4709
79619.5164,36718,52778.1055,-81618,54101.4655,-14473,-87751.6574,-16758,-28832.4263,-62368,-40692.8410,-7761,-76083.1288,4539,70512.4674,-58874,-24682.2610,35323,-99650.5607,95130
55366,-12444.3475,91486,35427.9665,-40710,-10463.9695,-94700,53433.2551,-37424,-24708.8429,-78146,94976.7577,3055,-79819.9584,4687,5639.1417,-39366,-12769.9769,45910,42707.5918
79278.3272,-55177,-83702.3323,33994,-7848.1516,1407,44087.1024,-24630,-88564.8206,72838,10610.4233,9337,69319.8741,61678,-98754.5210,33470,-47162.0174,87672,54768.8422,-4749
65855,-16250.0748,43947,59569.1984,26145,16938.0954,87354,-93077.0317,-37616,52756.3561,-47357,42823.3785,39637,-53289.5579,-6487,79392.4200,-41443,12075.0427,-64455,48004.6751
-14143.6438,-82541,-68475.8328,-14773,-41825.4863,-93969,-52372.8652,19424,-22300.2783,75557,-9805.6503,-56715,7740.4586,98219,79865.6838,-83757,-91582.3011,-74150,-88314.1014,45024
50558,56772.1882,13942,-31090.9590,-76044,10355.7194,56765,-17713.9699,-1973,71833.0645,-77186,-51282.0799,55442,74900.3211,-1462,5217.8559,97663,-98399.5692,99313,-84333.9316
-63426.0084,-64631,35542.3844,90261,-17029.1887,46045,-2964.9459,61514,-95166.0561,67101,38423.2481,-64880,8291.4528,-15525,-63477.7810,21386,198.6114,30329,67039.1784,-32940
-93475,-90729.7957,18597,-13064.2992,16157,54583.9604,29794,7167.0460,73059,32709.2177,84220,-30415.3764,48260,72616.7456,-68064,-16392.8813,7207,87297.3715,-94316,42873.5012
-3389.0165,54996,-64563.6692,-87426,-64241.3736,-87684,-72737.8573,51069,-39901.8926,-69176,-5041.8437,-64016,4099.2073,23721,9734.1758,36314,42279.0720,-87124,-35976.5643,-35589
77748,28909.5472,-75903,78613.8099,-36542,-51295.2432,64426,-65823.2908,14273,81222.2648,21773,-32930.9455,5904,-96511.9486,78075,23927.9357,80268,14466.7780,-44194,5611.3186
-90844.5857,21751,50657.6633,-34299,75747.3325,-83266,-92856.2158,74554,96469.9155,-86965,22787.6124,97484,55317.7745,-71709,27812.7875,-55318,-56616.9735,98874,-52800.3313,-1731
18165,4583.9629,-73672,-85275.8988,20377,3154.9625,-71110,32421.3807,-93474,95153.7868,16549,-62631.9801,6830,-7100.4330,50909,3612.1820,-93195,-99486.9904,47201,32191.1901
-99560.6886,-93038,15834.0014,13814,88185.8690,21477,20095.2400,931,66746.2803,39654,91209.2905,57188,-53600.7958,72472,10074.3185,-71535,36220.4999,33560,92293.3733,-10833
-67425,14462.6848,-28238,-58342.5534,-71788,-20783.2385,96344,78372.8044,-34410,-90430.8406,-69011,-22999.1196,-64591,84745.7616,-62988,77349.4840,10167,42346.3652,10189,-51473.0715
89710.3238,27137,-97392.8172,32776,4920.5501,-38887,14878.4781,-20499,-40736.9465,-14924,86747.4639,27981,-60214.4779,61210,-80049.3697,35674,38300.6951,-65176,33266.1526,88417
4917,-78572.4586,-1143,72351.4820,-24429,-4815.6150,79024,35275.2347,41152,16675.1859,-97291,76066.1614,-29489,-42011.9493,-98687,21875.8026,-23961,-31777.6382,22543,98593.3741
99377.0840,-37068,-11399.3337,-60949,65303.1817,12699,-88727.2385,42928,-44676.0151,-60258,-77615.9266,-65342,-5751.5828,-7810,-81828.9911,-36053,-33052.1925,-453,-58396.4616,-47482
-28264,-96478.7306,28549,81441.1657,76960,-2325.3132,-33771,34358.4950,66440,-96095.4693,74897,78540.5855,-57814,-29626.5906,39527,-47872.6478,-73454,-75584.7051,-31977,39922.0025
54245.5150,42616,-55992.4969,74718,25821.3687,4161,75595.4735,49535,73182.9175,-82243,88623.4749,24790,74051.9921,-54948,81492.8978,76828,77064.5799,12260,-8180.8347,-11368
-6381,54715.8301,94975,62996.0429,-74583,59664.3116,-25512,37856.8849,3087,31891.3439,92603,-64735.3520,-79520,27463.7993,19499,33086.1874,-5823,45998.9763,36253,6511.8842
11050.7222,-35039,-94950.7133,96694,-31226.4177,58658,36357.0714,-75232,14839.4678,-18540,58098.3583,-15215,45826.5027,32114,-7327.2905,49130,118.9907,66011,76733.2049,-85536
-76442,95040.9970,-52777,-24863.6340,-15232,-22552.8235,-13422,-94797.7365,-29059,-33738.5847,-19282,22286.3412,-66171,29952.8716,-4115,2972.7408,-89796,40387.6630,-48029,80959.9258
87120.4669,-6929,-24935.4491,-76070,5310.1009,-54097,-48757.9669,-71529,-60876.7891,34235,98426.7263,-82525,-53481.8201,69813,-38904.7733,16995,86641.5481,-74954,-83562.7202,-60591
-32435,99619.4632,-28424,-59036.0300,25363,-62001.6139,-68080,-98202.5830,40481,-80830.9216,-29897,-90928.1540,-67679,-28941.8068,22327,85111.2312,76367,37627.6559,63709,-63446.9284
-93043.3382,-60242,-79473.2763,-23798,-72569.0848,32084,22708.8787,21948,-90434.0237,38275,94925.8119,9528,36281.4757,-81881,95167.5354,-8929,99308.4547,1762,-23300.3915,26475
38725,-57122.5792,25438,-41249.9645,-8459,56651.4165,58504,17059.5599,-85658,19232.2901,-14178,-42917.6454,10217,-91478.4722,52646,-7872.1388,40640,16781.4747,-7263,-59059.0627
-48970.4132,80224,-84339.7767,66987,57370.3085,-13748,-96012.0367,-88577,-97414.3562,-6297,25960.5517,437,15428.3116,-32556,75063.3486,-8999,41553.4228,66420,-72215.4157,-35315
-86920,-71582.7025,80875,-98943.6012,28895,23387.7450,-43185,35599.3522,9189,-21411.3189,39922,6377.9251,76256,17510.4336,84389,32939.3412,32365,-97877.0073,5738,-27997.5654
-87934.1585,21582,-99713.3092,41288,79243.8617,-15022,44027.6581,-38333,-5869.9378,82746,23826.1574,96045,63957.9716,94131,-79922.0455,-90700,40312.9707,-98068,18843.9167,-50870
31907,-54176.3795,25845,5009.7622,-98179,-64912.1992,64908,53484.8114,-53618,72355.7274,-16149,12987.0256,-62887,12600.3170,5482,45494.2247,-99039,-79012.9035,42341,30614.2452
39273.1027,-2874,-75114.1591,-10533,6320.5471,-8646,43625.2015,96696,74020.5703,-29202,-96715.4280,-38587,-38727.8018,90592,-16377.4153,12922,-30711.6224,-67216,-33194.2653,-67389
-16854,20142.3313,-88595,-57779.9901,-40968,-76768.7761,86178,-91548.1684,-15924,-69885.6217,-44359,-22460.9595,57924,-77826.1041,-92675,22941.4103,-29754,74561.3220,-68613,65885.9079
38483.5468,31595,-76249.7679,-71580,4348.5874,-46141,82835.4562,-76276,-14340.9050,40656,-98233.0913,-57602,-15653.5102,-78683,87035.8622,-36096,-50910.2707,-3541,-77834.8438,-35550
55378,-8190.2422,-25830,6760.7555,-31855,12075.0700,36488,57412.8840,-57378,41994.6840,55430,82855.1847,-58596,-73748.8419,-88513,-99047.6417,64364,28154.0425,-10257,44419.8778
99438.2548,74560,44838.5089,1470,-43871.2756,89863,26674.7861,-42877,77159.6681,-37690,14909.7024,-35226,36324.4839,33553,-83151.0186,-29070,-95593.2615,21142,-99341.6213,16932
52278,45229.5056,-58369,-89480.2063,96208,26717.1339,88090,-28322.3691,-96517,-21688.0555,20407,-74347.3210,38967,-89245.9948,35734,-62578.8170,-67090,-15278.6945,-30111,71802.2010
93960.5078,-2404,21425.9228,18126,-93653.6976,-55185,-37508.1987,41601,-17876.4434,74999,16827.0312,22107,92818.0279,-95094,-19264.3317,-19446,-78085.7618,24427,-11311.5206,-26400
63260,51405.7947,74359,-66298.2317,-34464,74111.6092,9373,-19603.8104,78112,-15798.1833,-79279,28845.8982,-30418,-74281.2193,48301,69383.4568,-74501,-7422.3270,-19372,51179.4685
18677.8434,14729,88953.0881,-52337,7964.5104,-54137,-11015.0151,-35011,35912.1710,53995,79362.0971,98212,-11846.9519,64063,79881.6490,-65061,50683.3041,58096,-36058.2204,-58519
-3089,33424.9758,-67390,69230.6750,-27078,2612.9659,48495,86886.7135,72005,-30517.9482,72713,-21655.0347,-30101,55675.8305,20136,-11415.3294,32841,62930.7893,28516,-62745.5953
60634.8658,19135,-30155.9339,-41561,-63063.1655,-26218,-37405.3515,59074,65562.0844,-66346,-86380.2258,-58015,73137.1568,-2942,81356.4970,-85153,-36175.2547,36869,12733.4764,-48829
34943,24693.6623,-18325,81867.1967,-52364,-21619.5636,21437,55413.0776,81126,-70539.1390,74042,-63342.8031,-74650,5107.8822,-28693,-38677.1858,-61767,97574.7618,-63770,21835.6770
-38432.9659,82106,-55586.7256,92745,80601.3188,47180,-73644.5810,48149,42781.2675,-757,28.8055,39777,39786.3831,-62199,58536.9651,86480,-82092.6751,99500,92266.6288,-22965
6858,-6361.9324,62637,-63484.7724,42846,-54438.5103,-7819,28504.9718,-77741,34848.4104,-89661,6598.2250,-71760,34955.3662,-88464,15169.5919,71064,-28142.0402,-22782,95994.3814
-23573.1748,36077,84253.8999,22595,72618.6317,46254,-23289.9828,-85020,64845.5479,-51101,82543.3261,76552,36363.5381,-8120,49371.9177,24994,-90252.7364,-95170,65559.4770,-80542
-39597,71809.1056,44203,60868.0274,52022,1464.6324,-69765,24970.7810,-46457,-62328.3220,-82550,-43372.3171,-86487,2077.5486,-72236,-20732.4888,2305,12751.1135,-2076,-75597.9130
13543.8456,-86011,-20525.9088,-67691,43968.7454,-66038,64234.0751,-81283,-21086.8299,96687,-23769.5633,15485,91113.6866,12165,-94732.2910,30894,34643.0738,61535,92685.3724,-3436
98304,-9411.5841,40440,-37078.0028,96277,-49856.2120,-40773,43341.7461,10896,25355.3338,-28659,-40484.2022,30885,77971.7237,-38087,-15545.6289,-93260,-70753.3286,29840,37568.2428
-8266.7529,43786,-51865.9503,-50832,88078.7120,-34181,-3912.3515,82251,45147.0546,-44860,-55316.6496,-38828,46895.9062,-27872,26054.3454,56471,-26882.7997,30520,25108.6400,58190
89221,83398.0431,4255,-58473.1711,-30891,-52563.8242,4296,-37765.8109,64737,-34574.7082,45128,53141.4018,88170,-56425.8443,-12713,-85918.2707,-19349,-40430.9019,267,75042.3151
-3486.6304,74027,50933.0666,-36980,-73186.9156,-72565,-88760.6387,76166,17892.3181,26170,38279.7492,147,37604.7684,19598,80544.5843,46980,82009.1411,5133,50744.1786,-44501
25780,-68007.9691,-37773,-6752.1268,76727,49291.7149,57360,40942.5561,18422,45177.2275,90959,-94302.3148,9017,-37831.3412,17205,-99202.6897,92208,67203.9708,18741,-905.0151
5718.3463,67429,-98748.5449,-22649,21465.1643,60456,48174.8377,81275,-46559.3050,61523,70024.3979,-60228,21457.4136,-37862,-94345.9211,48883,-79853.4701,-61548,-23270.3296,-1776
-13482,86002.3467,61757,19875.8155,2849,-24651.7121,94601,-88231.5146,67556,19839.0373,96143,-85679.3995,25204,-83045.9693,-8149,-67494.5607,-6703,6955.7792,86851,78452.1000
-35048.7826,-23711,57052.0296,-45991,29489.1305,-27317,-58416.4100,-33714,85870.5961,60021,-69883.3195,94984,31868.0360,-86490,-4851.8643,26799,40141.7343,84754,-54400.8809,-89253
40940,53146.8263,-37257,-8760.3797,-77578,41491.3162,-5727,-54712.5814,39075,11003.1412,74494,16515.8816,-34242,53472.8546,-24081,-43463.6275,65454,-82998.2481,19888,56004.4140
49153.6410,73259,93120.6708,-61369,68235.6434,14360,-43221.4145,-9018,68642.1298,10050,66076.8728,79183,-22580.7683,9671,-83385.6969,58520,-2372.5312,-83563,-19575.5318,27755
-15635,71597.5628,-4032,-25068.8801,-5770,98638.6912,59861,29319.6047,22377,39255.6882,45772,-36700.7568,-56880,-24778.6935,45166,6295.5795,-49711,-87626.4314,-65249,23047.2342
39144.4151,87078,-72731.6183,50173,31194.1215,36165,-72111.4910,-74099,94309.3578,56747,-30295.4896,-99620,21043.0199,4573,42971.1216,36607,-97144.1024,-61732,-93573.3831,93220
-83326,-49826.8937,45405,40647.0354,97855,-33225.4923,44374,37430.0392,91388,19844.6072,79334,29825.5203,7759,68963.7792,-41059,-1861.3868,-18217,98181.6319,-3577,8915.4139
-77496.6473,15255,-53292.7533,34496,-36897.5126,88280,45269.6778,-52025,-57698.5236,-74946,1093.9621,61783,-12809.9832,-58251,28885.6465,-76491,16999.5009,-26976,42005.7264,52468
77246,-82619.1879,32481,97423.5093,10362,97584.9032,-88840,46270.2166,-27001,24502.0542,57081,-34767.3802,80126,-95785.7725,-43487,25336.4678,13831,-98321.2542,-98696,-96468.7507
3457.9763,72293,99639.8880,-68207,59161.2004,77188,-61954.4412,65520,334.5403,-41108,-63577.8326,6165,-34467.4551,-64195,5147.7009,25633,-18492.0925,-20299,-2677.5676,90245
3771,92534.7380,314,11325.4912,19863,-64538.1706,-58572,-45842.8738,8066,-95511.6059,6219,97649.5579,-79290,66767.6570,-96125,20664.9950,24550,71982.4177,60601,73995.1883
67014.0225,48930,79546.7193,78604,51140.5762,-73002,-83652.2269,99627,-66157.0637,-2863,-61823.9710,-70016,-910.4129,-21061,25877.2363,15815,65714.4642,54969,81317.1732,-38973
85522,-33620.9213,-20339,-37315.0957,96154,23111.1842,-1141,27699.2704,-52001,-17483.2409,-41429,-30883.9953,-5100,-1819.5210,7238,-6844.1741,-71678,56643.9539,-24452,-94412.1485
82934.7842,-91224,-3387.4565,25859,75484.4494,-46269,-52585.5778,80372,73638.1243,12932,-90522.8111,65135,-83169.3652,26644,-8033.0688,56029,12650.2723,59830,57410.7876,-85074
69110,87944.9015,60447,90772.5465,33309,-65236.1504,-95667,-84543.8602,-44921,-43267.0523,-9982,-55768.0513,75320,-94304.4219,54538,73132.1926,97268,46822.7271,44712,99258.9572
-49048.4117,52862,2650.1271,-55848,-31745.5615,1211,-29516.5383,22670,-78064.7053,-48270,45006.5024,44938,-36452.0208,-55384,15051.3960,9263,18802.3313,75591,48844.1562,3677
-35471,43272.0345,6888,89312.3468,42938,-59983.9531,65017,86976.7678,-54713,-87443.8699,5820,21585.8821,20184,-15617.4825,-76961,59984.8587,-92769,18205.7058,15051,83940.2274
-47661.8564,-77616,-80245.0650,46110,-28778.6046,-34182,-73790.1396,36578,61687.3712,-88621,-12939.4076,86856,-50134.0087,-91248,-13684.9636,-25667,81732.3301,78316,67871.7183,78245
-33274,5052.3513,75631,81813.3152,471,35167.7036,-84769,64046.2323,-19418,-26402.5991,-33915,-24910.4470,79635,-74002.9900,-95480,-5225.5650,56375,29957.2037,36755,24739.7126
84211.1285,58165,-16257.2158,-22205,91250.1590,-68940,15441.3111,16632,31112.8518,-47958,-79404.6108,-82948,-10302.2449,-32597,-61877.5839,11838,69683.0854,-69758,-59009.7240,-21869
52718,10213.4952,-40042,-46055.9918,98916,-20340.9004,-9383,1265.0897,73901,53008.4330,-71686,35653.0291,-31549,9430.5455,66962,71046.7399,-73269,-40739.4850,-30364,25166.2728
34861.1802,-61252,63447.1973,-69795,99108.8333,13214,-29988.4550,-52092,57981.3807,55633,-63506.6720,-39397,71755.6396,-24203,-85076.6188,88502,-6726.4064,23546,15153.8540,-88524
78474,38844.5247,57019,-60089.5365,89493,11061.4665,95672,-11763.1063,-50693,-84529.1035,56121,-50081.7060,-34174,-90602.2348,-83054,84360.0726,-52046,-37314.2998,61858,-90301.6896
-86748.0697,-73845,23235.1116,50938,69531.0996,-61521,-28082.4839,35965,-53734.5059,-81372,-41240.5438,8020,91134.9046,-26878,-34960.3057,-42707,32100.3401,71756,-86469.1351,22293
-32639,29273.7021,6333,31732.8897,-31795,-90792.7138,38066,82171.0968,-57977,22907.0309,-39437,-96801.6665,25576,88816.8673,-17406,95342.1310,86038,28974.4404,-92138,-79054.9624
-9722.0529,44347,-87845.2119,-63052,-17131.6662,-1950,8565.2585,10135,81715.3587,-70544,-1124.7774,44771,44485.8461,21580,-93164.5328,-96247,45995.8928,33866,-3022.2202,-29357
50481,14689.0761,22017,-93873.9779,-39467,32911.3838,66387,60030.3352,23264,-31910.4943,21516,-76699.6990,-47862,89565.0547,-61714,-73231.8663,-52226,-8375.1471,630,-58751.4196
15815.1627,994,-83668.7541,48657,-44637.8965,77740,-63982.3833,381,7484.6600,-78828,94859.7626,-98170,65100.9664,41031,65435.5243,-46050,-83647.2032,97406,35217.3343,-31179
13018,-31111.1353,42841,-14542.2693,97822,28036.9475,76408,-25893.2754,74797,-78141.1772,-52798,-78532.6866,6290,40995.7749,43309,-2984.4321,99047,-52710.7229,83789,-95461.8629
-80899.8660,40156,21340.0357,30160,84882.0217,-46442,-87160.4798,-66613,-58999.4999,-96085,35744.0727,51368,-58457.1534,87610,78894.0402,-132,83810.6223,-43056,-64016.1069,-71207
35652,54870.1846,-78449,-85693.6970,558,78893.7632,84330,-73385.9905,-72163,64976.4797,-37463,-41732.4279,59542,-65282.4334,-4789,85546.7334,62208,13565.9616,11231,79322.0285
28461.8467,-93172,-62595.6993,-39526,-63947.2117,69607,-38628.2694,-24538,-36223.8799,54972,35326.1878,72041,7701.8357,-11731,96131.1147,-11101,80016.6573,74734,-23841.1854,-27449
-76169,-30749.7955,68772,11415.7718,-29121,38810.5557,-38422,8106.1119,62101,48583.0133,55212,17148.9832,-13236,34678.5093,-67680,43814.6088,13823,-52375.7410,89423,-98790.2002
-27194.1705,26004,74948.1745,-5824,38366.3793,11827,-11904.2357,96320,-90823.7603,-45056,19418.1224,-78546,1272.2266,87575,-32966.9515,97065,43403.6880,58858,-97570.6628,-9399
-35792,-59006.6343,12043,-76925.3904,4440,42356.0225,91037,95874.3537,51230,50713.4541,-94,21039.5125,27885,64225.5141,-31916,-75548.4841,-7723,63738.0620,39368,70501.1102
-82486.3933,-99233,-42230.5127,-10848,-5219.8257,47461,32966.1706,-63704,-86726.4615,-79094,89070.4572,-8437,28936.6648,91237,6751.4785,-26363,-96421.1280,-32524,-64331.2641,37538
87271,-34797.7803,-11399,-51766.3755,34666,-83546.7768,30125,-41849.8338,-87625,-30969.0231,-48309,-80924.5850,-55605,90107.8791,25859,20609.8648,-74831,-2738.4967,50436,-44586.9546
93860.4157,-66337,92009.8571,-42112,79001.2308,50627,42876.5543,-10232,-40295.9894,-10400,59448.6931,48843,84377.3512,7717,-51614.7398,88649,-79151.4448,-59634,-73920.3547,26908
81533,5607.2092,46078,95089.2503,12713,-58043.5029,-95095,-32441.9248,50320,-3623.0013,-88364,21849.0601,-74111,34569.6085,73706,52053.0515,57205,70173.8523,82659,-24220.7786
2176.2050,39825,-94885.6195,-83510,-72324.1357,-7807,58258.1564,-22420,11875.6930,83526,-68349.8949,-10037,79501.6502,76868,-9494.6164,-54664,75273.1773,-86507,46408.5225,-44812
-46216,-21573.2486,58118,6861.2628,70790,41450.1126,-25176,-227.7367,-42739,69027.3105,80405,-92039.3991,29019,39409.7527,32365,28269.5181,-69247,-41248.2974,-93190,59336.9949
-32405.1591,-62476,-17537.5463,-47186,80707.7887,15637,28935.4242,4547,-32486.3878,70427,81196.2389,-38725,-23093.8091,-22127,-54488.1935,19739,69146.2579,74889,32312.3323,-2165
-11774,-9409.9934,97804,-49668.9229,13257,83503.7627,-71942,-23759.5793,39578,-75539.8521,68099,86341.5801,11836,71174.0726,60234,-54871.8436,61571,47842.4619,-57958,3172.7521
-50826.7193,-28544,-65660.3253,-87398,40606.9404,22108,37933.8878,67152,29663.5954,22483,71728.6456,-89121,-87072.8188,-66761,-3050.4790,98747,75935.6969,4406,22671.3948,-77789
-24246,19731.4519,50818,57426.7403,68729,55420.5553,82984,31450.8645,-23990,-81615.8334,20320,-30024.1758,-35388,47238.1644,-43643,56847.7967,-86822,57373.6795,23584,-66699.3260
-76243.1497,-71543,69754.4494,75419,47081.2032,-59517,-15427.8257,11986,-21513.9667,65754,-25681.9504,-75937,47718.2299,83661,83326.4263,-74926,19319.6149,-21354,37974.5617,11183
-52483,-29883.9163,-92631,-57515.5136,2211,65466.4010,21837,-28137.8983,-37428,75106.0411,-39988,-6380.5632,37365,-5595.7963,98108,34359.1392,33541,-96956.6893,-95167,16656.8745
64536.5757,92223,-93213.2148,-66242,68733.2478,93249,-4753.5006,-79258,86932.0847,-76402,10738.1959,-48442,32841.4744,64962,-19447.9070,17333,8253.5471,11196,-13981.6448,-10653
71297,-76822.1446,-12218,61651.9194,16224,-44380.6699,49905,80205.7481,52582,-88690.1310,17745,64638.5092,-96889,-11793.8388,-29102,-69435.3690,-10093,-47528.3964,-75326,90608.1103
85388.1431,47043,-12566.0917,-90314,82328.1489,2599,-27582.0737,-40869,44831.1040,-92904,28873.0592,-75387,99428.5316,79833,16820.1671,61477,96843.2560,-27840,26011.2254,-59130
96327,-77782.8668,-54487,62955.0275,-66947,41229.2562,87707,-61247.4758,-82094,-54632.7817,91109,-29870.7077,55556,45193.4289,-677,77146.2651,-76855,-75883.6744,-61472,-68109.9739
-59305.4769,90809,4646.7733,56591,21042.1236,-18551,-94515.0938,-73336,-82595.0826,90989,47770.9333,-63095,72560.3130,-48566,-97951.7608,55028,72668.0711,70857,71599.6169,-25252
-68358,-53447.8767,-32340,-2984.1525,8676,39501.9761,55872,-75664.0994,-9763,-3645.3126,-46472,-60974.2162,874,68510.3370,75810,66257.9652,-29318,42664.4337,-18156,78725.8675
-92165.2147,58853,16422.6513,-51609,87279.8013,10634,41692.9407,94772,78119.1983,-60239,36946.4658,-38717,-71529.5290,-7104,-69095.5745,-20928,-64554.5797,48875,48336.5843,-86715
82241,90906.5454,35412,-13069.1155,-14690,-28228.9021,-33277,-31188.6670,-80070,70473.4244,-51120,94898.8804,64387,-3636.9245,-17941,37488.3012,-19253,30372.2384,-96789,-25906.6527
93907.9671,-62293,41534.4015,-67337,-29184.3480,14142,48969.6258,38057,-73869.1658,-72334,-69979.6397,-97327,1004.3908,8966,32927.9522,59097,-61416.7744,-36098,-76162.7255,-19190
-65081,53150.2507,-39859,46230.0455,37025,57585.9736,-99105,-98831.3022,-56443,28474.8367,-71168,50654.5663,4213,-76539.3510,7352,-3862.1807,-82597,-834.4347,20562,98348.4160
-29597.3005,-37835,95101.1040,-61859,16266.2196,13679,51509.9931,-47688,-69039.3572,-20122,15710.1335,81831,30819.2982,17839,-53724.9901,16917,-53737.4550,68212,-70261.0445,74186
65347,-63459.9638,90800,81730.1977,-58058,-62866.6838,29468,-35048.7688,38027,-93786.0214,74623,91350.0300,17277,55033.0145,-68150,45030.1732,27388,-32074.8931,-4138,-14565.5679
17992.3712,-96866,28840.0597,14082,-25020.3747,63613,76731.6177,14016,40276.5095,-78080,-19323.8493,-38735,-80261.1259,38286,-73307.4353,86928,91257.2336,47868,76552.9110,-42970
7894,-58388.4854,-57488,-23284.1570,-7270,-47810.0650,-86257,-32086.1526,13632,-71085.1087,14839,-15168.1066,39482,-64050.4430,-17949,-46660.2296,-75572,-97305.6416,83777,44585.6798
91970.1241,-58931,-39735.6639,42037,95096.9197,-30755,43464.0193,-70833,44402.3393,70157,1921.6296,-75225,18276.5046,-47389,-54967.0542,40600,-26505.2471,-37822,98837.5121,8726
1143,-93754.3658,-84205,-94673.8152,58410,-40151.9897,-38356,83318.0386,54692,-54470.2844,-82690,-66164.3926,23241,-37344.0822,-67578,54243.9241,23966,-92762.3258,1029,45956.6087
47919.4627,97877,-60192.1853,97560,-56477.5980,-65722,-68241.6108,15621,-62616.8162,-38389,70980.6869,13275,-88953.2755,-48905,-80128.2962,11823,-38786.9453,37327,58923.4117,-29863
31138,67753.6808,57652,69949.9825,62735,77367.1226,55493,95265.7314,-87544,17954.1494,-18849,16582.3164,49063,-23538.1193,-33324,62202.7098,77756,66703.7555,-88715,71900.5453
-8892.4277,-23034,-15750.7101,-13352,5148.8069,86699,-93282.2509,10520,-98791.3844,83382,92861.9822,28490,-71313.3939,-28683,-21972.8613,53522,31992.0258,-21609,-35258.9885,-50590
89829,67211.6781,-78881,49070.0025,73796,5646.8061,-4723,48559.0339,23420,-49987.1276,-31624,66391.2995,4744,22231.0928,-9559,2266.3360,-6702,31321.9421,61338,-91351.3339
7059.0735,-34357,76109.0719,91907,-57307.1047,-22956,52501.0661,89141,-74665.0524,69314,-35870.9690,-78055,69761.9279,77477,-54389.3530,40298,90979.6402,53205,21486.8655,-51383
-88120,44306.2388,-6515,-42493.5149,-34749,48717.9713,-81683,-15958.9207,37952,18270.7615,78373,70059.9047,24701,-54055.7715,-72159,-95557.7950,-75155,-4574.4633,-7238,-97445.9652
-36170.8370,75609,-69051.3671,-29932,-33923.5686,-22893,-96310.8172,97067,12599.5420,24578,82509.2507,-18825,86131.0631,9721,-3778.1418,-98733,57922.9849,-84020,51694.6339,39009
2628,34947.6300,-14406,-60826.1596,76609,-27179.6911,-27681,-5590.6598,73631,45784.8805,-58441,65615.5387,76229,59900.1791,-61776,23027.2335,67663,32731.5321,53702,82394.5427
-66518.9452,-89616,89513.6396,-37931,-36304.9780,2175,17989.8404,-85125,25619.7739,-71996,10690.0076,34367,28145.2148,23175,14135.9987,9212,-80887.1233,-96663,-91981.4429,48836
91957,-44871.5289,-487,-61294.1943,-65019,-37605.8305,21934,-85134.3718,30608,17093.9258,-5019,15739.2705,52587,61322.8881,-56921,-47650.7029,18695,-87774.0620,-56405,54734.9223
-82967.9973,-93142,-41001.3625,95555,2938.6229,25657,44146.1507,-42941,-13380.8459,-2998,-80167.2318,94092,66325.3177,98861,96796.2000,-78348,-18134.2004,34177,-97664.6318,-47239
32472,-72049.0482,24544,48097.2210,84077,-15155.5638,78942,-72919.3431,-26521,-65256.0292,-69503,70886.2793,80776,75826.4127,-88053,-77191.4226,-79461,-90327.3318,-41996,-20572.2589
51491.1367,54235,-34227.9803,2921,43857.3106,-22199,-50587.9140,-9505,-48631.0130,82639,45690.3133,-77872,-55050.7345,31853,90247.8851,37621,23958.6230,-193,64080.1937,-36066
-19062,-63909.7743,-37007,-88369.5129,-92813,-79904.0636,-83630,-59226.9346,-86988,91527.1945,64481,-74965.4423,53062,45243.1615,-39801,69605.3181,-92195,25657.4898,-72697,48445.0365
-22263.9265,-31472,-53270.2053,66883,3517.4360,63904,-81947.3404,24948,-16688.3762,-80285,9509.0039,-68566,70211.6949,-39750,17402.7125,58408,21769.1396,10955,-54797.6446,11162
49135,40863.7529,45815,78561.7370,37615,-68918.3123,-98662,65540.6997,43393,-33328.0598,52894,23487.2332,78273,11476.4501,-8143,81069.3530,-44915,34673.5270,59236,-62857.2056
-80422.7327,7238,-91169.2123,-8760,17268.7793,-91847,-23304.3360,-27418,-95429.8803,37180,-53418.0739,-52278,9991.8204,-26875,-36955.0364,24612,65441.2633,-89613,-82852.5877,-77327
-54604,-41393.0422,49017,75053.5330,-45712,10671.0564,31455,21300.4910,-48101,14689.4961,-32422,85494.6753,83629,51226.5289,20473,-32940.1057,-88319,91021.8124,-77046,27550.9775
-10390.8159,96421,51153.3354,61407,81194.2849,4136,84456.4416,69891,58058.2395,11905,35458.8347,45617,-95944.6009,-20613,-15935.0123,55427,-84173.8814,94638,10035.7008,17862
-42590,53682.4923,-1622,-97910.4723,72235,-34999.1674,-42100,7399.8060,-82126,-71230.4376,33413,15420.1992,69939,69427.2274,77044,87044.9387,68632,-3324.5955,55659,63873.5321
-82308.5367,61902,-8711.6569,140,-65505.9173,-80570,3924.6113,-61918,-88117.2585,68060,68462.9699,-17854,-90800.9040,26792,84499.0573,-83285,26260.9888,-63276,-86119.9389,-18919
-37798,-72454.1874,52132,-44052.6232,-72900,14934.1886,66052,75552.0738,-47029,-39414.3406,-91827,-27860.7901,73266,13907.8845,-34488,18312.4714,70165,-11681.9176,-68935,-92580.1614
-61493.6162,-54558,-65962.1671,36039,56422.4198,-9612,-10399.2774,37085,72494.4061,79474,-25641.3662,24483,66196.4552,-44275,-91953.2492,-23595,-53600.8867,-45112,88762.9173,-27323
-59980,24361.8555,-37246,68721.1123,-78342,92840.8361,32264,93660.6590,93824,18265.8389,-826,-55457.3611,-65701,87347.8930,75386,-11225.9584,-43931,-63180.0126,76942,63322.4465
35327.2742,-61882,95733.5684,-82119,-36501.2091,-26225,60548.0513,41485,-49873.5021,1158,-67819.1014,-9354,36626.8527,61389,72778.6127,-7871,-83996.1749,-32594,-85877.6238,2430
-55413,44629.4638,-26141,-21958.0736,-14352,71339.5504,5107,56552.8980,-21392,-84723.0616,-17459,-16561.8028,45384,-51193.2195,-71379,49158.7138,6066,30572.3211,6447,33897.1500
34431.9305,60425,69446.9124,-37848,80168.9608,-20353,68616.6082,-39086,-40445.7954,69470,-89706.3941,7688,92633.1756,-94148,-1855.5947,-31769,-44674.4039,82047,-57761.2235,-91249
20735,-96813.0500,-11829,99603.5299,16125,5573.1028,96229,68611.8756,52113,93671.7192,53628,45660.9934,70882,35137.7082,66880,-96964.9329,19247,-26847.6130,44083,-46396.2964
62428.5713,-2194,-29081.7241,75243,77028.5016,7408,13175.6541,-52332,-73221.4801,-47669,67043.9254,-91845,-69392.8893,-95322,-90704.8259,62499,2011.1854,36856,45210.5052,2336
7796,90058.0000,48655,-1053.6955,3400,14167.7363,52646,15695.3095,65899,-8839.3193,-76241,-44436.5808,-277,43962.6542,-76842,63110.6873,85924,95895.3577,84452,29349.9480
-24873.0311,-92310,-60.3445,-15499,-11321.4563,37148,-62411.8105,9278,19191.7133,71778,90017.6311,82781,-71519.9991,-90376,20830.8328,43879,57945.7328,21235,99.8225,-49864
95621,-71110.8527,-90039,3514.4067,-95537,-99629.0355,-87769,30170.6906,44274,-65002.6996,54250,-43415.9682,-83105,-74355.6897,26229,-46960.8676,71284,-5090.4706,-23985,-79788.0778
71251.8007,87189,-29777.0135,93522,55444.3557,-87557,-71688.9870,-57663,-4114.7148,12382,74470.6942,-633,-82534.9979,94522,72410.6929,11559,1661.7017,-61561,-96423.5868,37801
86993,9237.8539,62127,-99138.4509,-15692,99184.3021,6748,-69051.8847,56753,4215.2403,-81503,-81951.7731,68462,28767.5872,13195,50082.0018,30511,-81956.9876,39387,-70420.1433
-76112.1707,95368,-40684.4284,48478,-58263.9525,-75336,-47302.6400,-47943,-85118.0540,-33380,-74800.5305,82331,27889.4659,45362,15179.2882,90611,3204.7450,-82627,-92933.0132,-13838
-24611,-26295.0210,72883,66383.5451,-73548,23151.9117,25613,-16311.2699,54917,-28515.2858,-16802,-84436.0099,95218,-35061.7250,-45317,-9273.6063,30421,-72717.5409,-29250,83794.3478
84681.7036,36273,-4798.7350,-87323,-25020.5912,76397,-2577.8421,-6748,83716.6391,-18724,-5199.3962,-82558,-48973.3576,55519,3993.0077,-63694,-653.2019,46340,41690.9162,-2664
-5927,44908.5672,-30004,-79030.3064,65420,36715.6589,45301,7214.8040,-22646,37458.1145,-56978,70926.9307,31976,-44949.0390,-96961,44107.7960,-93791,-36289.3500,-6019,-30391.6587
22623.6125,18247,-6224.7726,-80853,-99262.2345,47794,75777.8840,35460,-7198.4821,-21350,92498.4199,-92497,99505.6901,-49868,38282.6318,-14018,-4377.7361,-33676,68008.3238,91677
25238,-73875.3153,14372,67493.0346,-92013,6124.4962,97058,-28223.4400,26083,61064.2781,59085,6749.8757,17522,72370.9505,52011,-27268.3348,-31123,-43374.3320,9477,-65342.0290
31358.5111,93783,-67493.0520,-7799,-37787.0035,82501,80467.3663,75571,81048.6167,71594,-55542.8359,75994,-79397.8104,2875,-73901.6908,-2672,69501.9873,2605,-26416.8148,-27889
-80571,87464.7361,3843,14430.1633,-51223,91750.9149,-59196,56055.1329,86416,-70570.3968,96043,-97440.7168,-21399,81495.5987,17503,9943.6465,-56247,-30048.3411,5538,11305.7925
53061.7155,94335,-32662.7858,61925,-49553.4030,-34599,46600.6921,52111,-6817.8767,48649,-5395.6378,27162,26942.2925,-8858,4712.8462,50350,-26080.5522,-84559,-64821.8615,-50822
71426,-49146.0529,21972,93642.4675,-48992,-96775.1560,-58750,30860.1946,-30292,-38182.3905,26499,89826.8803,38283,6201.2085,60666,20848.3902,88222,6661.3468,55881,-11744.0801
16373.2978,-65389,12448.1477,10012,25845.3198,-44196,53481.9897,-34995,24994.6062,53647,-18322.3141,-36090,82150.7310,36285,-84125.9070,-78628,49601.1217,-99574,-921.0775,-62307
-21931,-11887.6760,11877,53038.0234,89693,26410.9091,-53409,75868.1250,-15235,4464.8659,25999,83464.5197,-28910,-13027.3286,-23727,-13521.3186,-31349,-68183.0592,38484,59106.4737
45723.7687,64381,59346.9713,-74351,38115.9341,-42704,-6046.6257,10564,21716.1043,-43608,11755.6125,69861,81340.1058,13834,-65122.3064,82668,51894.2252,-39199,-19620.9364,-75252
57015,8499.7015,-93017,67846.4062,82502,-71153.8601,-70807,-38672.9228,63363,11314.7139,90200,69338.5413,59084,-42984.6402,85832,-5548.4557,-64762,11543.5876,23876,-70464.2988
-72240.0659,-84451,7960.7348,19211,18983.4763,-46463,-76080.4042,-38433,-21225.4370,85882,-36155.4366,691,-16569.5131,50197,-26339.4559,98446,86029.6243,-71887,9777.5823,33655
-37201,38800.1846,22597,-95311.1957,-60053,38814.7114,50493,-36279.3951,-64741,-92706.6781,-2666,-43914.9604,-15012,7403.7598,-76765,-71101.2672,16453,17036.0835,81363,-67215.9090
-67347.2722,-47024,-6519.7133,82917,8381.6800,-21550,-99666.9388,46480,76912.0056,-57127,4532.8214,-53184,-65952.1209,-89071,71304.5614,-22993,-74233.5372,-53260,-55902.6799,82725
-97063,93634.0363,-89492,83952.1153,99159,-9113.7883,95420,-9764.8287,19237,-37485.2715,-12711,69886.6114,-22964,58510.6703,42866,-42005.9845,12342,31502.0383,49114,65480.5464
-66700.8989,-88302,-98183.9984,-5784,11425.0082,-83104,48673.9548,20583,-85068.6464,-78711,21838.3071,62165,57516.5966,41735,75692.8349,76777,89387.1192,86597,63338.7768,-17371
68799,99764.2392,-30117,14017.1404,-6775,-70329.3658,99992,42175.7158,-69816,-12343.6481,-63374,-54108.2979,-62022,-21228.1599,-25980,23258.6817,32233,58369.7754,46038,-36752.4674
-41142.1220,-64029,21915.7837,72128,-53226.3523,-59791,-24573.7921,89440,-76259.9683,34336,70228.6949,-86072,-94094.1643,-71894,-1272.6386,-34936,59954.0253,15136,-44316.5239,19544
-85499,-73138.3269,73646,73966.4529,33445,45273.9439,-14710,22133.5915,-79653,1853.3523,-49060,-51303.7151,-1174,-6145.1847,85515,23637.9394,-79002,80914.9150,32409,74989.0895
-15129.0333,-4732,91377.7477,23914,-78080.4329,-44507,-9811.6725,-9307,-65990.5579,-8952,72709.6585,-65227,68107.1781,76578,47074.3506,31204,64704.2157,-22967,-45397.5356,40271
27860,-17650.9769,-71827,-80196.8286,74411,-41235.1659,97786,-44581.0472,-83853,-74321.3857,-89164,51092.7788,20437,2239.5848,47338,67194.9071,32617,-56084.8460,-97119,41986.4562
335.0183,-13584,-96431.3581,5829,-84979.1085,-42418,52696.9090,-33044,-9237.1063,-97203,4232.5843,-54020,-48067.3405,-13123,-64581.3158,60643,-28913.5663,94520,-35382.6049,-16931
-73859,-56662.6457,99984,90777.7365,-51197,91370.5611,23481,6631.1609,29763,-6734.3499,62675,75348.1009,67023,22998.7059,-78369,-44276.6939,81622,87462.3049,63607,-84634.9482
-25991.3049,42246,45850.4198,85926,92740.8360,66035,84752.0406,-95152,-49192.7369,20914,-40588.1763,-28028,84875.9392,-16625,-37135.5955,-22051,-44166.7174,83609,-40676.3625,-74054
18288,20115.2094,83121,90155.6004,33036,-76798.2334,-11881,70782.4294,-1126,87317.8801,54771,-54854.7165,-55865,-58654.1355,54293,8966.7911,40517,-42798.0543,-93740,-21681.3022
14873.4565,40867,-58532.4929,41124,8116.3050,-58929,77434.0685,32304,46174.1723,39625,-2937.0342,-70851,38835.7736,-82747,-43006.1924,-40679,-97650.3807,-1675,-58381.8287,91684
-18032,-22495.3660,-74812,26555.7778,-65483,-55502.4550,84793,3952.4899,-50907,-20884.8783,60735,13102.2137,9924,-71252.9831,-48668,-6730.8851,91844,-36677.3235,21164,32574.9257
23016.0559,-6437,-50276.5741,-87431,50430.2812,3993,-10063.1639,-15799,-81117.8987,-81424,-95302.3292,-52114,7207.7398,86233,30238.0150,13558,23729.4268,-76708,-70328.3781,-68495
-35280,-10853.9801,-73873,-70375.7723,57538,-47436.0411,-28358,-9372.8373,68939,48231.2513,-69959,-65897.9468,5021,-73361.1693,-72387,-52577.4169,-21902,-33070.9015,-35362,-1841.1486
-24791.3748,-25867,85051.2771,-15354,-68330.4351,71034,-92383.5187,46521,-12517.8353,-40352,28253.4565,68613,-5297.7776,-3210,-70376.3842,-92473,52246.0589,42692,-64158.0704,28815
164,59206.9109,60517,-42757.2070,-7495,48334.8336,-36737,89209.4599,-43300,17456.4028,22271,-38065.9337,81674,-61546.9018,-3412,-12372.4609,20036,25537.5527,-64357,-25670.3112
57127.8504,8105,-39452.1860,3786,11610.0439,-23787,-33390.4454,-10770,93474.9896,91446,-60725.6213,-3103,-28325.1966,18716,81859.5655,-15890,-7280.9154,-82643,-82717.6088,2498
-69191,-62848.7936,78787,63721.3264,12606,233.6439,74079,-33125.2602,-356,9968.2580,-53856,4434.6952,-89101,-53800.0181,-79425,29664.2094,-98586,-88756.5796,-34501,-57433.0576
13146.2260,-80984,-98532.2539,-56462,75212.4465,62534,-19028.6447,65119,49873.3162,-7317,47841.3553,-31689,-7081.0488,-79271,26211.9160,-86236,-64108.2311,-66965,34904.8003,6733
-91536,-54627.0674,-93939,65469.0398,9850,-15240.8586,9743,8625.0820,50513,11515.3783,62845,52174.5556,-33158,63775.8340,33148,-26343.6581,87639,-18273.8907,90419,97217.6958
-83498.5297,37244,22989.9162,42547,-93561.5827,-99325,-49020.9571,-48877,18961.8451,38003,-31833.7608,-57668,-30121.2853,-90446,-43219.0266,54224,98708.9762,-72343,-12783.4441,-85306
-55387,-56422.5769,6894,-62446.0051,49656,82018.2013,-20849,-94827.4499,13487,-81663.2030,-2179,85460.8340,63840,-26342.9680,51734,17850.7839,-88014,74051.0997,15345,87840.8899
80019.0039,-47149,80800.6678,40521,-97833.5311,57366,-94904.8192,-16664,-91259.6804,-17895,73442.5692,51418,-68739.0741,-67926,14480.5758,29797,71200.2319,-11132,-31105.1785,15266
-77846,97530.8125,-61819,1276.5526,-39561,73967.5949,3983,-44320.7317,-33988,49535.6347,83246,-21806.0767,-79684,-84374.7406,43875,52349.5712,72019,-84312.8902,-30441,81324.0661
-25769.5994,-52208,42264.4705,68770,24802.7056,72622,13534.4917,-20702,73663.8627,-37118,-87200.9365,60143,42207.1087,-25334,-72245.7499,90837,-21762.6939,20864,92990.4998,43073
-86802,-68461.1106,-64083,-77871.2174,-19371,-14827.5057,-61234,95139.2021,-33353,52687.4044,-57663,83275.0496,79479,50388.1346,39492,47731.9751,-5881,69942.9050,7607,111.4703
-93225.6245,37420,-96920.0463,-85809,-38201.7023,15251,2658.4562,-66684,74118.7018,36075,8290.9295,45824,87798.8140,94420,47908.9669,-75894,-96151.5817,50064,94550.2744,-60932
33213,-70955.2874,41782,47189.9819,-87507,-42077.2876,-17924,83244.0343,17162,-79701.4299,95124,56052.4681,27639,12745.6513,-84647,67346.9208,93156,-85658.9834,28735,30349.9892
40044.9433,-90428,94147.4840,-34241,66079.4069,-14313,-93744.4910,-26399,12073.5764,32905,54173.5918,87583,-30921.3961,-59167,32835.5898,28213,-44614.3498,90557,-53338.9798,6957
-99707,-17171.4823,16424,-25164.5616,-30984,57033.1512,-15549,16973.7822,-35836,39630.9237,46861,78015.7093,-67872,-79395.5523,77822,-60611.0922,36282,84336.5790,-99076,-70294.0798
-29526.9974,-35283,3771.6004,-80145,73597.3340,95315,60893.1505,-19028,-82950.7000,-92662,93352.4314,-76852,-36394.6966,40274,67341.9342,-58322,-34983.8617,-32617,-28068.3266,-18020
65002,62682.6791,10163,88781.4748,95132,28630.3012,33179,-20423.3586,-89900,-44351.3098,65330,91642.2136,34699,61851.6087,8032,48711.1125,-8922,83893.9145,-79430,-92093.1602
-11851.9706,12126,-50718.1037,-40098,-7762.7297,40501,66779.1257,31051,-79605.1751,4804,-10488.3319,14927,73996.1455,96774,-97180.5485,12861,-18832.5175,14789,-37949.7182,-6298
-23081,-54749.5810,-77637,34551.1136,-14812,10561.1661,-41511,-46499.0003,60133,-66185.9241,-84586,-86511.1710,-59746,-60265.5215,-69303,50726.0315,-32714,-85516.1315,64012,-75468.9732
63782.5585,63334,44617.6628,-13558,86188.2954,9437,-23830.2875,-73498,-4988.9559,9856,95487.5808,71714,-50316.0816,-65316,32356.9022,57893,71708.5378,-84903,-68922.9452,70387
-49122,-53186.0668,66370,-77557.5083,37710,79238.5010,-31088,41565.2581,-96154,-77210.1043,-13282,46650.5165,72907,-46248.6732,85608,-49441.3169,-98683,-44904.4819,19808,2074.9103
-16115.7528,-82705,62038.2279,-39390,-39309.4579,-92060,-62985.6777,-8348,49458.7888,33384,35092.2485,-47146,-33144.2321,-45490,94687.1835,-96259,-28455.4311,37057,76651.1205,65546
-24284,-9501.2184,-53002,-56586.3753,37796,50541.7702,-88393,8541.8390,-75410,15910.7088,-38164,-95004.2143,84467,-4046.5403,-89287,-22697.9446,-85803,-27133.2751,-18261,57697.5192
59188.5079,-9411,93680.0581,69029,-78398.2128,2679,-53639.2258,94469,-7814.1273,75601,-90203.6100,45767,32862.0931,78935,-29432.3476,75434,88267.9349,50519,-44631.7650,-34524
-88538,55368.7098,65971,-70129.1883,-45448,-52275.9106,-61519,469.4696,75553,-76423.7139,63227,39181.5233,50956,-81392.7349,15957,-59050.6694,-44899,79387.3042,-29353,-72259.2952
-21842.4750,25125,-54903.1154,1297,-2662.3713,23862,-36526.2998,41923,-23824.4880,-39190,-96151.3185,86405,-29969.9129,-8548,16891.4860,-52689,-97932.2371,18287,30541.2710,81754
-75231,84003.4068,-21639,35966.7835,-79595,-31573.7127,65150,67002.0995,-71840,62310.4338,-72717,-30177.2269,-93985,-93905.0993,-12559,23880.8273,58196,84087.6603,82882,-66813.1370
48110.2875,-30717,26272.0405,7121,-50960.1128,40297,67943.7602,-49040,60930.6270,-74357,-5942.3691,-98770,99416.6110,-67241,1778.8347,53378,-80218.9209,-45941,95616.0690,28327
66647,-98805.5196,75851,89356.3409,89947,69505.8892,35428,-11215.6337,50249,-76896.6416,-50890,67017.3462,76198,-29733.2432,-99454,-98854.1645,91892,63278.4215,-19124,19348.1325
55852.4638,61252,-15501.1043,47394,-24539.6444,-15202,91382.1600,39374,-31956.7396,-35317,-75613.0692,13157,-47694.2314,-68372,-28905.5539,-38017,15489.4306,-59113,-32656.0793,85818
33429,48655.0300,76914,59140.1366,-9313,7903.6531,-55212,40903.4816,-99835,-77828.6996,-80580,-48679.5389,90704,-90309.3511,-95100,-62559.2107,-66308,-69537.1168,55911,-15359.1357
30429.3715,-62201,-47385.7513,96662,45094.3445,-79811,69925.5018,89640,-45275.2630,79457,-44857.2365,-74754,-45550.6605,54412,75230.8054,-45392,31272.6762,-93582,32572.6683,44758
34560,32132.9113,96576,96485.1543,-82714,-48031.7225,44574,-73680.8227,38958,89585.2860,-55767,-52149.5467,55602,-96622.3107,-20817,-23637.6269,82299,41566.0279,-3599,-29821.7503
-18376.2153,-69374,84964.9295,-45721,20864.8653,6742,-58264.8933,-27732,29463.1602,36850,71240.0257,57675,-34298.3306,20497,73112.0801,-51586,-18460.3194,59559,31337.8318,70725
-11994,56917.1778,-26234,-78465.9048,-3542,75871.6959,-42140,-22080.4812,-40041,-46643.5093,55125,-7970.4744,39648,-33699.3497,-42129,-57588.4236,57783,86767.5361,74035,-13544.3120
62076.5971,-66645,51042.4966,-86529,23828.2759,6142,2265.0394,-90099,-80766.0504,68767,-80878.1306,-4863,-78744.4651,63804,46714.2268,-50885,-88381.9207,47371,28688.4135,-68131
18902,-47580.2602,-81961,-42576.0400,-70841,49385.8527,81725,49145.2230,-32251,517.4113,70953,-25143.2074,30758,-32157.5244,24076,44007.2562,-95824,94258.0121,12494,-9107.6124
47127.3614,-40770,-42577.2973,53527,92178.6792,-46744,37603.2115,23217,-14791.2442,-33023,-29893.3253,-65238,-77948.0822,30831,21325.4953,-46512,58342.2292,73242,12486.6797,-70582
87787,70599.6171,16380,-25004.6531,96469,-8031.0148,59085,-61476.4395,-61074,-34098.6300,-48929,74992.0216,83694,-14696.1873,-24040,-74908.4711,813,27986.1815,66367,-83124.6946
-74065.2153,27158,-10092.6325,75737,-42724.0096,-24502,51914.3462,54772,58465.2514,34025,-63487.9684,80251,-80917.3676,38046,89316.8477,-97631,-19444.2232,39744,-59542.4864,42707
-17221,-3529.3352,18601,40689.9229,-47848,34498.8502,-55586,54589.5671,-89604,82880.1480,-21771,-2891.9282,64584,52536.7866,-60085,63636.7083,55424,80858.3864,-44200,-45778.6476
77685.3274,-19949,82249.1367,-64818,38165.1625,86265,71114.3232,-49320,95270.7105,39777,-87970.8760,63212,-24133.9534,80591,73325.0150,-7524,49521.8622,66953,-77985.8087,49565
64722,-99242.2126,99462,-49277.8175,62389,29933.1993,30179,-10670.5289,-91310,21162.4882,-64474,46310.8641,84569,-50201.2781,-4212,-87824.5527,17494,48758.6862,34465,-89811.3555
-10620.7565,-68985,51088.2568,-22686,69831.5584,-94094,-75461.3521,37842,15627.1761,-10526,81894.1473,-5934,19950.6061,-50133,92366.0858,48291,-98009.2168,20636,-27722.2128,59752
82448,-92930.1632,-31926,-13011.0276,33876,-46480.2507,-74016,76373.1905,47870,78181.5628,-21743,21998.5861,-45853,-32081.9955,-85674,-63142.3337,-28026,61324.2191,2866,35116.2312
-21285.1249,-34705,69813.3461,45372,21785.2833,51545,-994.2606,-23589,-48362.6747,62265,61220.3285,-15745,-20341.5550,-33176,-74880.0315,-57720,2148.8543,-31551,-40496.4162,-5789
-22033,81210.0885,-47537,49974.9454,-84229,-19432.3028,7979,8538.4199,13448,-43600.2175,76154,-75048.1617,-83528,52214.2623,-23890,-38773.8533,-92065,62600.9140,76351,9953.8943
50478.7931,20601,36625.3532,-8770,-75068.8140,-58606,64243.2529,55594,31953.8571,-32263,-67976.5786,-97122,65836.2736,-22258,24575.7626,-7156,27523.2566,14085,54158.8838,81783
7593,-27773.9851,-98796,65793.6659,-85519,65342.8647,-38541,48182.6350,-15863,6438.5328,-53906,40189.3424,2213,76051.0144,-59052,-66185.7094,82067,40577.2905,50878,44733.9699
89649.6695,-39367,38186.4922,74747,-65758.3372,93816,35212.7321,62760,20377.8131,-69502,42645.2218,-67241,23855.0867,57780,45461.6000,-69054,13861.3388,98723,-14224.1260,-17483
-22570,-71066.9015,55844,13367.1161,55607,69008.4048,-88878,-62246.1910,-77926,-89466.6286,-26277,-26411.1193,53232,60406.6732,-94737,45532.3970,-99442,18609.4227,-41817,-8519.0427
-86597.9987,-35631,33985.1274,-75039,12024.9871,25315,-73359.2461,-31459,1577.9802,81862,93955.7431,92719,-74467.7700,11794,75431.9712,15205,41721.2687,-36109,-67225.5389,-99613
22587,-45008.6848,32394,-6953.6928,-26333,80022.2657,-85712,4797.4733,88985,16787.4906,-16350,60547.5800,-42789,-85733.8957,11830,-43537.5424,9749,-74142.6433,-40411,77933.3490
69590.4509,89694,-52164.5567,-82644,74851.5792,9802,32298.5443,-33521,60473.2181,54673,36085.3095,39779,99473.8884,-26307,96925.2828,61001,-72806.3488,99531,91894.8715,-81829
11076,-54341.7028,5077,63637.6460,87460,-37148.1509,-10057,6341.3677,-595,-76893.6100,48670,74226.6330,-32799,74314.9647,-505,54049.2211,-25286,-81065.0070,8164,870.9486
-88418.9193,25682,-76066.1549,-13922,-60747.3183,55161,6563.8876,19099,55692.5551,54745,-35081.2886,-55198,46238.3207,-30090,-58649.0827,-43958,66939.6596,23117,-1924.3093,-51193
37528,99936.5617,-73040,-52673.1778,34038,-68996.4368,-72697,-92684.6470,76727,49688.0221,76216,-19196.4138,-15466,99688.5146,-78420,-58195.9897,30642,-71615.0181,-90806,58381.2750
-81071.9986,15748,-68210.8122,61365,-28166.0959,37325,-73510.4834,87392,90543.9644,28537,-57977.2354,84546,-19142.4727,-78415,-55982.5675,49255,84363.8209,18254,-47314.7957,-9006
81154,87156.0150,-44124,-67920.4758,-44775,9739.9622,-93143,96520.8663,-28623,84214.7036,92072,17497.2679,49484,6244.2676,71051,41878.5697,-28309,18335.8471,-90092,35929.6263
83626.1536,-70621,97302.6123,-99453,33787.2795,-42424,-48383.7986,72141,-85648.0075,27116,88317.0261,83161,-87909.8533,23836,-17450.5012,-4869,3764.7788,-83693,10164.1841,55054
95972,4769.6905,-11747,28523.3063,12912,23209.1589,34143,47206.9158,58591,36877.6470,22500,74383.5314,67437,-21896.8469,20320,-39751.7371,-80739,-42332.6952,4683,12557.3820
43880.7861,18379,81826.4228,-64846,-99119.1861,23992,477.3720,-51997,-2621.0673,-37131,-92069.7187,82147,-79625.9483,-65323,-33816.2869,9210,-77190.3321,-23733,-81302.5073,94425
-96103,-73873.6024,43212,93901.3730,-60931,65724.0984,-81174,68172.6080,-8052,93467.5910,18124,-48137.1056,-42282,43928.0940,26655,-10049.4479,3695,87115.0260,47480,84367.0681
53889.3080,23552,24729.7549,-74805,67822.7461,19557,44540.9428,-86835,-91108.1380,84756,-34546.9791,91270,55552.5837,-22453,83291.1515,-97283,74411.2773,47916,-2296.1440,-17962
-67646,-54788.3466,-11059,-44558.6081,69203,-6290.3552,-5020,-99748.6140,-98507,-40086.2879,-52061,67767.2273,-40239,-31111.4280,-33109,-31579.2193,-67125,66862.9137,-87300,36219.9466
-15070.0812,59939,62807.9640,28000,31215.2348,-47935,65951.1181,35202,94221.2981,51357,-66203.5425,-55536,-76308.5868,-93163,-20621.6272,32255,33114.4738,-71036,-27037.6287,-62925
46320,68001.0709,90333,-58317.3266,-71929,89074.7197,-55899,-60000.4531,-68742,-75473.4261,-10259,81565.7736,-33875,-56282.3197,77480,-20520.1229,-27341,-75899.6852,-91799,1645.3747
15076.9054,-73200,-2431.9165,81231,-33787.8203,-3401,1691.7795,35549,-93385.7705,-92436,2246.6352,-45451,-2727.4684,-53691,4227.5988,21478,-88750.7160,8909,65298.7802,-90337
-65204,15715.7014,47512,10594.3172,5748,-43840.0980,-77220,-42436.9221,44404,-51873.0187,-56294,-62494.2878,-86901,2114.1734,63705,57364.6720,-70312,-64955.0301,62318,1115.0468
-7869.0793,37287,-20472.6243,59190,-55829.9908,-65912,-92119.4836,78175,-91126.7968,-18046,-2875.4012,-43287,83080.7610,44568,-4661.4302,-78298,-98096.8152,-95551,-40193.4922,-92805
83064,-62157.9778,-91541,-19556.6466,-8260,22518.4318,-13723,-26631.5643,65745,75011.1649,-86691,-65648.0084,58377,73399.4059,93104,9125.8557,-79613,-15770.6016,-80845,-18158.5199
86036.8690,90991,86510.0501,-25500,80538.5246,85621,-8511.7847,-32512,-26755.7788,23128,-22961.7060,-31776,-78452.8213,61239,-37795.0200,-60249,55789.0670,-97357,96047.7009,-7431
-73638,-79418.9604,45252,-61369.9673,21037,-86372.2206,92333,-77031.8322,-56573,-71825.3333,55093,-46152.7623,46169,-83597.5396,-33694,-26159.2307,-22910,3960.3692,-27664,-44547.1505
97313.7069,-31020,-91791.3125,-65238,-28585.6490,-89071,-9247.3650,34907,-89693.5918,90387,54285.7141,32733,97797.9758,-62495,8456.9408,-62001,-62730.2975,18518,90023.8822,-18259
-57608,4612.4393,-69781,54687.3552,45221,39370.9855,-30359,69665.8170,22809,93700.8077,-34161,24701.5979,91517,154.2868,-41444,-45456.2077,-90502,-63028.2676,-30932,-20210.5123
-93983.8458,6715,-13447.3066,14199,-78364.2415,368,-11383.6821,52036,-76116.9252,-68057,51626.8261,-99779,-4569.6401,49079,-53902.3917,37879,-74931.0259,52451,-89578.1736,-8718
-16009,85255.0470,83621,73336.4532,99011,-33286.4718,-55068,-33734.1782,-4883,75562.6814,95131,38222.8508,-78884,-25793.1370,38669,92694.8136,-87732,71824.9905,76045,8736.0434
-47742.0503,-58039,52941.9011,-65341,-31468.4914,-35361,-85316.6850,27344,67820.6131,-15838,-42314.3571,-40503,-12891.7371,29670,49653.5053,69409,5976.3268,-48879,-33016.9468,93197
52114,28262.5863,-59258,39517.9196,-5007,-51109.3572,-84963,-80467.0924,-93795,-72861.7580,53267,-88254.2586,43080,32966.0869,18028,53389.5065,83718,-1709.2734,-78523,-68282.3867
25000.8083,27451,-52160.4681,21325,90998.3434,-75785,-58633.1336,-5624,63671.5075,9778,-69507.8584,-88123,-86560.0347,-53583,-4921.2009,89324,28627.8360,14790,-92383.1044,-35977
88879,-17596.0872,-39928,-90095.2795,47064,13474.2242,-85046,-37724.2885,9136,-97113.2672,2087,-41980.9243,89111,-25542.5785,50538,-80645.2441,-76493,-78885.3284,16526,-20828.4073
-71333.2393,33350,53243.8077,94916,73175.3532,51070,83140.0824,-18952,-90904.2962,53115,-65829.7532,50531,-96840.6257,52431,-98636.4264,81095,29163.0047,-80376,80151.6628,66073
-25405,-73850.1354,-86679,74914.7444,-87568,21984.0522,84602,-40656.8296,61802,22398.3418,83828,35019.0454,-62303,62034.2579,33473,15426.4696,-33671,-80518.0666,93421,41403.4077
70381.8897,92713,50649.4271,66091,20022.2483,51792,91722.1454,31045,8877.9830,-98797,59878.3271,-15609,56242.0700,-58043,82414.1549,-49745,67210.2763,-9213,-11223.3325,61011
87389,-30302.8734,-3242,86217.0202,18666,75010.1733,-20172,57691.3369,88583,-92493.1877,37420,-12019.2949,90840,-15156.4321,8757,-95605.4320,-89342,-76380.8995,35807,-93390.9200
-87514.4469,50994,91848.3259,7343,57482.8541,-36994,-28463.6098,-5035,17733.6598,-17985,-97119.6327,-18545,29088.9491,72003,-80371.2311,-68560,40543.5461,-93552,13405.3141,94859
-15538,26202.0575,-35034,28234.2494,-17472,-8851.1849,78697,-51063.2713,42441,19195.0124,-25522,6857.1541,82068,-69372.5956,-87872,-82970.1281,-72634,-27055.8058,-5363,49835.8114
26602.0872,44423,2641.0601,-99156,-47208.2913,-54554,-91406.9245,-98698,25738.3690,-64293,-17259.2471,23854,-14735.9587,-81570,-25471.1547,-86247,-37701.1128,47245,51173.6953,31116
61781,-94004.3028,-57516,16951.3864,53907,-55367.3069,-56874,-76010.6220,-61547,12139.9194,-84243,50118.8467,77040,74791.8515,-48424,6839.3688,99257,78024.9124,-30411,-20135.6083
11607.7390,-29041,-42881.2593,8405,27151.7257,16235,-59434.5015,-77761,19926.1634,71990,-7124.1366,98124,-6335.9448,82553,11464.5665,-83669,-29679.6959,29039,94480.1061,71989
41253,-60689.1617,-72663,-93882.2420,71373,89522.9741,-76634,-33119.2938,-76513,-11216.3027,-60630,15999.0487,83536,-95488.5130,57349,45854.8420,48387,14815.3008,-40667,-20194.9942
9433.8260,97936,9316.6911,-95787,-95905.3304,-42626,-95870.8100,85875,-44885.4085,3021,-49655.8942,19141,80269.7370,87731,-46704.4407,-46191,-12751.8736,-63952,-49000.9761,-42765
44643,-80073.2742,35829,14041.7526,-11945,-97213.9750,-18725,78097.5706,-30283,43019.5379,55008,-77495.6966,-9026,49656.1433,-27691,-75265.5066,66982,-89938.5790,-40521,-65928.3749
-78778.7293,-8935,81848.9179,13510,-60628.9938,-93842,-79256.7934,-92172,10441.4529,-74746,5881.4525,-94251,-44032.1520,46188,89843.7308,-90238,-32731.5471,-76415,-43317.8067,70831
-74594,32112.9813,-72784,-49548.1230,89113,24597.9476,-73653,-52204.1703,-49066,-90535.0053,-22224,81410.3869,-43964,-82677.9564,43897,12019.8194,-3485,25868.9976,10110,61435.3806
-60136.0601,-77662,-72325.1387,-3429,12130.2556,16030,32962.1463,-720,-46735.0821,-1086,50428.9068,-57584,-52397.8738,67283,25624.9283,-47661,-3992.2411,-96043,-22191.8120,3969
98880,-20714.0140,40818,-35978.3135,-95209,50841.2132,91375,12463.1829,-33608,12551.2928,-91838,-52163.5449,24058,76469.7039,-4171,-77287.8184,-62794,65915.7264,98220,296.4590
50094.3859,-25514,-16681.2530,36030,78561.2254,-51054,31982.9402,62220,61705.2245,32604,31053.2867,-35352,82525.5218,-43932,-70786.0701,-17071,-14041.8050,78580,38193.2331,71671
48862,-2676.7117,-33032,30632.8698,-96026,-48869.4531,97923,-62032.5743,-9602,-97993.7165,-24175,-50157.5860,-91626,-34796.5155,85444,91177.3007,18928,80927.6885,-2337,-51481.4582
50233.8565,89188,-82548.7168,74193,86954.6235,-14672,-66489.9786,-82522,-2604.3698,-10728,63890.8964,-17854,31705.0068,24364,-30591.1480,-80435,-99648.5959,42752,15555.8109,-79293
-73208,70036.3952,98231,88857.1726,-72358,90973.0478,-39065,30471.5736,-15460,5492.3856,-59568,-50694.9981,-61959,53449.3751,-53673,-82742.2083,81565,-51340.9212,-91425,92735.9012
-71792.5528,89360,-26861.0320,45370,72530.1383,-53250,-29520.4196,-62834,77712.1499,-42572,-39993.0386,-97341,-51037.1173,88470,23218.6825,-32512,-71988.7167,-87491,-97083.8930,-22489
21989,61242.7382,-41246,62158.5148,8550,10583.6370,-99938,-47604.0885,44462,25478.5554,25233,66383.8387,99897,45771.1244,59727,46555.2498,11834,93616.3579,36669,-88724.9076
54299.8737,-60835,-88743.3472,73217,73875.6897,-93026,-37776.3570,-74879,39342.4574,2960,-2489.9230,52117,98843.7372,45968,85951.9262,44353,-41982.6086,-14704,-59472.5657,-23934
-25088,25841.8605,-72290,12839.2480,-29908,13440.0021,82604,56072.9615,-69488,-27781.4571,-3034,-20007.0537,-19510,81930.5637,33865,73653.8859,-8850,32342.3892,-29948,-85269.6172
-90704.4618,51096,21319.4419,-93214,-21835.1634,-28048,-89768.2944,-16754,-47724.7746,-47667,-55206.5550,-42179,-98984.2776,99969,99452.5048,99232,14618.0686,-50832,-53571.7515,24302
-22691,16775.0548,1117,36943.8072,85286,-89726.6686,75667,-59757.9739,65602,1673.6482,-54445,94945.1406,-95567,-23139.5795,48621,4603.1021,53112,-59411.7711,29218,52398.9472
73193.5870,-89398,3528.4681,24447,-53253.6249,-76124,-3808.6911,51265,39222.6736,516,-3432.9531,47501,-28090.8580,47890,-90899.8288,37659,89391.7107,-2940,-4942.5537,-73229
50358,84460.0493,-13461,-72676.9773,30595,72671.9972,-8478,75292.7150,43955,-59934.9689,-22081,78157.9655,-61758,92551.2996,-4081,-9548.3382,-78162,-29294.4753,49994,-26841.4570
64126.1025,-78168,85711.8134,80964,38995.0060,80313,-94074.2442,-18608,48168.9547,-91275,46593.7214,24186,-57648.7538,-55029,-98302.8121,-626,77974.2758,47242,-3428.3394,-98892
95512,-76590.1901,-90312,51391.2407,37057,46502.1387,46922,95626.9061,-84534,12719.2034,9795,77144.7275,67910,251.8502,-9086,88019.1368,-29475,-48945.5548,-36781,2612.8180
71279.2415,-37836,-31772.0826,-4127,-35869.6007,-58032,2084.6808,-29581,42258.3871,63096,-4649.0337,-81787,-90907.2233,87427,-16594.5835,-43488,44895.0082,70986,29448.7201,-95802
-40944,-16885.3686,4733,-577.3140,-8022,17690.8301,-2646,77197.5498,-72672,94664.0602,18756,-18088.6602,97773,-47606.0572,-98705,1396.3186,-89826,3784.5645,-72331,49785.1133
-95423.3104,44276,-13406.3944,11508,12476.1953,8079,60797.9193,14640,-44584.5330,88812,40239.8851,6156,-85223.0203,-97369,-38492.3390,75682,-11915.8703,-29450,53426.7586,-49817
-70310,2853.9121,-70019,61761.7550,-66860,91369.9071,-21624,-28821.1738,-62414,-71822.3065,-93096,-72351.5066,-34118,42746.3177,-94889,67097.9421,63071,22713.2913,-26230,56695.0496
-38032.7119,64500,-51000.3790,70232,79795.9039,-22155,-90881.0480,40582,-48887.1474,57996,68765.0461,-11982,-93966.4761,-98038,-656.6633,-22867,-81191.3555,76141,92322.6610,-63592
-30761,98488.3284,32319,-16235.8889,-32872,8080.2413,94327,-28158.8112,-74497,-49149.6276,-97078,82306.8238,97035,-7463.6217,-38754,24030.4347,8126,81881.0013,-93325,-6654.7962
96299.5399,68181,69749.9317,23983,-76274.9155,59780,37979.6441,-71106,-64316.4321,33362,12166.9669,-96429,24223.8597,44878,-34991.5347,15002,-32689.8319,-49058,-47589.6984,16492
63464,-99773.3969,-10719,13392.6619,33492,69239.1589,71312,73634.7883,69556,45509.2660,-25696,87850.9697,-20485,16301.9270,12373,-39930.3963,39289,43019.8740,91910,-92255.8429
2181.4962,-52062,-18253.2733,-40722,41629.7103,19794,-24833.9960,-21247,-99282.0640,69716,14753.1875,-73203,23369.3941,-87403,35121.4595,51232,-22912.1776,62861,50189.0284,-44131
14860,24138.9777,60586,-63548.4379,-98089,54834.7246,-97846,43034.3628,26082,55681.6985,38371,82029.4120,-92572,-1860.4940,-312,-64342.6572,-77681,59940.2705,47925,-14832.5956
58953.9452,-14164,48959.3025,-77729,67693.1728,1551,1312.8591,-51916,79693.2495,-18110,5003.9410,86512,-38045.1522,-95545,-46969.1166,84729,-81481.6074,-81760,-29179.7126,98085
-18898,-54319.4103,-98408,75673.5244,56863,51240.5647,-38396,74026.9565,5801,24304.3713,-96737,-3217.1564,52065,-49540.8969,47161,-9007.3541,-66562,74040.4334,72063,81192.5670
16992.4159,-40313,61361.7952,83139,56407.6357,89084,88983.4111,-94773,-64951.4326,-59906,-79546.0770,72182,943.8471,-73422,-74237.4516,41801,-18398.6550,-28432,-55694.5874,20860
-88909,59999.3006,-54895,-79533.0901,94859,-96126.6924,-92288,55884.5805,54253,34683.8872,-24840,89108.0268,-52109,73901.1171,97778,63040.9607,-220,7320.5087,-32584,32385.9077
14010.3361,-1519,-86895.1662,-41211,5849.6249,88399,-79235.6299,-73943,-69819.9830,-45322,-76705.3929,-38159,-36787.8626,-97499,-97748.0661,13974,3956.8011,24547,-67445.8872,81771
-15538,-52817.9246,96833,-14545.7390,26999,-97461.8024,-85268,72264.7592,70263,-44929.1069,-86854,-45563.6425,61414,4562.8146,-10563,51343.1050,-29887,62118.5461,17843,-24465.8328
86628.3634,39851,-93342.2316,-25411,67492.4200,-18130,11560.3951,69128,-49061.5305,-12944,70754.7904,-50911,-52796.2381,54772,65548.8913,-52175,40242.3026,-8963,40573.5916,-33174
-52730,9107.4360,58824,-79502.9776,-82122,9766.1278,42118,-46925.4779,71791,-56905.0398,89754,3206.6540,66040,-7671.4446,14908,7712.2634,-65779,-42893.8024,44415,69268.7800
-15961.4608,4554,37789.8765,68693,-14558.7826,-65429,71378.2395,-61348,-32892.7649,41216,54824.4086,-85635,51593.1152,-10240,-20503.2524,5001,29685.6821,-91260,-42851.4524,-45646
62109,-14057.6642,34366,51846.6394,-31579,45877.9194,-10297,18835.2219,74787,-86085.6349,-2208,-50618.5798,48376,-37134.6616,85686,9507.0707,22465,7973.6363,52335,59085.3660
-6957.1614,35485,68040.2776,40062,71929.6383,-11244,4489.5352,39092,84158.1378,-18791,-52837.1954,-37156,31755.6889,51706,54526.3242,25807,-8119.8123,-46941,-7757.7600,-85033
76092,-2581.2787,-29705,-52028.2661,53865,42794.5902,47262,-61789.2012,34225,-69242.0823,-24321,-35133.8277,-2783,19660.5286,76155,-93639.6624,88679,-37020.8594,-13502,99479.6244
-68004.8911,87088,58790.6592,-1978,-7885.8962,-79017,-97916.5736,-45633,-59939.8686,-86628,34582.2561,72378,30912.3730,5551,-73236.4166,11812,34553.7591,39167,62726.1362,-75648
-90763,-64086.7588,-88299,21413.9737,68614,42903.7011,435,-70747.0582,-37455,-84334.5907,58686,-18484.7849,32995,372.4718,34288,72214.4316,-62698,24827.1669,33547,82131.5502
800.2050,69925,54424.3937,83371,-3477.7099,-71378,-13531.0782,-43186,-12227.6078,-4507,-16772.2458,-69193,-43085.6145,25024,-24798.1382,88515,12249.3629,-22630,83372.6869,40307
19697,21096.0370,51388,94923.7411,-5862,-18076.4170,92550,20532.2755,-63588,-22502.1396,29316,15888.3392,-76412,-71901.6249,-17668,60424.6765,-30288,9203.6142,-13292,87000.9668
16929.7260,66751,-45739.1116,-97691,-85980.0427,-46378,16605.1617,-55813,39321.7237,5342,97044.7422,-3062,49855.4791,75640,-47078.8784,-35596,-88588.7831,91205,-7097.8141,77946
72251,91116.0743,-10010,61641.2230,-99612,75137.6168,-27219,40698.3054,26640,-1441.4142,-53633,34832.8729,-33898,67974.1143,95101,32219.6517,373,86512.4693,98589,80094.2614
25529.7218,12381,-79089.6271,-13560,20784.2708,50566,84549.8935,-56333,71022.5157,-53637,93583.8433,-59147,-74847.5331,-70752,-48863.1785,-68998,7087.3778,58847,-53583.1314,43996
76280,-88145.7408,-58778,14805.6684,-66080,-48313.8912,-6154,-45689.1357,-29103,-49617.6558,25656,-91020.3411,60030,-18567.7248,-83169,-89235.1095,-42869,-50221.9974,-57417,99086.3244
11137.7639,-62733,-91642.4274,-78361,-3897.5164,-84457,1266.4755,42833,-91538.4896,65407,38848.0238,-47278,-43947.9128,42984,-74420.4350,-12351,-45791.3641,15261,54965.1248,-21824
56343,-8509.0843,31206,66647.9759,86526,67037.4005,-8024,73393.2105,-42313,59266.8023,62540,33017.6928,-72182,-51640.5305,-80171,-96418.0797,49454,61295.3817,82363,7437.3626
58778.9955,48112,-42696.8223,-28901,-44235.7718,52608,16216.2721,1669,49448.8855,-75573,-59614.7321,-65577,-18081.9279,78421,-78147.0077,-26800,-29178.7923,-21664,-46638.6543,75363
2274,-38746.4124,-67860,-71200.1015,45126,-98743.5040,-64988,35363.0865,1827,-56518.2982,-9663,91415.9442,73099,8153.3296,15589,46795.1020,-28419,57783.0879,12941,27931.4734
39894.7705,50439,73157.8662,49220,38659.0593,30415,-66869.7776,-17209,95524.9211,64292,-49335.0037,-87211,-92101.7073,-88495,66082.6801,35751,-29744.7594,45884,-25404.2179,-87543
-54374,78265.7262,98093,91208.2787,86322,-90640.6193,-95277,-88609.3862,-70405,-48948.9919,11118,-67988.0217,-25512,17497.5690,-3883,53628.2667,-66965,-76850.9501,63389,-95492.7536
-63848.5229,82183,46376.1762,93382,-92654.8845,-49086,59109.9133,-80818,-65318.4529,73185,55600.5133,-5101,-98028.0132,88283,51166.9481,68109,92807.2164,92606,-34915.2290,25304
38311,-95283.0880,95617,-442.0388,-48071,57716.4301,32112,-37602.2071,82513,-43439.1039,37405,-88691.0577,-93916,-6531.6339,43013,-58755.2749,49118,-7805.4297,-60657,-58611.0532
-60174.7575,-68798,-42826.3922,91375,-75742.0072,49826,37872.8795,66903,-6380.2302,83195,-89036.2732,38943,-47585.0367,63214,-44821.3243,7801,775.4109,49598,90786.8372,-12055
19879,-61405.8812,38129,21382.4750,97466,-3907.4332,58612,-82947.0041,59088,-2114.4518,29856,-71745.4811,76095,-89508.3174,68154,37988.3316,-96338,44491.9942,-48768,-41612.6710
46502.5740,-46223,-5200.7553,58078,81273.9178,27636,32659.1107,-12859,16815.2397,-4510,75124.4394,-83815,-57708.5784,-93357,-31890.3933,95551,8265.3644,-57603,55939.6698,-95303
87515,40729.6032,34354,-44192.3770,-28382,67006.4005,96493,-1968.8963,14649,23945.0374,1467,30520.1738,-3823,64500.9049,-47282,-64462.6499,-72705,76259.4283,-38607,12913.1236
-22770.2108,-58001,-70834.7556,-80071,72695.6280,93632,75519.3981,56024,82195.1916,30190,60425.5372,-52921,-64479.6679,-12486,32991.2999,2485,38896.7906,-50588,-12306.1515,-4742
-36499,-43507.2988,-78482,-28216.5294,-20491,-84963.7852,2022,-12856.9981,-59896,-21478.8356,-89963,-92391.7159,-30411,15615.3137,23361,21252.6564,19904,-15802.5259,13698,62823.8015
-7237.1566,-56321,95849.6986,-16252,97940.1116,-36495,36995.1728,76126,82526.5698,53143,-87318.0201,-97574,-70688.3549,7308,-66567.3553,68236,97259.3354,65579,-46105.1151,87706
-58712,92030.1007,-29973,-52001.9199,-77704,-19157.2499,-13131,-67899.6701,44646,95186.7359,-94824,-78188.5435,39091,-45442.7706,-59843,18145.3616,-55065,-80087.7304,-40806,26886.1365
68917.3829,97397,2015.0940,-80079,47962.6182,22917,-98208.5863,-83601,-68433.8551,-85672,-22579.3896,-15459,-49035.7860,48869,54979.7711,11322,-20326.9181,-60818,-5691.4303,23010
71866,-65018.4203,-44757,-98798.7865,-70026,-17150.7463,-32143,-61337.7579,-34114,-33983.2142,-14241,-94713.8988,64306,50191.2625,33353,-71532.7450,53149,12863.9453,-4811,-38620.9234
7295.9001,-20644,40482.7960,-20077,-63448.8755,-54193,51662.1250,-46336,-25129.6793,-34957,24193.2059,39241,73010.7956,69650,-91727.6699,-53418,-46657.5474,81470,77423.2473,-74598
-83832,49612.0172,21578,16681.8156,-92054,47073.6639,-45532,-73931.1976,26339,12233.3421,-52365,-20061.5485,-87711,-42173.5096,-10372,2843.1295,1985,62667.9231,-66268,-40568.2299
95869.1561,40814,66491.5763,-51562,24340.5884,82964,-95540.9244,90768,58754.1140,59947,72573.5302,29736,-42099.9272,-36142,70804.5386,78294,-78831.7327,-25292,97252.3877,-50839
-26480,-39215.1595,34353,-59915.6538,-49356,49106.7088,-10011,4208.6482,47470,-37734.8799,72267,42235.2643,-49631,19466.6361,-3927,-69195.1267,11462,71120.1321,-79449,21699.7206
79306.0593,47233,-2027.9304,-93889,-93005.3439,-28338,53529.3827,-27436,46904.9625,-67964,-97272.5259,-15452,98428.3362,-8406,63616.7595,-53261,-69461.5986,-76969,76277.8819,-69599
-36026,86508.1924,99387,41596.2842,-6919,-74572.8257,-65246,-81727.0608,68466,-37021.6960,-86998,-55040.0904,93413,-89534.1064,-50971,-43817.7879,70940,95303.8659,-6669,-98844.7664
-64911.2173,-14954,-30927.0269,94586,67920.7770,-53969,-23678.1882,-43127,-22042.0777,-17254,96149.6874,-17041,-15637.9312,72515,89958.6549,-27614,-19711.8811,30960,-85226.6941,33739
70664,9141.6520,27164,-27268.4210,92331,97864.8068,62344,-39706.7552,-50282,-64158.9632,-84478,88835.0788,34031,34881.6718,75671,-72533.9243,-69625,247.4758,-71848,98409.7789
56618.4999,-86930,-5214.0975,-82755,-31157.7485,98685,32014.3084,-67219,-32273.1110,12166,85935.7923,31381,-55101.3214,83355,34767.7447,70989,60321.8002,91696,-67112.3901,74969
95021,-85696.2472,70881,-49196.3677,25806,-14870.3672,-59264,2369.0997,16229,-26505.4452,-27758,-24271.0945,25664,96637.3875,70850,71867.1659,-34751,-90342.6208,-38939,40490.2956
67938.6436,-68847,-92966.5329,-40075,48323.8702,54104,-44483.3782,6339,41781.9200,6687,91692.9511,97294,-37180.3472,81989,34217.1576,-75823,-56032.2672,51642,1352.2229,-21022
-15678,7314.6353,-44830,-23967.0625,77871,43927.5316,14688,-20949.1794,52854,-91480.7259,79195,-30138.0887,-26643,-28620.3258,86709,-58328.2520,-1724,-28631.9578,-70674,-22454.3230
16847.2617,96497,-16978.1527,77916,90045.7023,-20462,85918.8086,-81716,-206.5214,-41525,-33964.0395,-16657,-16691.0191,98923,77918.1018,-7102,-98486.6096,-61102,-34166.7109,96908
52086,4526.0091,78986,38310.8162,-1436,74818.3359,61839,-78049.3675,-65479,33480.6969,43417,60755.8083,-19181,11011.3306,-32196,-38822.0234,97541,81908.1352,-3564,-94440.6521
37059.6540,70775,91834.0174,-92774,41359.0248,-18807,77104.1126,-12412,-71198.8134,-7593,36756.5141,65462,-69958.2995,-40185,-42230.1746,59009,-42521.5870,-47030,-20039.7527,88022
34206,-12983.3258,-45690,-99177.2807,-93648,-81440.3118,-71095,-94050.9616,-84743,4871.9707,98450,75010.5937,-52287,-90819.3211,97485,-26664.3982,-99010,47700.8094,7377,-67056.9523
-16382.5676,-53698,-96929.4416,20133,-42045.1716,25405,19012.3756,563,42651.3505,72844,-61780.9486,-7623,76572.5260,-40323,32912.7540,89157,-16199.6888,-23734,82056.3822,51948
-15308,56580.2860,28768,15091.5099,-31439,39561.8489,-17921,-24810.2831,-99826,24800.4388,842,-80584.5999,-5009,-91152.5526,-51933,-80784.9466,-29559,-39178.3585,53877,96723.9570
-50368.3616,-46602,-19296.0199,-33998,-10355.5949,-36312,68178.1430,-89272,72727.8290,9485,2831.8380,33841,46136.5744,27308,80340.7753,-44634,90832.6417,74012,-29509.3719,-17605
32640,59507.7720,-92842,9569.9940,-78517,13537.8553,56953,-47546.1618,61841,-21022.9659,88086,81628.2587,-30662,43485.7954,-75092,30125.7196,-69136,-19638.8578,10497,92069.1311
-11223.6666,-66758,2485.0155,-51795,70186.5129,32229,-91751.1620,-47365,-19941.1794,-51719,-95605.3547,-4474,2005.4765,52110,27890.0018,6876,-38022.7201,-53299,-72814.5977,69608
30319,19606.8651,6067,-4298.5641,-98380,80250.6548,76858,16804.2066,45956,80918.1940,5283,63149.5739,4430,45378.5796,-46001,96079.9665,-63514,-26079.6006,-66275,-12054.8267
-61694.0227,-40179,-46415.4710,97979,-82128.1903,43905,-76751.2048,-33828,99751.2395,65115,44283.8765,-84668,-29289.7423,38672,-39140.7461,44095,-46383.7536,-23829,35082.1469,52024
-84606,37583.9662,-1951,-94972.8599,45870,94755.4673,-54378,-96408.6555,-77576,14123.9141,-93577,27650.9582,17633,-9143.8627,-28223,49115.0245,17354,-62828.0333,59868,35209.5096
68373.9618,57112,-54733.6812,22523,34389.7425,-51719,-9663.2837,-70281,-12963.0189,-82748,12379.1220,-18805,-44338.8075,-74339,-65212.1589,59647,35518.0239,-64240,-75966.1249,21462
85960,-22933.6831,62206,-62052.4192,13317,-23742.0644,76864,-59614.1004,-96483,64016.2691,-24711,-49336.5126,-65845,-32637.5594,-15891,57393.9604,-91209,8806.1474,21706,51405.9861
-8277.4403,-13977,-84778.3290,97739,-95565.5225,87687,-2663.1889,6213,-30376.1362,-84941,-83432.7333,99875,93021.8613,-61095,-17948.9180,-41458,95883.4912,-12649,-39421.9134,-52992
-75167,-46766.1744,-11735,87927.1032,4941,81438.4338,80015,-99473.0416,53675,-47785.2016,-85308,46458.5207,79262,24708.7255,10854,48039.6365,79419,23866.6642,-996,1190.0031
-47820.2927,5591,-84550.8239,-8363,16956.2642,-45768,47952.1231,-266,49636.0510,67487,-97116.9037,-58988,43401.4949,2985,-4673.2785,7927,-11476.9641,93749,-93258.0866,-70534
26706,5722.2740,-10384,-56902.7878,-87820,85783.0755,-67672,73744.5715,-38180,13228.5057,-14218,-2105.5402,33964,1002.6816,16949,-82736.1411,96873,56269.8084,78705,-24236.0967
-24559.7549,84148,51970.7207,-35391,41644.5437,46835,70350.1192,84602,4119.3574,-56520,-28186.5171,62490,64896.1605,93137,-56235.1048,-24794,21360.5643,-20555,-64708.6261,-56556
-91773,-99033.6820,-81869,4402.4743,79255,-7849.2928,47396,61208.4492,-22689,3139.9059,-92347,49843.1248,54623,-2490.4484,-89734,-16281.6377,-51422,-21594.5924,-93936,85353.5600
12371.9639,62857,25996.3146,1393,-22930.1899,46295,-50212.8923,25454,-85267.6672,-36594,-14777.5136,-86180,78733.8850,12425,62252.1741,11532,-65595.2940,16854,-28234.4235,-35511
-89786,242.5840,-96584,-61384.5809,-53767,-2307.6227,55769,2393.2552,-31172,-57464.0829,-53454,-65055.8779,89258,-61668.6363,62340,16034.8185,-30922,65620.5209,72069,-18822.5277
-46699.2308,-70878,-16158.7674,-60965,23117.8785,-58734,-57194.7925,35586,-56864.7230,-55469,-136.2267,1109,-97500.8967,-29581,1523.2452,-10851,62805.8765,-57719,-75225.2400,82765
-31289,19967.8967,-22446,-36152.6402,483,-95882.0960,30001,-48025.2334,88863,35628.7416,-10643,-69217.5709,87202,-62234.9997,-90401,99374.3874,-87603,-64703.4616,20123,97612.1153
-41183.9223,28292,66024.6314,3008,-84216.1356,8242,58659.7005,-84492,-88849.1379,52140,71865.9680,-60942,70726.6190,-71160,939.8019,-20199,-50071.5925,26750,-67274.5610,-9900
20515,78262.4761,18234,-51052.0521,90870,61465.4019,-3178,50712.0226,43677,90262.3866,96319,-52706.6032,-49776,-72056.3446,21696,-98413.0651,55583,33456.1320,-57727,-16493.1311
81353.2606,-27853,-98232.8700,-48685,-68193.8858,4966,-6060.8206,-71139,47570.0264,-49613,-64968.7805,-28846,-40745.6835,45348,-98641.2586,-50445,-13429.5901,41723,-31321.3319,-82959
49304,-54576.3993,51386,-1357.8149,63874,-21820.4541,48448,98969.7013,-43057,-45031.8548,70430,-92212.3136,6659,-37568.5915,33824,69557.5426,45195,-39387.7507,-96227,-82138.0577
-82055.5471,-15777,6433.6588,-10771,-46558.5915,-39196,83120.1854,1026,-77224.5976,74919,-30806.0117,-70928,41528.1862,-98033,99514.9627,-96373,-43888.5495,29251,-75964.9320,67584
-63724,-75482.8902,18285,-38272.4766,-59044,-59325.6734,-58901,44557.5584,85375,-44434.3398,-73258,24258.3158,-26017,14244.0224,-85955,-73015.2329,-49544,-20917.9659,8825,-40033.0443
-47788.0175,1563,6924.0998,-90510,65944.9667,61465,48507.7625,-17314,-33976.7949,-12526,47034.6903,-21297,-7042.3352,85394,82096.2976,36713,-23069.2519,-41173,-97895.4145,89333
46463,-94239.9101,-5322,-53130.4386,-92927,57089.8973,-42266,-21388.1159,15730,-49036.9388,28645,21632.4493,-22242,52787.8910,54654,-74719.0445,59319,39958.3815,95392,-71021.0539
-51291.2323,-1067,77714.6850,-72897,-96548.8778,-38878,18964.4005,-84172,31751.3140,-56580,-74206.9913,31959,-4498.2431,2310,-77030.7359,-12598,2686.2709,37500,18878.3487,62165
-46629,-3385.5708,-34218,3838.2578,46917,-62646.1677,70264,74061.5251,98999,56430.8775,-1139,-85324.8371,84560,55339.0513,32729,80769.9181,-39270,53023.4366,-13762,-70702.1429
-44822.5082,8473,-12879.4805,79718,-1623.3414,-15657,-69652.8494,99094,-86015.9145,-11556,-90820.4766,24902,36791.9872,9391,-52061.5088,-47306,-57862.5628,-73150,-77372.6857,99056
-65907,20872.3352,26597,-26297.8285,-96565,-47034.5701,-92702,-41272.9256,-29831,-50738.6076,-20314,9997.5152,-16491,25409.6895,-62068,-91029.6084,-95373,56341.4537,-94662,-57458.1410
-16993.6214,-92705,95366.9445,55069,-85589.5888,-12819,7822.8514,-16957,-55016.5592,4714,5542.2900,82087,48131.9801,56420,-3661.9941,-79231,-34396.9922,39156,91415.7279,-65376
11306,-84540.7010,-92703,-56632.5029,96192,-6908.7588,33614,36436.0663,2989,-25260.9590,-88604,11038.9971,37993,74684.8712,-41393,60035.3831,38832,34980.9148,31085,93293.9775
-89496.4395,-34214,-22015.0085,-547,18672.1967,-1815,69368.6469,-93805,-23204.8841,81922,-35189.8802,-36513,-68390.0992,-4973,-21718.0914,43022,-66751.2135,36418,82986.7043,68891
-52454,-32928.3015,16067,71790.7347,22777,45317.2411,-78598,-75189.2845,-10680,30192.6952,26360,31154.6157,8069,6745.7984,-50421,35957.7856,65422,-18695.3505,-32854,-76257.2948
-58658.7456,-64688,680.7924,30633,-45857.2559,-12948,62495.2290,30520,-79909.4536,67998,-56769.1537,58413,-52669.5351,66048,83130.7725,-16627,68145.9648,-8176,97456.1982,-15054
39681,-43682.7602,-88340,-49448.3783,-4038,35408.0835,-62618,-15262.9078,94733,-69200.9648,-45548,42785.8962,-57346,-18611.1767,18117,-7905.9110,76717,-36803.8843,96034,96322.3777
19770.0695,-68419,-4466.7022,52209,44379.0513,-38103,-52933.5792,-31555,37037.9871,2498,-50084.8126,94985,9138.8974,32561,3604.1917,-89898,15035.9386,-95128,-18326.8040,97739
-57513,-68975.1851,-94975,13269.3991,8967,-19006.6321,-30513,-37903.5911,42071,76366.7529,77347,5167.3492,-83462,-72146.0444,-59543,-31146.2861,96235,68555.8562,13681,-77315.5239
97677.4513,-49943,46623.5358,92795,46652.8210,-73205,-10462.2951,-53612,15462.5081,42952,-18509.0538,6232,-43127.0905,96864,93110.7056,66917,-56085.4124,80994,75243.9702,60267
56295,12399.0169,-70012,-32086.8713,61923,7151.8914,-67878,48667.4974,-30848,-54305.7143,-11801,-60035.3153,-49063,23059.9877,-17581,16580.8735,-71226,44454.0096,-50667,-96167.3017
-52656.5683,23407,-30895.1876,-59732,11475.3839,80359,-11180.7977,-32031,-83091.3492,-98185,-36214.3679,-19299,31046.9574,-54237,-49378.9255,-97683,3679.6070,81564,71703.5126,7157
-87427,-29168.0602,66072,-18552.8789,-62045,-47281.5636,-25026,90018.0617,-14408,764.3264,-38145,67911.8524,-89165,7038.7954,-70366,27409.2755,-83689,-30927.5895,48924,-74522.3202
-99407.1908,-3107,71375.0449,-73955,-11226.6846,85258,72354.2722,9163,89725.9947,-8369,88301.1999,-20802,38372.4359,-79274,13302.1060,88757,-78698.7910,34497,-49339.8075,52971
29920,-44908.8479,50751,22252.9575,-77076,62953.3324,-25649,92436.2510,-54738,-42023.9828,-46444,26878.7647,22762,38106.8781,19891,-60198.6072,-76244,39252.4501,81789,1862.0513
-80817.6739,21908,-66292.0577,23090,61958.0489,-69604,45437.1337,-98833,-47543.0580,93744,77186.1105,-26748,55411.8877,78602,-66245.8495,-29748,-3216.5942,56960,-29872.7652,-65368
52,45286.1369,44588,-6712.9319,-23061,19189.3486,-6533,-94045.8846,52715,85831.7289,18072,11083.9279,-67492,98014.6480,-86503,-69718.8136,47098,-25591.1713,-18287,-4420.4670
-16293.7016,45902,-43069.6149,-43130,-7438.3617,-487,73670.3644,65835,13039.8045,25024,-29802.2725,-38028,2779.8614,-75881,-88388.7362,-82239,9750.6233,-33283,73083.0325,-11958
89615,51825.6194,-18350,-9214.5722,42328,-24425.6616,-31671,-83452.6266,-985,4875.6922,-22022,-16526.8327,77347,45610.6425,1723,8300.6408,25370,-83234.1935,72865,80184.8458
-53775.7933,48999,-93044.7094,36339,-97744.5736,237,62953.0336,43705,-63614.3483,-53142,3449.4037,54560,58.9464,-67768,23610.5361,-22765,82080.8291,74277,-57561.7072,43284
-6257,-53101.6460,52425,74841.0104,18328,11045.4166,43557,-70628.5271,49299,51649.5391,-23290,-90875.9901,-20129,-74158.8077,87789,37173.2813,-58100,22209.6536,34569,59667.0707
89339.2643,-48436,31933.9505,4414,-51910.3770,49127,-27318.6288,61426,-9577.1017,96034,-91824.2000,15863,-95217.5099,15941,-79783.8023,61715,11091.2828,-61048,99465.0026,-15384
-9023,-79145.0514,29566,-45832.5123,57482,-28599.6692,-38796,17055.4169,903,-93.9728,-2402,-61382.9615,15885,73281.7016,-6433,-43113.6080,-76521,-54972.6663,47575,57639.6365
-28803.2580,-78572,-50212.9717,-77217,88016.8025,-44001,-23021.7141,-86124,-19516.3433,35294,61342.8387,-26890,71349.1647,83769,53358.7135,50591,-12134.9817,85616,-31308.7166,85776
89539,-34771.5331,92384,24240.0401,41872,-33605.2379,-44743,-85615.2116,-689,-18229.7972,34501,17876.1880,-48979,-80888.0259,-8603,56374.9156,56819,52672.7264,-51408,-71486.2919
92080.1629,-19869,30941.4948,-92063,72892.5441,-22522,-28295.8259,31813,-55362.1646,44195,90751.5602,-83454,56240.7439,9631,37141.2441,-40095,-73321.5444,27223,-5387.0520,-64999
-34157,-80347.3105,-3129,-49631.8553,-1512,86737.4592,-69301,-69566.8514,88975,95645.8559,-72768,59775.0450,76943,54423.2077,1431,45185.3828,-81569,-55159.7921,-28344,29000.4040
52208.3670,51385,-62788.9120,28938,-40785.4229,62301,-25594.2649,21582,70666.2673,48670,51854.6628,95682,-30331.6849,26430,-26703.3835,57870,-79665.1304,32410,-33700.2365,-1508
-16942,-66395.4735,-70764,25529.9416,-18442,-66213.5781,-81753,40580.5636,-81485,-87532.5072,-48644,-3138.0607,87628,-99954.2967,56582,11378.3727,60233,59115.4738,32472,-16970.6405
11294.8225,45918,-37321.6649,-73195,65837.8130,-49725,-93954.6533,92050,98227.7076,-93328,33517.6029,17541,-65281.7409,26683,-66653.4959,-92214,70808.2518,-99686,-70020.1696,-10760
93305,-43270.9560,-93889,2853.3883,-39096,-79375.4859,67176,-57676.1473,40228,-85199.5220,-49651,-23802.1095,77584,-40455.7824,-56771,-84388.0476,-20415,5074.7357,32996,26016.4765
-86728.3486,94490,15251.1826,81889,89409.2949,21956,-30489.6699,66350,-56147.1498,-1999,99929.0036,-19454,7007.5171,-59188,-13718.9952,-32939,23142.3610,29974,89233.3987,5879
75777,9038.7831,56244,-76206.8404,5935,-53170.7765,15720,46977.4469,-36263,-33732.8490,71739,52248.9217,-25746,13927.8759,44088,-7780.6783,31626,-28304.6039,-34928,-10307.0127
-3695.7398,-36028,42882.5609,-88706,-11043.4094,-200,-6662.2739,-11713,-20875.4769,910,60881.5372,-83061,17972.6585,-88206,-50848.5986,79677,-97710.0226,97515,-98820.3070,-89835
95741,-71981.3672,71499,-64822.9351,62566,-13861.1203,62329,35041.1471,38525,26049.4020,45458,22944.9445,12466,-32599.4637,-30566,-11774.5346,66790,-7608.9808,22401,78595.3995
-96829.9591,91136,-81028.2978,82112,-63039.6575,-56831,-46324.5491,90827,39144.4688,-51200,69275.5250,49769,95976.4474,-30237,-90746.1879,6721,-77719.9842,90360,37239.5373,-45608
-96326,-87198.6072,-90163,18615.3370,-31641,54990.5859,-63709,60884.6772,50291,-45207.6413,42818,66311.3928,-62997,27814.5152,42686,43239.5685,-25083,-71733.9980,71625,1928.1841
49358.3158,-80226,-54566.0440,-11583,5420.2216,-49165,27418.3879,-18283,99870.3726,-93180,64718.5073,37664,38644.1312,-94061,75304.3228,38219,-94531.6743,-70017,2752.0077,96650
-9195,-30407.1983,33343,75691.4791,-66269,-84860.1618,12578,-31236.7601,58787,39195.7896,39891,-75656.3754,4976,-32273.8389,-5965,-63952.0501,81932,-91522.7646,68629,57819.1103
-42510.6829,49988,-22840.4339,69120,-78880.3142,27098,-3850.2697,-60191,-27857.8632,-61484,-35340.1749,34527,-57315.9011,-31537,-28375.8107,4794,91418.2554,3310,-27748.9528,71740
81430,37867.9636,-43176,-18485.6892,-62894,31182.9432,-41619,34383.4178,-85478,-96534.1774,49467,78677.3471,-88473,94173.1185,-42601,42193.1137,-36426,95240.8840,32423,-62544.1671
-38213.5225,-10797,46136.6820,-52672,42895.7769,43377,-39890.2966,-76923,-62506.0873,97247,-49527.9649,21817,47330.8721,58255,-11193.9147,-8582,-86537.0348,90091,48625.3464,-29192
88293,-40025.0231,8277,79165.0438,11661,33704.1125,-31476,-67440.4908,17110,-98578.3872,34381,4347.6710,-66451,39589.9684,48118,-62310.8531,99622,-75161.2017,27121,-52580.9302
1790.3060,52872,-55587.1408,-6865,-23704.0864,-10186,8974.1278,56275,37978.5734,8006,-16706.1244,68508,-26953.1345,79658,58548.2042,40078,-50067.8458,-33988,99491.8580,4572
97669,62311.3786,48633,34358.4880,25813,15913.9610,22665,1251.5159,-19070,30531.2572,-74603,49404.5793,5674,-93365.2703,22187,16331.1273,-87680,39701.7174,-64315,23924.4354
52154.5933,-68595,55195.0453,-99405,49416.7387,74644,-75014.3517,93606,67740.9106,-35020,-49371.7856,-81004,70857.0144,93421,-57965.7781,-13874,9652.0023,-77035,89554.5899,-77406
-98982,95241.9834,76182,8251.9890,60619,26101.5691,-88700,-32288.3926,-65771,-62338.2191,19483,78105.1526,93459,31611.2463,-25950,-37170.4327,42241,46743.8159,13948,-76227.3017
34038.6375,-20879,-49938.6503,19477,74195.6476,-22689,-98061.8278,-20030,7861.5116,26817,90781.7081,-66389,-62559.6300,62461,-77476.5299,44964,-43858.7019,76698,32633.3118,-27447
-1031,22022.5133,49134,78715.2053,-80324,17756.8667,24749,99992.0638,98393,79687.3670,-83404,25342.0324,-6077,27045.8006,64692,-41744.5236,-85916,-10030.2099,-43539,-76451.8835
-50124.6770,66120,91570.4927,-94544,-47829.1663,-11851,68094.9700,-57505,-50109.9917,-97466,-82596.0594,76876,93244.5356,42588,95433.1103,56888,53037.3417,-70013,54944.6928,-69632
-83942,-25105.2614,-41736,-70337.4448,61525,90798.7281,-9057,-77980.0560,26357,-17585.1228,-69604,-3204.3981,60534,-54.7609,-89463,-5994.4616,30673,-66364.2758,3415,89475.0656
4411.2725,-45851,-58775.1858,-12328,-27042.5589,63644,-57116.8110,42837,15316.7784,23318,21041.9542,-90921,22570.2054,-53812,74574.5990,48653,-59665.8544,4791,11632.8404,33072
-45938,-54550.7581,9660,-51220.7505,23258,-89568.9347,8211,-22533.9172,-44247,670.6371,70399,62684.4896,-28214,4466.0038,88798,-34070.7159,-7149,-48604.4156,82482,-70475.6193
84327.8493,17377,-48599.9632,59648,-62792.1617,12511,22473.6059,34028,-21299.2106,-15778,-94368.8675,62422,-29067.7198,-37756,-85027.9598,30442,-69910.6547,70405,7641.7044,-76259
26371,13898.1727,-16784,59581.8895,-79554,-69113.0085,47243,-76838.9713,-44644,-1394.3430,-86705,10693.1481,80281,13296.7495,-23132,-50333.2169,54944,2218.3781,-15467,-72584.3665
-38638.7046,84147,-67939.5079,86282,-39253.2903,49110,-56253.3999,-63919,50623.3432,-82636,84311.5342,-55689,-60622.7540,-96316,-70130.1314,-64287,79959.1152,61882,443.6399,61118
-37630,48222.7426,25448,-70001.2847,-12630,-54556.9937,-15847,15388.3545,-85265,55634.2704,89843,-55442.6842,78856,-55422.1643,9788,-63015.8239,89316,36744.5463,19585,71089.0744
3958.2112,-46002,-89137.7595,-6308,56271.5847,-85278,87325.8426,64893,-83476.6235,9622,-16835.0390,-61605,-55349.4980,-26120,-74410.3067,94369,96426.1345,-43112,71110.8696,-54445
-74318,-66108.6049,33915,56443.5386,-20063,-63196.4881,-84555,99475.1823,-10020,-9377.4225,-35663,2123.0198,-43827,-23267.8001,27413,86417.5860,251,-50390.6483,-32516,-60894.9585
-52042.9650,-67943,37279.8687,46088,-41635.5897,44657,15712.4693,22665,-80745.4320,-56919,46833.5671,-47099,-54743.1397,64592,-45801.5788,33690,58216.1342,21175,-48662.2112,68688
-25047,-17526.6487,49977,-48970.5895,-72128,-89904.5101,1919,-17968.3614,88788,-72880.2390,-56509,-56138.5504,-96127,40659.7684,-12718,-39911.6354,-668,-83621.0878,-94295,-76780.2266
-91467.2596,31250,-60402.2694,-37590,39462.5576,-18791,14197.8187,-99060,-31954.2186,-9833,30591.6744,74824,11293.2988,88432,-30474.6830,32049,-14344.9049,-3289,82114.3661,15394
-33231,-90280.6676,88876,-65300.0567,-42497,-67570.9723,43006,-74644.6648,60355,34875.4461,24331,-7042.0739,70547,60639.3857,-75117,67455.4865,-89304,-59176.1197,57868,84069.1830
33860.5785,6074,-20930.6477,-16478,-80611.8865,-45357,59741.2118,49921,-22723.4461,-62022,-74154.9497,-47303,40012.3195,-37621,-81716.6843,-39776,45454.0933,21380,-76279.8107,30654
-58059,88072.5835,-84502,71269.7824,-46901,-36392.6942,58449,-41493.8311,73760,-76004.7455,-4736,-30665.0692,-97497,66160.5106,68885,-98545.5851,-86129,95807.0922,-47954,46494.5774
-24411.0928,-37488,-86564.4531,-7399,11707.7445,73625,62872.2607,-70984,79921.1739,80517,60793.8592,50621,-29385.1353,-19459,-37378.4044,-57990,-80172.5556,-54994,-2496.3250,-70496
36266,-20157.3793,-35581,5138.1308,67281,58149.9486,14221,3520.2283,9367,93486.7446,-56556,29085.4687,-78986,-29939.3876,75938,17087.8770,93718,37968.2216,90775,63144.4235
37226.5693,65676,69037.2111,8221,47507.1272,-67410,60960.1182,18102,-43763.1005,93178,-12889.6815,43051,-41182.1108,65935,-81455.1893,-48809,-25356.4455,5045,33798.1936,64790
55923,29934.1381,42890,-73378.4684,92473,4282.9148,-2990,60209.0937,6085,96018.6344,-57442,52213.3792,-95129,22218.8417,11191,-3644.2057,16001,-26551.3824,-57109,-97807.8708
61503.4434,-89222,-44188.6474,-67224,74140.9394,42946,98023.8705,-92168,85886.7554,-64858,62204.6465,-81168,75892.0255,21406,-12616.3666,27064,84857.5256,14907,78880.6012,-36600
58524,-69238.8961,-27339,-35306.7037,-51230,-26018.0343,66991,-87272.9910,-49293,-1487.0499,73228,-31.9019,-27086,-90825.4193,13646,87395.1557,-39762,-4766.9668,-60456,2870.3639
-32932.2740,13141,56543.0788,44676,91731.4811,-41768,95790.9975,82906,-2742.4089,-46752,-68647.2320,69346,-39365.7226,-79176,-9500.0370,94616,47664.8716,-92739,68118.2661,-63128
83297,-86910.2262,-33514,-96812.0190,79322,-13718.6073,-57490,97491.0877,-55474,66908.2664,3456,-73901.1453,-585,-23226.9053,88512,-55158.6008,37338,-4844.1308,24175,83873.3541
-95015.2299,78509,58313.3435,91007,65036.1552,-27667,-93724.2395,-1055,-48547.1395,86873,-55969.8685,86012,-41256.6223,51038,-15227.6161,-62967,-21510.4761,6596,98720.5877,34395
20753,74837.0761,-89877,96287.0593,-18013,26904.6287,-56590,9922.5432,-38299,36386.6662,87105,26738.3231,56329,-95794.1511,35261,76255.6609,-28815,82425.5379,-48460,27420.5445
82127.6436,-76196,-31941.0870,20095,-54955.7814,9162,64291.1458,-55634,92111.8520,-59348,91849.5773,96438,34885.8281,-64743,-71789.9294,74139,28411.6118,22658,-90325.6917,99621
-70864,22408.8304,-18045,-51152.5473,-35451,-53400.4182,-53502,-52821.2449,-16977,86373.4420,89789,-13269.9222,-86228,95163.8459,-70065,51708.4082,52031,78738.1183,-64399,99001.2199
53791.9010,-27402,-31045.7817,67551,66405.2905,56252,-5323.8939,-75908,45481.8624,94438,-5712.7251,-79080,90309.5376,89752,-799.3401,42340,-99648.1647,-46686,67444.3608,38209
-99866,-61295.2779,-87317,30507.8298,-67261,-69981.2806,-41477,1098.5115,2279,87050.3997,96029,-37263.7014,68227,16172.7264,72985,-93098.9330,-55166,79135.4789,562,-56712.3001
39242.6633,-42946,-97177.4507,99047,54958.2346,-82234,88365.4902,64078,52195.9856,-16758,-78898.4332,69494,16044.0139,-84170,-81684.6880,69240,-14376.6272,62808,24521.6350,-59544
82271,9334.7976,62849,-10043.6273,-86134,-48433.7170,-6603,-86577.1095,-40577,38501.2791,28599,-64829.7623,-89998,13478.3142,7961,8054.1177,-17828,1097.5771,54867,-49298.2051
69696.8243,-44186,63494.0862,-7696,-29899.6529,29872,93977.5613,19903,-71765.1246,68141,3942.5056,-13288,-38377.6556,36186,-29540.9808,23239,-45999.4292,76272,3411.5984,-99599
18119,6562.8466,-93051,-97383.3699,-55954,18568.3037,70693,-24919.3006,-95672,55379.0836,-75199,74501.8740,-67753,82171.5778,79732,40040.0407,-87584,99731.5079,94169,94432.1738
19847.4408,-79598,-80697.4835,-87045,-66578.3656,86292,-86596.0966,6317,-35741.2464,70488,-59900.1305,-91093,83347.8513,89866,58228.3191,27690,-31677.3777,-82391,66491.7242,-3606
22761,-13729.1041,-29758,-21546.7155,-78925,48122.7655,7427,96328.0321,-555,75851.2525,61551,53857.4822,-87094,16778.1901,-81440,18729.1636,-42571,-89888.8829,48252,-53006.2647
98286.1377,-44702,88695.3877,-74860,38922.3178,-2430,-58429.2146,-15096,-23352.9641,-13167,44930.0107,-39832,87374.6506,60797,134.4337,49519,-88311.5252,28452,-74612.3956,42879
-48007,-49307.0058,75242,16854.0282,97398,-26760.2481,13221,82994.1889,-20894,34782.9576,19757,-61472.7084,81857,-17952.6436,-49755,92760.9225,-91097,91216.0586,-11747,-43144.3056
-83096.8897,-88771,53862.0224,87850,67549.5579,-43237,-94549.4508,-53768,-79186.2389,-68990,-37335.1551,45527,-68840.5204,61723,-44101.7963,-1263,266.0059,-96980,-96495.6905,99975
15491,-35793.4176,-17143,76720.9527,-89997,16406.5807,49277,96112.1074,-46609,-16253.7864,-70582,-1977.2181,-19408,-54017.9919,-73997,-5223.0928,85861,-24068.2213,37853,6198.1722
37848.7957,62716,-69550.1012,-91776,56075.2666,-72000,-93101.3352,-64465,-5098.0761,-75047,-72193.9045,-68699,5208.3628,94388,-52912.0096,-16610,16259.6278,4472,29631.9275,26625
-87249,66426.7086,31992,-55658.9662,81201,-46345.7290,81203,-66843.7283,75888,-58930.0177,-17415,-3720.9015,-56562,20881.6565,46466,-1992.6402,26692,-22988.2639,-40427,-75546.0247
-24887.5509,-35832,-95812.8486,20383,-6480.0507,35978,-50133.7607,-85266,-31978.9270,54317,19863.9035,-66880,13285.8654,-58838,16821.7987,-91992,27036.2906,-79358,-11900.8457,-53834
-4534,-50136.8616,-80889,2364.4720,-87742,93618.7175,-51411,-17638.6862,59954,38772.5593,14638,61357.7898,55980,-39505.1313,-92477,65397.3385,1142,84127.0553,71423,-6666.2962
-64874.7648,-72035,-50461.2356,-16866,87302.1996,-725,74038.7226,59287,59845.4152,-71122,-38340.7691,-29628,-44114.2768,-58808,-76052.6985,63361,-84165.6836,80332,-1146.2407,32272
34865,-97132.6508,-86426,-23309.3542,-1337,-23752.9906,-64221,-10680.4960,48011,-53124.5806,56473,-39811.5464,25002,33093.0693,67933,-93289.5166,-30575,26626.5224,-18985,47425.3944
75032.5383,-90941,-6053.6031,52637,36359.8674,46654,33565.0451,-82204,-86202.8260,-73581,52216.5643,69766,60693.0282,89991,-15656.2496,-1984,2904.9607,7124,-35242.3977,-75408
80923,70359.0944,34840,-59361.5962,-55736,26408.2773,-6591,86637.9012,-28551,52207.1633,-77839,-61082.3539,17172,5332.6503,-15263,74410.1151,6751,17992.3159,74154,-60448.7436
-45816.9933,77436,32216.5217,-31911,67164.1627,-60054,-49849.3289,-69935,74172.0833,51142,40531.1372,-48237,-8809.6670,-39595,45461.9669,96720,-88844.3914,-29100,-81678.3446,-37713
-11633,97222.2998,-79924,17149.5926,-91484,-891.8867,67959,16528.3650,27667,-13901.0861,-84202,77230.0155,40354,-42171.2029,-21165,53163.9277,43340,-38708.2635,-87893,34808.0475
40898.3324,72501,-52863.2574,17665,22100.9340,-11611,87568.7571,-25348,-25102.6355,63935,-93389.9154,27730,47795.6153,-54589,-52940.7146,50181,61959.3181,67990,-12597.3952,33009
43829,-59029.7868,26597,81153.2764,45937,71224.4621,46535,44502.5581,30054,-1745.8463,20677,-57866.8494,71332,27989.8898,62288,98725.5228,52047,64824.6573,-86080,-20111.5617
33104.9934,95908,-16808.6308,69396,-28677.9862,77008,61316.9931,-67402,-95290.5204,-99552,91844.9864,2359,-14879.1449,28391,-3285.6234,-8218,18270.1866,-96441,13114.5268,-31125
6619,1487.6206,51830,96510.1260,46818,90175.1120,61739,5756.2211,5081,33819.4606,33817,-60276.1278,43081,-10729.9703,84967,93600.4349,46624,-51718.9771,58755,90859.0064
-64976.0322,-22479,24507.3846,-81990,9415.1950,21819,-66892.6059,18558,-52680.2688,-90529,20568.7479,27294,-93901.6984,22806,33661.8227,42176,51028.0436,-54112,-91899.3415,65923
-52811,-76850.3695,15804,64801.1331,20788,27773.2237,-86508,77371.0200,-17384,-50479.3079,-49983,85865.6677,-45849,43416.2445,31004,49980.5997,98723,27817.7168,54546,92103.5748
74321.2991,23069,87523.4704,41843,-97230.8093,-66062,-90696.2849,-99118,-41105.8495,-54692,49633.8161,-59787,30785.6625,50299,98508.0553,-18163,60165.6625,83952,-22911.9071,-4321
61323,-50412.8284,-82534,-31401.0269,88524,84231.7914,95970,-15997.3178,-40952,-35909.3624,-15307,-77475.7778,44027,46431.4294,63905,-76122.7060,-59934,22919.6862,-3859,24959.2970
-26865.2814,83507,-72116.9589,-2058,19794.6165,-41700,-45601.9022,33885,-94377.0421,90617,-59283.3257,99896,15574.3551,-63033,56725.8710,57370,55198.4913,-95476,58391.1251,25457
-67015,-54120.5489,58829,36870.5374,-46706,-4941.5044,72407,-89099.1999,-23445,-47651.4314,24157,-98559.3530,9751,96123.2995,-15720,83011.1584,8821,82649.6567,72196,20064.1021
-6749.8742,-14880,56692.1358,-26361,92133.9050,64381,-78522.3301,-70748,38828.3712,-2360,-99323.1430,-28592,-70506.6589,-71823,-4699.1655,-29216,13975.4467,-62263,-59769.0479,47894
83494,-65633.3284,-45444,-8611.7042,-45078,-78552.2316,-76107,42814.8463,53217,87380.1842,4023,-6411.8874,-42675,-62308.4360,-98376,5812.7801,29349,-25016.1253,10973,-8762.3368
75104.6476,1364,-93347.2301,88659,-59874.9623,84594,-5731.6365,-86580,-12138.7603,70768,-80703.7407,-67796,-77669.7695,30517,-88480.5275,-98667,-6048.4927,63835,43032.4284,74165
-93938,-99896.9097,13679,-90899.8049,93787,-32330.0004,-34092,6208.8491,53918,-30162.8549,-21291,66742.4267,-98697,-71220.3243,-55928,-8819.9664,-17527,6545.8019,-732,67272.7523
-32077.3265,-19553,95029.7938,50681,-25316.9597,32036,-50364.6855,72569,-34380.1143,31458,91534.9534,6319,7046.0924,37414,84862.8238,48858,-60905.3103,71667,10257.0172,98486
84188,69175.7225,67082,-39124.8304,-85995,-81564.1932,-83903,28383.5170,82972,13008.0786,-10940,-29541.3167,-51767,-24151.5898,86453,27865.2374,-52582,29621.8562,-74445,91423.7888
98218.6443,-44979,28554.4195,-9583,-58518.9717,-45415,-9094.1974,-9960,869.1281,88216,49035.9930,27292,-65580.8865,68024,-11575.0815,-19885,-37653.6583,20178,-67706.7219,-48180
53980,-44858.4005,-47175,51748.5423,-97416,-33604.7117,-58013,-84294.9565,23311,21347.0926,82000,-30779.0649,31458,-3021.4157,-54330,-297.4053,-61631,-18234.4611,75208,-15599.9896
-24355.2265,46071,6976.3069,66704,-28372.2166,88008,-51267.0556,5405,-41629.6295,61976,-26244.2285,88826,92724.3060,78002,-71368.2885,-44868,-87719.0654,-2480,-91239.1949,75871
72955,-33094.5081,-95962,-13404.9982,99094,-51071.9606,98314,-26632.7777,49727,-3392.2972,74244,-75215.0402,94081,-58204.6142,35786,-13974.6779,66763,-30030.6449,87370,-35372.3694
96612.8491,-38191,-59695.9876,-66771,3271.5744,23423,-94905.8219,44627,-29759.6040,-83337,40484.3012,-11081,-62432.4301,-15906,-15093.7570,-92760,-47348.6314,-4127,-94372.4258,-89796
-15341,10160.9822,40245,-18172.9138,55500,-74188.4359,-33209,94972.8575,-17344,67565.7247,-8603,32945.0074,-63599,93336.6335,60841,25977.0974,-89112,6081.1074,-1793,-36632.8953
91503.7031,4935,-2486.7243,7105,14275.1741,9659,-46318.1028,11723,-42823.8831,65721,84227.7319,-13664,-10068.2897,60764,20262.6370,97396,-27254.1850,-54701,46779.7301,-63253
-53293,-89674.1789,-45163,-77640.2603,41278,96724.1825,28378,57345.5728,9940,9199.3438,90283,-95940.5031,-63400,-46061.3324,-50842,10601.8703,-80421,-55792.9109,69477,-79962.1304
-20148.1275,-68205,-70950.4039,-9294,-16776.8369,-21595,83316.2225,14809,-46926.9946,98109,28849.2093,-94847,-92827.2275,72535,-59621.3935,82649,38615.1736,9562,43482.9527,99608
-69837,-46041.4905,32210,17771.7657,80117,89023.9229,8546,-28016.2475,33480,-53572.9083,60979,-12406.2157,80903,31369.7266,-35232,-49181.9529,-42456,-98628.7354,-16513,61715.5723
-35780.0721,-32693,-71890.5434,57574,17351.2803,-44984,95537.9100,2336,53455.5981,20273,-20467.6233,-13223,31701.7237,-73242,-6440.4992,-24184,-6422.8665,-59594,22861.6811,-69060
-59738,56558.7498,47698,-53882.0766,-35294,21838.6002,-66684,69508.1448,95690,-80545.6358,55714,9629.8420,-37963,11863.8249,-3832,-93157.0048,19790,-82623.7198,-31615,-52245.6844
-48354.0223,90259,88021.9223,-81406,61161.9253,-34810,59906.3814,-36925,-76568.0165,-85434,95372.4045,-1357,-69509.0086,-29018,-60936.4402,12198,98037.2694,-91741,16185.4460,-93215
-47118,98621.6825,-94078,66430.2284,-51092,65000.7243,-39735,12848.2469,-88091,-42582.9136,-30325,-90913.9447,78982,37886.3562,45962,-7855.7725,-96276,22334.9500,-96484,-2736.8200
18450.1756,-61813,-70066.7898,-15639,14846.7779,95168,31329.0444,-99811,76600.4590,32588,-63275.3971,-48227,17876.7510,-98093,420.8506,-52475,-50479.2840,-70486,-69017.2774,-42424
-25439,-50260.1036,59045,-16968.8868,-71918,-63625.1718,48674,63270.8974,-65878,-98074.7882,-61992,-84626.3036,-65167,60867.6564,89939,86051.3245,39926,-70072.6376,-65346,-63257.3827
-21985.9230,-45918,79961.7841,-14259,-86156.9666,-34094,61105.5872,88271,-3274.6041,-7036,-4184.4419,83034,-87966.7138,44219,45602.3082,-80786,-39784.8435,-1494,39292.0913,-60420
-24817,88047.9830,70391,55542.9753,36657,93352.8707,67173,-299.6890,14793,61841.3248,-61592,6677.0635,81452,-64268.5104,-90714,37369.0018,-39792,48880.9626,85951,39135.7190
6292.8266,-77154,46682.0541,88143,70639.9321,-98523,78762.4670,35370,55025.0418,-7146,49913.8336,13551,99718.4840,-22878,-75047.7022,-90374,-81174.7885,68456,-36925.2460,-44190
-69181,87145.8535,-94751,-68199.4115,-77744,-70690.4347,18911,88056.2874,-24430,-1771.8558,17261,-40992.1786,89491,-44406.4513,-55517,-90008.2504,-61656,-72743.1832,-40695,82502.4652
-7970.9960,61877,33728.3631,-59556,-15365.1647,-4395,-50836.4035,-25813,68854.0045,-18157,38607.4184,-92477,-75801.5516,-87562,62582.6698,-14048,-8583.7831,-12004,57998.8004,99571
-55763,-26485.4381,-95079,80605.2969,-63364,-53805.3260,-54902,-26854.7751,1186,7034.6202,38028,-57091.6695,-9520,74032.1662,-16048,-14530.8278,-34037,-54453.0328,76549,-6944.7969
47147.2631,-32691,-64449.1241,34568,50179.6123,-67587,11013.8288,-1623,27207.7903,-97122,-77251.0636,-11644,64758.0979,-97605,-52180.5715,68907,54574.0853,37019,-65669.0322,-52302
-24450,24780.0783,55031,-36336.1601,-64887,39547.5741,-61388,7405.9816,-21334,60949.5229,-94353,-82366.1582,4895,-48050.8346,-63321,-31546.5199,-87545,-58959.1078,3323,21389.1773
-73224.5351,69575,38556.7586,36654,-63052.5412,-20851,-64613.1752,5950,-7917.5819,-55529,27674.0283,-79001,-73795.1037,-77317,21658.3423,80985,32580.0100,86985,41968.8499,85243
81061,-40113.5382,-98761,-4450.1675,-12901,-82494.6919,65298,-94887.7126,-84574,24353.1074,-18736,-24450.8976,-1465,-65691.4283,-11021,37101.4953,89509,-80645.9030,67494,-55643.1372
-40563.9722,-67393,6574.3207,63280,-17510.7286,40109,1535.8730,57249,57106.1513,78896,98401.6319,-4030,86570.3630,7057,8684.3875,-46414,-79508.5558,-31970,18083.5468,2369
39342,-34482.2952,68436,-75400.5107,73746,27912.7696,38668,58814.4865,-74419,42193.7169,-18953,-14725.4559,69477,-67224.9711,-51345,-54373.4562,63453,-47882.0304,-58346,-88339.3076
71700.7438,-87396,-28942.0432,-22612,95288.2454,-35246,62932.9317,-46888,96219.3251,37804,-43310.2328,48875,45260.2785,3005,-21334.3942,83491,52848.5943,1969,-41874.7119,-10226
-68038,58339.8425,97785,-63862.3245,-85985,-48669.1427,-52097,-10777.9215,27179,95556.9591,-34418,-9657.5441,-36903,-42669.9096,89910,99755.8844,-13392,-70624.4837,-92227,54936.0334
-69583.1771,-95326,41493.8875,69415,80946.6187,-71449,-25782.1367,-50053,-83902.3624,89502,13404.0293,-35704,-5705.0532,64086,-61677.5875,-11365,-73792.2878,98920,-63567.6222,80311
6143,-86727.2102,32634,82807.7432,-22768,-64110.2567,91875,48733.1060,-83099,-94044.1552,-99725,74552.0875,-55485,-63648.6303,51007,-99468.4577,53100,-78744.9770,87518,-41347.7850
-15784.5377,91736,-8630.3862,-89673,-78296.3485,29056,74714.4994,48175,-99449.3651,-32001,-81419.2417,97023,-64645.6182,-21144,-25903.8308,98627,-74710.9051,99609,98052.2605,84062
46260,36265.3813,-14424,-39640.8024,44552,99673.3940,-59122,-53240.2897,16051,98737.5111,-40433,78191.2805,75256,43629.9327,2175,-41369.4799,-52892,-51984.3045,70611,60578.6694
94845.3252,94940,56851.2370,-87085,-23509.8368,-74021,-32901.2609,-60672,-36625.1985,-75352,42086.9733,-67728,5324.5761,-70484,-75314.2503,19860,-23431.3740,92023,-25370.9883,-88196
-2319,74272.7367,-16660,-38373.8619,-598,15384.6926,80030,52832.6604,-31779,-52504.4081,60010,24864.0024,-91877,13652.2245,-61018,-64577.3356,-55653,43507.7556,-25959,65548.5553
6680.7734,-38042,-62459.8461,5861,1772.2274,43979,-30994.9548,8455,-24153.2866,-63510,96961.5034,73835,68980.8553,-81745,60313.7406,-86726,68815.6070,51680,14688.6900,92453
-8482,-20228.8416,-89242,33729.8856,-18888,-10960.0548,-1116,-22328.3607,-10186,92894.4678,-1790,12854.4840,-11516,-2313.9091,72900,-58444.8983,19202,-61831.6640,-30347,30915.3834
20192.8416,-22113,11922.0267,57699,4009.0211,-6793,83219.8531,-66670,31899.6593,-4908,-13728.7705,16037,31164.5336,-10546,-47876.4814,17331,58160.3107,72453,98318.6545,32173
70772,44928.2954,55873,59585.1899,-12369,65018.7098,-2264,-45186.3288,-71225,98472.3344,-40545,-54808.8459,-23750,-224.5895,-19693,18566.3234,57118,24419.3635,30724,28300.3825
-96463.6321,-78674,-97609.7766,87022,-83517.1917,-4663,21584.9872,-3954,-10159.5755,-44724,46091.0976,-53101,41523.4539,-30545,37707.6835,72745,-60702.5703,90547,99733.2073,-37409
-48223,22875.9480,-98999,-32987.5052,11037,-38089.4546,75150,-15523.2227,53171,62599.5421,92879,-56742.4369,-83956,-97833.4445,-66170,51832.5322,17109,41919.3654,82810,-93334.2916
-76705.4228,84862,-20610.3302,-81021,-49510.0441,30227,77348.3015,-74716,37970.5766,-54654,11569.7049,-39128,-25185.1010,-95553,-44254.9815,-77903,8890.8864,-10263,14740.2043,41763
-5868,-19902.6816,-98081,14337.5234,70976,-18028.7102,29201,28468.7546,41673,-56303.8097,-74703,47970.9064,-53794,-60821.0568,55054,-616.5573,13175,84263.8183,-295,-3048.9765
-44644.3036,-41980,72627.1049,-95003,-55560.0855,-18554,82772.6999,80408,-61041.4977,29673,76698.1328,-18270,80671.8381,2041,-61105.2206,-61074,29864.8996,-8171,84743.3444,98447
-77022,21413.5077,14112,-99755.0729,74813,88849.2107,-50878,71845.8984,70446,58535.3447,3611,58098.6093,28228,-2398.7108,-96799,-19230.0057,-49808,-82769.3937,18800,-25920.3999
-2228.9068,-11715,55759.2507,-12729,-78761.8256,-3979,39518.0670,-87180,60109.3148,3410,83235.0797,22251,86700.0698,62237,-54889.9988,15912,-77581.6813,-2583,23672.0123,66115
90822,18617.8347,-47144,-52228.6329,-20114,-49550.7757,99639,4521.8655,1829,-72332.1245,-92410,-50604.6364,-28141,13926.3481,-55131,39809.4554,-31833,74139.2901,73405,-66433.8823
-59946.5143,8043,70213.3485,76897,-67940.9641,88887,-71259.9739,52325,-10688.6213,28749,-55697.8868,-50696,-64912.5746,18231,77515.0102,4851,-84239.0445,81651,58507.9832,-4167
-64727,-71648.4982,9401,-45122.0103,-60807,32907.8180,-39862,95333.8704,-70881,47000.7054,-96585,-87518.9808,-6928,-58901.7096,34639,34383.8551,-35102,80803.3185,26329,-58140.2253
74292.5766,-89620,7938.3826,-87779,26763.7961,76427,46920.6677,57132,-85796.9884,-86170,-47417.2192,41494,25712.0310,51693,90847.2836,6677,66216.4207,39044,-64547.9499,-68716
-55831,-13992.7686,29601,9535.6850,93900,67438.7248,60906,70259.0558,93135,-71666.4874,94364,-90506.7363,91178,-6714.2929,88677,-23288.8312,94939,38664.0709,-78461,54897.5215
-65018.8682,-53092,91507.9173,-3544,85784.0713,-18327,4138.4132,-32848,-37845.7006,80853,-88436.5403,18943,23621.3231,-64470,-93911.6975,43628,60136.4403,-62808,-45437.4749,-69531
30482,-16859.6795,-94740,58121.7690,-52633,-30587.0056,75636,27138.6430,90059,-7301.2818,-13548,47371.3541,-82084,90752.5384,69974,-215.8983,95103,5819.3445,-26066,65454.2156
-94830.8813,26270,-2780.6178,-76544,-81590.9784,-55539,59199.7279,78363,30304.0056,2422,-96128.4992,50342,-92045.1636,20160,-98986.1625,44892,14641.1707,28451,-93289.4597,-2926
-77401,76428.8071,17282,6567.5372,90776,26035.7807,72287,-64099.0783,50303,-97369.2640,29063,52032.8356,-48627,-17184.9193,97438,-24865.4761,-18168,51424.1705,35482,-30773.6411
27062.3628,-43835,1349.5543,23822,-8129.8065,69404,52844.0157,98587,13269.8076,24587,8325.9465,-21754,77904.1945,-63058,55116.3197,-42840,40699.0203,-4543,-67715.0182,-3315
-52535,18687.0328,6665,-5545.4301,78201,36228.4704,20824,71736.8751,98362,-9329.6334,-75488,-32752.9881,85493,-86879.8910,-53293,44168.9716,-17569,-63279.8076,61341,-8348.2998
9138.6551,-53796,79061.9525,-85045,-82713.4597,8681,29081.7093,92945,-88061.9618,48835,-92034.4182,78838,-18440.3458,-39783,74128.2452,-67202,25835.6264,-47892,19883.4052,-71079
-69146,-63494.3919,34583,87488.1094,-88381,-42077.7314,-93422,-45330.9565,-38654,64876.3045,33700,62289.4818,27075,-74268.7172,74351,-64363.8984,-13083,2001.9455,-58556,53904.4528
21843.1146,72499,30128.2646,94496,21057.5296,-69392,41572.9934,70024,1919.5812,27473,-43717.3666,51474,-76789.8807,71195,-13723.8332,-71004,-34194.1716,-92090,-18798.7777,91665
41284,-86841.9179,10630,-65650.5436,-16780,-42604.9150,-14968,-11048.6829,43316,86992.0805,-64568,31631.9444,27792,-81070.9384,-12409,-31493.1036,-86726,94514.8060,-83375,-39539.7207
-53310.8690,-21499,70753.8413,-82110,5958.2005,-77855,57678.4586,33158,-15236.2918,-38487,-19080.0700,58528,-24932.3614,88971,-6089.6968,-51467,-95364.4450,-20009,-77766.1386,-98078
79909,81368.2924,-84008,42966.1762,-12376,5112.3681,21033,86114.5676,55986,-63525.1540,93936,66501.3583,-17196,-37449.7535,63122,-23874.0729,79256,-23699.4957,66227,-62108.4163
31642.8523,3941,-96454.2181,47402,41589.3856,80634,-54475.7761,-96003,-1471.8039,1617,-52074.3915,59904,70226.7707,6567,42664.4840,-81003,98962.6805,-29455,-38448.3719,48425
92298,56606.3394,-58042,-94865.0676,-33836,74623.4306,-3576,-65737.9675,-4713,43929.4821,51699,59148.9028,-53727,-93417.2838,16771,82962.8733,46929,-51603.3653,-64823,35898.2943
32115.0432,-31088,-16091.3888,-84609,27157.9257,-33832,-60424.1467,5459,40100.9383,-11667,-71544.2326,66229,3644.1127,-7156,76311.5623,15590,45293.1456,82081,87800.8694,-96741
-22683,-1851.0384,97042,11514.9648,-269,-719.8974,-97029,-65560.4565,-55567,-68963.3038,23912,-73908.1686,48414,56958.0803,-13409,58154.0150,-12916,-5004.4948,23498,-36882.1224
93110.1408,33238,93188.6269,28240,37176.7335,51405,-39608.7243,67958,56879.2231,-34796,-64072.7792,-13297,-71983.4397,1115,31452.0739,31772,13050.0240,19888,78678.9634,85117
-16655,28315.6689,-82529,-48240.8520,84045,-31135.4231,-53362,91266.6688,-60986,-25019.3365,10588,-64291.2250,-91387,35138.4604,71931,67517.9586,-95533,-1028.2365,24685,26840.5160
-36190.0683,-5124,78230.4077,52595,-32383.7519,-56792,17512.5030,79053,-51124.9212,48277,-68312.5713,4832,93225.9251,-37736,22069.0929,-1081,-50905.7154,11460,-41832.9877,50101
69425,-96746.4570,20065,-53713.9558,31200,92017.9458,12795,36011.9056,39247,-39603.8842,29279,-29156.7295,6583,45503.6098,33522,-66623.0341,50997,58529.2896,35898,-5769.1644
81462.7623,-45411,-35951.1331,-14800,85421.9492,-91564,-43271.3415,41193,9557.7534,40789,9975.3943,47418,-5525.2941,13687,-54187.9387,7947,-47375.7968,41530,-67237.0478,-17801
-9030,34243.9741,29250,-23327.8159,73742,-60736.3243,-21359,64297.4002,-15818,-47602.8184,57599,-96957.6017,-41839,-7000.5575,87135,-42950.6580,-10735,-94327.7871,-44334,10679.6409
-17491.3850,-82731,41700.2923,-16169,-49078.9042,66496,-87684.8195,-56789,-95206.6998,-30331,-26869.4655,-7949,15717.0497,-73638,-14064.3117,-21633,96508.9228,-96061,86382.6500,-3111
18954,84823.5450,60150,-66734.7433,55749,-45144.5418,75696,81240.7129,-53491,-75696.6239,-96657,56345.3791,30818,47843.2549,18756,66861.8621,12341,-72950.3682,-39966,700.6523
-72665.6556,-87330,-12775.3675,7340,92214.3166,-81359,4325.4768,-47406,84721.9314,87077,63877.4853,-9512,56689.6282,-42125,82599.5251,80110,-69003.1451,25488,-65256.7263,57552
-18726,-38260.9740,-75534,51675.2225,-71,42998.9471,-63588,-42520.8696,95267,9935.8404,12571,-96237.1030,-73766,17988.9835,28436,97859.9105,36551,13018.7093,-82403,40400.0289
47758.4359,-41031,5652.1130,-25115,-99381.2081,11339,-97944.7131,10730,-94092.4446,-72151,49171.8793,66180,50560.0766,38592,52773.1676,-2190,-36279.0629,-2403,63973.6153,27831
-45673,-15159.6599,-10198,-77168.7360,48541,-49869.1962,-99862,14277.2211,88089,-55054.0477,-21933,2917.9145,-69337,65100.7396,60102,-74446.5922,-99887,18818.9123,56835,84709.3126
26391.6904,31303,-24344.9209,22306,-85055.6577,90624,-9070.5793,-10476,-14494.3686,37561,12932.9306,73381,-30093.1603,-81904,-74532.8019,33066,62995.8953,-63416,-56510.2371,-35893
77564,81580.7886,24351,99579.2478,-74203,29820.2070,-71288,34257.6706,-62924,-5027.7736,30842,-14884.5832,-47297,-36231.6058,-40175,-70914.5946,36749,91147.1685,59613,-13959.1519
-18222.1625,14932,80526.4165,-33541,-8514.3235,26415,59933.6695,-89883,9973.7573,-50374,3127.2289,-40287,-63361.2778,29954,70975.0700,-99479,-66005.1669,17985,86172.2906,-97505
-54599,-22931.1417,92882,-12800.4276,-35648,72393.4019,86320,-33679.9275,80444,15853.4706,-64111,99.4060,-98053,75928.4964,-71492,85354.2400,55903,-5060.1011,47429,31622.7491
73065.8449,-79884,-50837.2109,-2921,11344.0306,40354,1353.9950,63381,-36261.6410,99744,-27887.4160,41606,-6257.2448,24931,38853.5871,-19125,-28869.0643,46071,67682.3298,360
31781,10805.4684,794,-71005.6419,67933,73458.1401,87354,48219.1096,78085,50605.2022,31837,3934.8387,96947,71181.2929,749,-65833.1554,-639,75300.8536,-6330,-50735.9509
17788.2819,-47866,-18912.4944,-2990,77127.4277,60256,-83094.4851,8764,5748.2496,-42356,32096.0197,-16072,-10272.9696,84901,-82469.7068,31222,48415.3019,50500,-88195.7360,-67531
72350,-95153.2977,-15925,28789.6467,63112,29164.8882,60091,-54033.1156,-65089,30127.2131,-65123,36139.4677,55123,8796.0705,10501,-40774.7809,78248,-50605.0273,-37302,-13206.3075
15703.3168,73274,-91228.6319,-67859,27473.4615,85538,65555.6398,-88422,92049.8175,-25345,26676.1281,-93506,-44900.8154,76207,76192.9798,90551,-71472.6190,-54481,-61081.4258,-30243
-58492,88149.6464,-97426,-61584.9866,60236,-45060.1501,-960,39509.0848,-30924,-88844.7937,72387,-47280.1148,-3680,64508.1830,-85578,58684.2754,44831,-9754.3210,91931,90300.6782
13391.7979,-877,-22363.7584,4857,53643.1303,25613,-62441.7578,-38891,-42832.5573,-64765,-92133.0403,-55759,88526.5541,-66237,-49402.3459,-92223,-18173.8119,-7228,12308.1424,-10193
-48812,-77896.8488,81111,22165.3313,-6456,56783.5105,-17438,53079.2340,7621,94164.2485,-44025,-61862.2997,-20196,-94528.1621,60527,70739.6257,-93557,-56805.4184,-29186,78162.5257
-2255.2949,-9906,-48212.9043,7693,-60748.9670,-33855,70388.2227,90436,-96824.0393,-90221,58650.7194,72851,82845.2644,-60424,-39961.7876,-89074,38946.6799,-18282,77902.6134,-88811
87499,-78317.8942,-95606,43590.0381,-66902,-36972.5614,2416,-17422.1489,-59792,-66774.5747,-62423,3339.2774,65308,-42473.1357,63303,-75157.9595,-38788,-91604.3129,97381,-92364.0422
91188.9124,7643,79834.7940,-21481,-35261.0382,86212,-8729.0478,-63208,28076.9290,2676,-86574.9447,64660,-91579.3829,-31404,57940.2735,88213,65360.9129,-85545,28977.7003,96558
-205,21142.2005,4639,94613.0763,-184,-48809.3617,-84491,61512.4548,-77992,28163.5472,50115,-4394.3131,-9373,48262.6568,91867,-76209.1092,-27084,64253.5057,87994,4880.2725
-64362.0729,-86483,11875.4439,-749,-86443.2426,-73686,-84265.1478,78708,-82305.8346,88293,-66722.1989,-97618,-32009.7676,20944,36997.3978,22299,-44565.4406,91402,-22229.8129,-37459
6864,95869.9473,53827,3143.6056,-30634,48193.6018,-13760,-97250.5152,-19959,82948.0814,29120,37860.2734,73781,-93338.9340,-36559,-58109.2152,41703,56753.5615,76287,-16239.3001
22854.5063,-66007,97352.2015,65351,25705.6316,-88575,84266.9194,-24434,73426.6922,-57180,-78489.5870,-83216,-16958.6183,-51955,95063.4964,-6655,-62409.4404,36336,-23397.4835,2308
8002,64479.4182,47722,75327.8130,23163,88844.2005,18592,-19529.0235,794,54625.5271,74068,4306.3435,-15017,-71883.2820,88094,15880.9588,88575,-70579.9444,85784,17500.3453
-4729.1187,-73714,-42834.8572,30618,17409.5671,-62376,-49756.7976,2011,23027.0599,-69436,-33213.4493,37546,90342.0604,38976,57880.5397,-74014,20719.9590,4131,-68852.5643,-23967
26021,-71394.2452,50452,-32400.5884,-38020,-52011.6256,-10177,53645.6344,-26236,-99533.5732,45526,-32652.4413,-67220,39414.4611,-23863,-47187.8393,-98871,-45221.4269,63332,60295.0329
-51283.3917,66310,-23008.4773,42471,74261.3997,-29839,-14942.5092,27815,65659.1082,-21845,-41739.8758,65441,63616.5126,-58059,18161.2775,513,26663.5942,22725,62062.5764,8532
-92752,74330.9806,40547,-55371.7754,86605,-68872.2506,5435,2926.0470,-57661,-75898.4575,59306,-62924.9449,-81778,-34753.3956,82826,-64231.9914,1587,86140.7770,-92397,-89032.1659
-33144.5177,80973,43878.7946,-11481,-26875.3167,-9530,69987.4963,-3571,63395.5393,-18437,-35454.1514,-41946,-38211.8744,-89115,2808.4712,64051,-58715.7541,-83094,-65458.0926,20657
81748,-20320.2633,27218,45214.7105,26427,13486.8664,8109,-50268.6117,-44684,-20077.5926,91282,-24728.0518,7387,91749.3668,-48241,2549.4314,-31259,-92491.0658,-95173,39106.9448
-98130.6495,84659,13107.9050,43337,-64670.9049,-90513,214.3446,29187,-97148.2678,-90234,35954.6403,-85056,23010.5971,38284,69125.0456,-94239,55324.1815,-60683,92482.3057,-52707
4799,93220.0227,93735,-19573.1966,10147,-96536.1694,83868,78225.6373,-92562,60789.6713,-80044,72239.4964,-92970,-93967.2328,8599,24730.3924,62337,-70954.2776,-47009,19036.4238
12571.1681,-148,97893.9562,35589,95184.0661,52720,-35997.2624,8903,-75283.8825,-62058,60784.4484,-4029,19234.1399,13760,605.0071,-17276,-92812.6482,-36226,783.9639,19513
79998,-46898.3031,-16735,71530.3982,-44352,-76349.4699,-89953,-93524.8973,-23941,17403.8166,26588,93035.8061,-45897,33257.6910,-86614,-7176.0700,1247,52008.2987,67027,8001.6904
-36955.5485,96803,60474.8833,-89500,-68276.6409,13537,-44509.9886,56280,-95553.2934,-38011,35512.9782,58655,-39210.6907,-1308,-4930.9847,-73914,43771.8978,-3876,44622.8377,-36010
-96083,-13410.0878,44892,-91469.3549,56682,53227.4059,78594,26241.8851,13872,12429.1274,26056,-5472.6789,21685,-44778.4275,19150,13143.1070,-68356,-96210.7025,70613,52844.4277
43433.7166,45501,-10297.5518,-27919,-35320.6642,49661,46602.0847,46998,-67811.3032,89957,-67928.5605,96836,55851.6816,-99184,-71200.4681,-16491,-40524.7141,77767,9062.2060,-59221
16020,-74264.5990,-69547,78126.4609,-93030,-89493.7803,-2561,47012.4189,10477,67223.3581,-10480,-38046.1895,-25060,4161.7811,-40757,-71703.5275,82412,64763.5432,-38525,27613.2745
35266.7617,51566,86128.9325,96794,44347.6887,-58606,-64672.1448,43478,60351.3747,35401,81928.8615,-55380,-91535.4746,-66969,-52402.1106,44234,-57798.8920,-14696,42326.9431,-49550
85092,98628.5171,85752,-65378.0174,51537,-50678.9616,96375,-63958.6673,4099,49787.2784,-26616,69990.5693,-91042,-95080.0573,-56144,62829.0260,-87458,30315.4903,1984,-78688.5869
46734.4393,-5251,20882.2266,4599,-88365.0725,79717,-33672.2874,91196,882.7421,-57569,84028.2287,36823,90961.8234,81200,-28803.8571,71099,18243.0321,-92282,33968.0501,94058
-26377,-10715.2190,-56944,92576.6481,24622,-34995.0257,-33665,-20664.5422,-48722,-55251.3853,67456,-24425.4860,-63772,2428.8404,-26113,-2761.0146,-33063,64546.0236,-13053,16632.9421
-6693.2294,93295,55959.3543,-57095,-16305.3763,30210,59351.7578,53149,79817.4645,36218,33316.7161,69111,-11443.4354,-41398,-61768.8615,-58478,11165.1429,-34600,83536.6022,-91557
39803,86127.6028,93978,-11531.7357,-20037,-95612.0624,-52516,-13719.7270,-36083,87135.4973,2423,16677.4158,19976,-58138.4044,94959,-15786.4372,2998,-39772.1155,91507,-17231.0473
-56155.5762,25151,88231.0330,83495,4713.8267,91558,46704.6104,57751,-90659.4656,40545,-934.2936,20912,74391.1343,30854,77838.7826,38972,-1500.8836,54310,81583.0916,96222
-74203,67851.4574,98082,-65855.5290,94815,32932.5828,-13202,-45866.1733,8196,-12698.1479,99841,29642.4987,35247,-80331.8188,83162,76985.6564,18569,-57589.8137,-39755,18004.3688
95315.5244,-80829,22385.5224,36215,-89143.9249,17322,5070.0657,-69709,7345.2742,99222,-19198.7979,-82192,-52571.9710,-33317,29261.9978,-33004,15851.0304,-33605,87974.9040,-87635
-13722,-77789.6450,-64900,66754.3933,42677,-22690.3243,-97766,22166.3218,-16338,-13187.4838,60570,-62145.7982,-1249,37405.7496,85802,-8642.8403,-41830,39730.1543,-90741,39741.2557
-46792.4870,-13920,-70232.4458,-16790,68127.0979,61421,-33084.6146,67402,6759.1208,-99995,-29698.7399,-80130,-9181.0615,19663,30666.2676,19695,39670.9397,-69835,86583.0198,-98218
-22275,-6247.4618,-93584,35005.5100,-2808,-15427.8070,42806,-92857.7374,-72507,-69168.8997,-99028,30723.7560,-12838,27620.7981,8514,-50801.6783,99510,-58420.9921,28143,60357.4742
-816.0463,-60178,-84396.5099,53556,-37442.7288,-50158,-8506.2857,-42986,-71257.8242,82935,-62474.2425,-82792,-36499.2256,39766,-86572.3626,14151,-94489.7171,68685,87546.7703,-65238
-3573,93395.6307,-21119,39299.5918,-73185,-59723.3049,-93938,79494.6719,-52324,91901.2999,1935,83863.7451,71364,83113.0191,-26890,47674.0228,56764,-75160.0948,11079,30399.9796
10051.9103,-52125,26900.3973,89533,-11571.5737,37409,58854.2797,51301,-3801.4795,74362,12712.5866,29176,-46701.2292,-17826,21183.1299,-29120,-46236.7464,19061,15548.5042,-86719
26187,23628.3148,-54479,1242.0862,61788,41429.3035,-18591,-27619.6806,6271,-57208.1310,-7898,78819.9095,39534,88139.4993,6294,64665.1053,95486,28759.0849,28812,-87722.5745
59271.4506,69847,-31046.2525,23924,89974.4805,-44109,47601.4842,-14915,-35313.0760,92359,75999.1272,-97577,36239.6030,-73671,-54591.9981,-61729,14970.3527,58742,15682.7303,83915
-32153,72965.9590,48462,-34906.3192,59050,9205.8666,62456,64232.6743,3513,-31087.9493,95305,70652.3731,-20693,4633.1084,-80572,9050.3394,-38713,61293.5758,-34448,39786.2582
91214.6258,-78770,-28530.7798,63599,-92380.1315,73931,-5703.5130,-22372,-13087.2206,-99098,-7544.0357,-15399,71369.0575,-44873,39530.9868,4008,-40637.1080,95734,-95664.0694,30885
-29170,-30409.1489,-13211,22881.1457,15752,85308.4160,31634,80406.9488,-61701,-34443.1714,81948,67103.4390,61141,21172.1487,-32741,-50357.0798,44555,49087.5093,85302,20591.1003
-49569.8990,-78951,7707.9120,-11223,54631.1270,74795,-16310.7297,-4012,57308.9391,60610,-83922.0191,98533,1019.1850,-11618,21389.4352,42838,-54472.6783,-58600,96618.3588,-90935
-3711,62633.8026,31738,-98784.9105,-14263,-7654.9456,-88684,91964.2279,-23660,-38285.8054,56422,19442.2500,-36356,91022.5912,-56995,67557.1976,-76090,2867.0134,-96898,-5433.4869
76982.5727,55906,40354.8048,83561,-57542.5087,-58632,-90016.4553,-64076,14091.4824,88865,63909.7508,45981,-88240.6370,-22328,78081.2061,67165,-40489.5459,-38755,-12622.6459,32131
-67012,43585.8865,-72058,-13143.8815,-34264,-75076.8708,-64065,20910.6237,-90863,-54763.0925,-75648,-23729.8394,-37612,40416.9864,-78868,-16783.4398,-90447,-37610.8615,-82575,68154.5961
-24000.7587,-33153,-14274.0498,12729,-55602.5506,34079,-95740.7097,73923,-67847.8849,16212,73650.1028,-52904,50121.7006,46668,81365.8807,-56227,49843.0143,48419,-17611.6082,71445
17901,44076.9576,-70046,15582.5185,62906,63942.1165,70091,-59878.6462,85078,-16113.0084,42526,-66662.7396,33329,7956.2955,-72301,78233.3551,13192,-13945.3914,-51518,-18517.4126
-17064.0352,3888,-57639.0213,85351,81729.7910,-2955,-16766.1115,37623,-24259.2249,28784,42616.7623,-61850,-82361.0037,74422,92757.6912,61712,-9346.4815,-18233,-75591.7880,97685
43000,-92754.1227,92197,69746.2053,-40577,71532.7988,-81781,-23760.6039,-50134,-47164.7219,-28805,61422.1802,77262,70556.2710,-85921,-59177.1251,45607,-99750.6128,8454,-3395.9061
61239.1852,38304,23341.0798,14611,-93766.8861,2911,97414.8982,50283,82641.6803,50442,-70060.6316,6262,53645.8209,-10031,-980.4502,63075,43855.0685,-23942,32544.7631,-43185
-65361,830.9353,43406,-66283.1379,-90941,32976.6510,51247,-58117.8381,-49077,62348.7896,19172,-46817.1433,-89658,-73273.5041,53045,18687.6301,-11827,37217.0701,7792,-3202.2813
72294.2908,80172,17258.0423,54886,23805.9919,60549,-30379.1421,-5935,55681.8501,54945,57446.6786,-58215,52414.1695,-26955,20887.1142,-18506,-62826.7015,23183,22349.0364,-75195
-62998,-62388.4107,-15397,-35498.0757,-52308,-22336.2187,-48184,98647.1291,-5131,-58879.7788,58029,-90223.3370,74181,47192.3907,-35325,-66451.3300,-34706,54917.1040,36219,70048.5367
-76456.7210,62962,-9542.9423,39919,38976.2691,92343,-41041.7525,9021,72752.2391,-6778,28767.1220,-64365,-60132.5757,-35478,-67885.9962,-64505,30547.8822,-5721,-3536.3486,88329
-27059,64063.3741,94402,72033.6326,43229,89813.0036,-22929,3301.1712,65680,59865.0387,-71952,96422.0507,99352,-54604.1216,78644,26631.9366,-25482,-98263.3973,-56092,57742.6901
28915.5960,29106,58098.4078,64143,-73028.2208,-5711,53302.7156,65864,80624.3250,26112,77312.3886,71095,46959.0408,83485,32705.8533,-60569,82159.0270,-47965,41796.2582,44802
-27522,19835.0441,-73167,15495.1365,-25476,-61251.0723,-84577,-2144.6487,60793,-88088.9335,24082,-97278.3943,-83272,21270.3764,56510,30863.8745,-71280,55937.5499,17643,-78754.6686
-91202.9000,-93049,28586.9288,-7169,19043.5108,13037,-36690.2140,76268,-6848.8546,96697,-37432.2589,-28756,-37824.5469,-94794,9367.4776,-42677,-23885.1319,26502,-87251.9336,95768
27412,-66664.7921,44470,95242.0446,-81712,98908.1147,19379,-16678.2651,41296,-45812.2106,35315,76986.4712,-18775,-35299.4174,39985,-25868.2407,-53072,-26005.5419,-41198,81898.4119
53204.6279,-46832,-49970.9354,-59190,-33185.8001,-55233,-89986.3382,94135,71103.0444,-26513,22598.0079,46341,-98796.3310,-2938,-14443.8072,76828,-90755.4678,34117,56478.2219,30676
44155,-93987.0681,35534,-45264.4778,-31778,97187.8293,-74702,-62060.0181,-72019,88227.9996,80285,80249.4750,-50663,64380.2140,-96046,57598.3898,-66681,63896.2704,39949,46045.2662
82772.6701,30315,93893.6341,-43382,-82685.4585,22004,-91459.3115,31491,25252.7565,-98496,-46484.1864,-66502,-4593.6146,-88658,-22254.4148,-8812,88585.3259,-90743,-43024.2619,29477
-74492,85674.7475,90572,59847.3894,-86185,-97537.4462,48865,-32334.0000,-96000,-61415.5653,71545,39279.1594,-75422,-76699.2234,51273,-21105.0523,-48555,57670.1439,-21952,-16582.7978
68571.7365,-90855,15499.2654,96251,-56468.1160,-99146,-50218.7272,-7047,-88466.8326,-40271,6482.5637,-8340,83955.9281,48016,35002.7330,65681,95489.9343,-91876,-82830.1070,-87058
94035,14828.6762,79347,35888.5502,66533,1267.7319,-18508,-50059.1898,93484,-55683.0733,20573,-73366.8146,-84269,92214.1911,19070,-47516.2069,17056,-21108.7330,-85163,16091.8279
-20585.8093,77851,-8132.6821,39403,42558.3939,7347,-60772.6360,-18998,40753.5561,52730,-45710.8511,-41166,53746.6847,-67057,-94374.0491,-95528,10451.1683,41164,5188.0797,81754
29249,-8345.0357,-71109,-28357.5779,18343,-42834.9491,-80587,-41518.8839,-81179,-36310.6325,98553,26978.9932,53528,-30836.5594,31437,33480.8370,-34941,-31282.4790,72945,84968.8594
-63248.0822,-43242,8621.5103,-66824,-29217.5515,64041,-13271.0593,-94152,-46106.4004,-33011,97127.7156,8766,-21037.5740,-25087,-53592.5956,15292,13272.0220,10966,-2928.2506,-78573
-95503,-28938.7091,-3459,-9769.2167,-12246,-99605.2189,35408,-40000.6990,-3259,-13215.5825,-82605,-71394.3779,-92304,-49064.8463,-2235,93727.8361,2144,-45157.9658,-28460,33617.7887
-99187.9217,-9231,27140.3616,32351,59486.3150,-11768,20190.7709,-32886,-82909.0023,41678,-36316.3184,-55484,-87421.3900,-20473,14845.9129,-22605,-22060.3436,90434,82670.8175,-12580
-6853,-94934.0975,74320,14055.7172,-73583,53413.3519,-75577,35187.4010,7128,-56297.4811,1261,75276.9954,44523,-68164.2967,3559,49458.1954,83056,-6670.5329,-19072,78593.2801
-17676.4127,79802,-18402.8711,37280,2968.0969,-78452,-36763.0859,-120,2468.8410,-26009,30703.4115,-73490,8366.1134,-74000,2942.9796,-28241,-22792.8584,-31095,99185.5094,-8860
35321,-37682.0908,28059,21417.6242,-65807,4163.6049,90694,-74198.9460,-77955,19751.3189,63576,57001.3649,-50901,-80656.7397,75788,-1967.0733,94045,77939.5684,-91738,-88233.0314
19046.7510,95864,-69661.5058,4386,-2692.5391,85556,49759.5286,98125,-68659.6674,-45412,14061.9072,-64082,-46315.5073,-98505,79858.7729,55362,49951.1476,-84090,25272.6635,-8938
73692,-30087.3255,-78726,99905.8647,-48132,30550.2466,-36455,62396.6841,-16797,85853.3394,45638,65687.4428,-12949,-52173.5134,-8885,31847.7016,15536,15774.7118,-45054,-53767.5634
15945.4185,-71344,48496.7193,-4452,77157.7069,-27318,50745.7388,-10220,77466.5350,18312,-76857.0329,42087,-19874.5963,-78474,-34419.5762,-67669,93448.9778,56123,-68401.2337,-9221
43917,47470.2160,64152,-43822.3431,41548,91589.8996,21133,-29613.4603,1699,-16419.9682,6237,-50285.8321,39164,90119.4908,-48470,-48665.4528,-3745,-87749.1246,-30717,-49057.5771
-43242.3556,162,-7845.5636,-44051,-28497.1237,-70104,-19134.6719,-26781,-25773.4808,62317,-18114.9708,-6778,68998.4898,50196,29552.6504,-74694,-18929.1691,-18850,56353.5932,30063
-21831,81117.6892,37163,-28664.9118,-78595,74815.4823,-58576,-55070.9384,6899,-34950.3479,80034,-59278.4977,-80264,-1298.7320,53868,-47574.1067,59660,25943.0982,-77751,-71065.4216
2898.8715,84143,35792.4115,-75927,22317.5508,40390,-94570.8134,-21472,17953.8163,36997,95958.2030,-46842,49179.0766,-3256,-51865.8186,-10334,-39959.3701,-52670,-42304.8544,45654
30308,-14126.7913,66410,41623.7983,-89336,-70961.6109,94025,-21214.4790,4571,78990.2985,-11319,10856.6347,-50582,15751.0469,-16212,-50265.2102,-95357,-95558.3462,-11784,87556.6172
21670.0003,-62186,169.1896,-50125,64626.7143,74448,-96676.0205,-83173,-84103.6202,-37005,-84422.1902,-72134,-47528.4122,76255,28279.8708,61606,14790.4829,18046,-62005.9318,48774
-55331,-33034.8317,24915,39114.2713,-65225,-16857.5091,-72241,-63153.8603,-33585,-3612.5667,-93373,83706.3154,-2089,602.5360,-46616,60786.5261,-6784,-9288.1740,-26829,-2696.7307
-70937.5165,65624,29998.4362,92139,-30766.9219,65790,-53701.1272,41933,44851.6594,-88269,-73556.0834,-71822,77095.4212,-87926,71381.3735,-6359,27976.4694,-23116,84719.0090,48169
54966,20699.6058,42897,53621.1688,73851,87425.6838,12470,19108.9364,15113,83822.8021,-83951,98248.5148,-87026,-59985.0460,26299,98946.7643,-41958,-43134.9427,37707,44874.8141
87207.0433,-29650,-22681.0353,-58534,58689.6149,34570,-8857.4534,-46456,23734.6964,-95466,14827.9003,53588,4824.5890,69516,-72151.5759,-25606,-67002.5206,-946,-61797.4409,-73144
1221,-16060.5839,48855,-74298.6420,20882,-18015.1954,-92361,47484.1095,-45433,19208.9369,52061,-53920.7977,59768,-18378.5945,-95370,64487.4482,5379,24956.2494,-79770,-49061.2138
-91403.9643,8996,95029.2904,-87354,-64789.0721,23276,-56279.2814,7219,84974.6677,28702,-54704.3132,53928,-96129.1587,-4905,67173.5871,-36640,-18408.6574,-76112,2072.1995,7485
1246,-6382.9403,-17638,18719.4558,80369,98665.4904,77109,-28742.9947,66975,71943.8727,-60846,-66552.6526,3487,-8682.4544,-35640,51380.4396,-61806,49501.4003,-1694,-69824.9653
83779.9093,-73336,-4273.0244,-67794,-12729.9023,13033,31250.8168,75533,-48920.5777,12863,53331.2119,-38750,-97493.6497,26811,-71284.9758,60953,28492.0872,-73145,-9070.6010,-36463
-50259,50248.7904,-41519,79552.8707,35305,93606.5201,69446,-68761.0331,50373,-53225.5888,-67983,45844.1688,-90251,48371.7088,-46404,22499.5603,40999,-80087.2644,2423,6208.7183
-84656.2677,39829,-41600.7684,-94215,85827.5954,83987,48259.2226,49782,-2209.0515,20922,-70735.6065,81532,32751.4235,18904,-30253.5959,-62545,-967.9374,-73769,67839.0706,-76131
16854,-85586.0818,29639,1180.3004,-9197,40215.0280,-56422,-16053.9865,58730,-3753.4201,-33964,87888.0941,43785,62335.1971,-88785,-59444.5376,8727,49720.6659,35773,-28493.0811
92064.5363,-29492,-60168.8598,62383,64208.7288,55024,97137.0199,-90263,66570.7778,79041,5483.4841,5634,-17844.7436,-96254,56071.9662,99355,-75485.4440,4430,-9602.4520,-14633
35941,-73656.3578,84352,-83236.4880,73718,56770.2150,-94670,-50457.2736,81001,-63952.2753,12306,97796.0954,-69912,-21627.7583,-17589,33784.3593,91057,-16612.0588,-31487,-86587.8837
45678.6325,-58824,97642.4861,-35473,-48740.2185,88227,-82846.1399,-96686,21655.7456,-56633,-69717.5668,-3460,6508.9700,-76457,-41528.2325,61298,86673.6831,38628,-96372.5304,-35931
-38089,-86900.6215,-95483,-94417.4813,-64495,21260.7962,-31333,-32390.7803,-39702,74857.0818,99644,-92971.5181,9753,87162.9579,-2187,29914.8157,79541,85450.4490,-5942,34007.3491
-36832.4938,5413,-59499.8547,80654,-20878.7317,93062,-45372.4306,-17661,-98085.3925,79278,46225.2283,13391,64122.6681,73027,-52582.2969,-15814,-4417.4090,22015,-27082.7569,-42445
1962,-15561.8417,28581,-3274.3163,25005,-26548.6810,13367,-81094.6174,-88300,23703.0160,-30740,37111.7285,-59536,18543.9179,-87197,-52073.0196,80158,-74036.3601,11845,-59669.2963
58285.7659,64839,-66567.5512,35535,-34123.9778,-80135,36503.5075,-82087,-85474.6118,-88225,56792.7217,-67704,-58026.3965,-19418,29640.0278,-66969,71350.6695,-69030,87845.4602,-87125
-8607,98918.3843,4020,40238.6162,-95331,-42178.0904,-84849,-6731.0684,-33256,-44999.0468,49337,37554.6030,86428,97250.3242,-50257,-98546.2694,29838,7022.1664,-94722,92411.1280
-90117.0727,48187,-53420.7573,-77126,52717.8961,16171,72489.6690,-35168,44568.4204,10644,-70861.2977,-96720,26937.7587,78245,-63440.2059,48698,83617.3864,-12271,72932.2509,-75482
38076,34235.9344,-16403,-97042.7034,86618,-30562.0785,-62571,57059.6077,9897,-68938.0557,86937,-46628.5121,74683,93458.8275,59526,83425.2564,-90817,-12357.0907,76361,-7864.4625
-71045.6717,-54722,30397.7495,-94507,66189.4019,-27601,-20728.6413,40599,-24925.5270,-10269,74621.8231,-83651,37952.5772,-67518,-77361.3000,-25336,-98300.9488,59019,-75707.7251,-86105
-68449,30213.8689,-26677,-91284.8450,-29978,9012.6491,26328,-20030.3820,29707,-10564.9869,-52004,32251.9277,4242,6838.9129,45613,32576.8777,-65165,70282.9363,-27833,68433.8004
-20911.2035,-52551,1473.1968,-44235,-17827.2566,-64213,7686.0457,48064,-65363.0276,-97149,3090.7082,-73214,52391.3119,-17080,-76096.6401,46373,73560.0482,-56280,18690.4771,-48919
64666,-56199.1903,66637,72825.7321,-8746,12337.6559,-28998,57958.7733,-23730,-32337.1750,-18220,54873.8420,-99143,-98027.2697,-39450,76513.6002,-78759,-76187.0618,-74174,46794.1234
-1222.4130,45682,59221.1450,72631,72189.7030,-86072,56988.9869,9370,-52183.9587,21683,-84794.6943,-9001,36729.7632,53008,50946.5236,-80197,65547.6707,-51958,27114.4726,14802
-68448,-637.7021,53785,-77859.4776,-22467,-92670.9967,23510,92933.5996,-48930,-23323.3355,-6375,81497.7752,88376,-56525.6544,78198,-44792.2438,25963,-49872.7873,-17478,-98937.6437
-48575.4427,66861,-99824.0975,34670,-13399.3805,-65241,-80805.2579,-40042,81469.2887,41497,99699.4523,53015,99843.2298,-58475,-7683.9588,-69955,3529.4453,26136,9142.6290,3177
98453,-91106.3060,-89161,-62118.1261,37972,-20623.1006,26601,-1442.6005,69150,56694.8312,-16314,-16059.7884,98784,32762.7019,50464,39725.2645,-13162,9246.5061,95193,98949.7126
-65158.4579,53414,-11738.1428,66043,-42425.5132,73084,-40897.8631,-83399,23872.2882,16748,-58595.1139,41014,-63787.3023,-92253,62220.5794,41949,-3731.7946,-2683,7127.2822,-67960
-24027,-77505.6800,-83925,-6262.5173,-53780,74700.4213,65449,-47096.4313,89344,97707.8400,4221,-59419.2318,-45438,20407.6514,-5662,-315.1784,-63730,60252.2853,-63409,-74300.4825
-87428.1972,32770,53396.1993,-8324,83870.9640,-56331,-93657.0835,10618,81080.6543,67772,84012.5525,-21635,81841.4017,38631,-55891.8649,-38869,-91990.9063,-35701,46733.2856,-39446
62385,54238.2159,-37457,-92241.3000,-39859,44674.6792,-57089,-82297.3141,-40186,-92937.3909,-32169,60437.5953,-51588,-83332.1620,-14940,-82200.8816,98243,-72218.1125,29253,64166.3700
81664.4543,47801,-42330.3872,24748,38077.2788,-53494,84378.6115,48011,-33827.4122,-18226,71616.2050,-93757,-41410.2777,56771,30567.4521,-99746,-23405.0081,-19861,61615.2972,-2519
-66813,7341.9769,56023,-12450.0357,91516,-33249.5425,-84839,30036.4124,-43488,27827.2168,98553,10821.2479,18368,-36540.1581,-47595,-6136.9488,-76083,-7074.6859,-71475,-80358.2046
-92123.0731,-63625,8680.1285,-21412,94090.5701,12902,74093.2095,-78334,-25393.8300,-23729,80682.5736,-57781,-78714.5380,98405,-88690.0634,-54931,-79401.3570,51985,51743.9402,-19682
30202,52196.9629,-51238,75455.1205,-81950,99936.9502,-28749,20220.6681,-70839,19566.4862,-71476,-31972.1103,-17029,69578.9487,-30170,-56532.3376,-41935,-84030.2393,83450,53118.3914
955.4458,32637,23308.6818,29068,-81615.4815,-51908,-58615.6941,53636,-70597.9251,91291,-83694.0353,-47818,-56737.6615,17109,14592.1422,-15999,83495.9197,-69420,86595.4397,16153
67700,-73340.0372,31924,-52783.8336,66071,-45644.1387,-62220,69578.7326,57048,20822.9356,75505,6749.6182,52623,-74359.0911,3885,58781.4088,-29719,50004.8416,-9910,-68221.5550
-63718.6551,65230,38645.6417,-59761,15762.4315,33998,48691.9351,-80194,88792.8461,-18591,-11127.0099,-28987,39123.7592,-21954,-516.3476,72908,78059.8905,6314,-76522.0112,39140
44999,3495.4020,-2722,84526.4100,-94555,44819.4987,-6073,51415.1591,84879,-36283.5152,39125,69357.3953,-86193,14369.5302,-24364,-91600.9932,88888,-74681.1690,-57465,63230.3391
-27321.0551,-95333,47038.9550,70129,-72251.2928,79496,80142.0133,6067,-41516.0559,94213,42492.8949,81890,81684.7487,-13298,-281.2443,-16039,-47055.7540,-93368,69830.6202,-16842
-7643,-55651.9725,8225,-68748.8367,-52714,-82818.7263,-21666,16060.4650,-81215,35195.2846,16434,5853.0192,36024,16604.9635,3372,-52215.0349,23331,83005.9156,-39070,86348.7858
-47880.0662,31053,-137.8111,-33860,82322.9119,79752,-8210.8403,76295,-59373.1917,-13862,69095.6056,66202,42031.9447,50180,67313.9004,98235,82856.6881,65536,-26760.3703,43394
-46444,-20339.7830,-23577,-86645.4747,-23108,96400.0588,29341,-53986.8763,50629,29628.5542,66331,-60593.7080,90769,-26152.7019,69290,13021.5984,91238,-31039.8032,60924,-85439.0024
71981.6231,-88740,-26405.4062,-21424,21242.6894,-86193,72180.7006,51646,-21931.2822,14803,-34177.4966,-83210,81806.9162,134,-57673.8584,35343,15545.0909,8154,29291.6500,6768
-12250,75659.3688,-46332,54006.1818,4058,-70850.5907,-53134,-3916.5731,-15082,4648.2172,-44906,80251.1125,86545,75074.4851,93703,51565.4951,39348,95064.5053,29294,59450.1587
67776.1183,-71363,-12783.7930,20117,-43167.7268,-89587,34544.9799,47473,88685.8098,38161,58882.7719,-53610,12606.2419,53669,84555.6615,-30516,73014.4933,-74685,-61775.9920,-94039
66204,-10269.1052,-39076,52479.4436,5995,-64856.9814,-34277,-5273.2158,32263,10169.8602,41057,28187.1886,-63844,18154.3182,-57579,86429.0780,-99640,-27102.4157,-53467,-81082.0847
68693.5022,-65913,88763.6220,-43594,47889.0091,2308,73120.7124,92671,53193.6398,-4112,5611.8741,-43009,86994.6503,29496,65537.5130,-66720,42000.2606,-74072,49028.4755,-77869
-82238,-62352.6303,-6533,86883.4358,53215,-53412.6474,-9402,54945.7686,-3532,33387.2412,87627,82318.0334,74046,51923.2826,-89589,-44292.4081,45391,-25535.3225,-64405,-13557.4017
-41168.4207,44024,-11408.6034,-86668,69503.3457,-71172,-60483.5582,72353,7960.5613,7638,13640.5323,-54367,15409.6551,16972,-63519.7312,-63,-11132.9757,18978,14002.4241,64048
10599,-23458.7854,-34333,-86763.2636,-82802,39511.9458,97648,-68048.8887,55003,34331.1101,49016,9539.8787,85536,-24975.2981,-15889,-89575.4659,44075,-26450.5807,8216,-95014.8845
-43004.0447,-53352,10539.5720,-89134,41481.0031,60933,75017.1960,-43147,97163.3905,-40275,81085.5423,-41728,-30056.4233,-54959,47190.5031,95692,53857.2865,-92318,-90873.1707,46376
83505,54951.3599,18317,-34616.6642,80631,-51718.7645,-18543,-36434.6669,-6090,51306.5337,-43076,-92428.8094,92625,-73187.5753,-18340,-81144.0307,38341,67450.3744,41839,58226.8047
-17032.6237,-63384,-14444.7671,-87137,99681.3908,41793,46199.2343,-84435,25911.0154,-68416,23258.8083,-92665,71819.9386,-4138,20757.7772,79357,-72695.6793,98654,-80009.6792,-35066
73255,-36214.1093,25774,23591.9964,-97611,-75082.6182,-73673,-54604.5867,28102,-57262.9627,33482,92525.8704,41269,-3673.5008,-22721,20210.9819,-92487,-8424.9654,-56688,-91878.2594
69935.8292,75639,-69702.7146,-13934,77336.1155,-76506,8117.9118,3163,-79232.2820,84365,90767.0615,5724,-18136.2842,-44213,-68858.0780,19482,-91131.9615,-33496,-75053.5425,-79265
2829,-25889.1528,-98688,78239.7003,20552,64480.0762,-40553,48929.5084,-51977,-90610.9631,67500,-89354.2478,-48485,-993.3013,44413,-21142.7891,-10211,437.6805,-20398,76279.7544
-17526.8890,99425,-13424.1057,-35810,47201.3142,-66535,33493.0095,-90787,44793.0055,-61396,-83594.3483,-95464,-22419.4880,89166,-81141.0886,-95860,-61631.6487,87551,23798.3622,-89079
-77173,-50673.7870,-14520,-40571.4715,33921,-42872.9002,54158,60213.2276,-1661,74622.8097,72910,-68891.8697,-3236,72050.2535,1252,-76219.7309,35533,7295.7643,-60601,-20110.0182
-99787.2474,68619,-3119.5934,11606,-91313.7421,74367,16646.0787,35108,-26059.3338,14288,33826.7739,58313,79855.5782,90549,69125.2894,-41737,-97597.3191,-93865,-5503.4774,50090
17285,48688.9391,57143,14384.3795,-18574,-17093.1738,75978,32280.1254,38283,-32049.0277,25999,46193.4384,-21004,31357.4737,-99856,-41612.7598,-7831,39418.2433,90706,-94227.3925
81211.2875,-10747,-94395.4636,11989,51509.9019,39666,-43815.8469,-18474,11807.5857,-17068,-11473.6761,92181,-58653.5447,-41371,744.5110,-19075,-48504.9258,26089,-27291.0535,19748
-10899,61309.0794,-10827,-88819.5857,25841,45446.5800,41407,72713.6645,4207,-77565.3833,99401,44892.4664,-35873,92587.4422,99311,78571.2853,36457,92938.2733,-87636,-52701.2263
44532.5916,-25057,-87924.3130,-61674,-81823.9730,-53519,-87264.5020,32917,93834.0970,353,-77574.6458,6354,-97254.1248,-90219,94887.7596,-76032,-31740.7824,-86360,78974.3044,-1122
-13935,56167.7763,-8035,-49366.8226,99821,88615.9555,28297,-24848.8765,67757,13805.6711,-47440,15305.2184,53365,-60267.0612,70138,-55860.8550,-95961,-60699.3787,-87012,41994.4265
-65185.0038,40619,70361.3874,64702,78334.3350,40729,-17969.5092,-57798,-32241.9492,-8647,-76017.5153,-31911,537.2637,16460,-11103.8655,3209,-47036.3763,63183,-51200.5327,13929
-25053,32193.6305,37333,-98001.8748,88948,-86006.3708,36742,-27366.5798,-90399,-34208.7777,29311,99942.0532,-97721,-85441.2113,77984,-97236.6932,30544,-67010.6418,33972,40118.8453
75190.4327,-81619,-79795.0249,82483,-23630.9276,86555,-42547.8535,50910,-26110.0209,-82568,-41191.6933,19744,-69332.5095,61446,14054.3797,-10065,59775.6931,44711,23687.3978,-22486
-43560,-79225.5112,29093,-66048.2932,82813,97510.4950,48495,-74056.1339,-58249,71062.0570,76771,87296.2667,-18679,83635.4941,-57542,-97386.5508,-22896,29216.2043,-68743,13478.6499
54862.6236,87283,92214.2024,83637,-11601.6449,7790,38433.1417,36996,-45413.8079,-11106,-59953.8612,9561,-72357.6000,87202,45691.0401,72480,-66156.8413,-16148,-6630.7269,72980
-45376,-12077.8888,74346,-42279.0787,98351,30172.3622,-33969,47123.0684,-66303,-17409.7309,94532,-63930.0316,-10458,48886.3424,92495,-41160.5814,92014,-72634.4988,-90369,-84661.4773
30772.7105,-73008,-65965.9297,-21462,147.1739,54702,25649.2268,-66607,-61288.9540,-87596,-536.8467,-13152,79727.5116,3035,-19652.8888,-11331,50512.4110,82286,16209.9002,-89631
-3297,9055.1868,57698,-17337.7475,-42418,97293.1883,88031,-22003.7659,-46076,52684.9963,96153,-4373.2917,35560,38005.2966,45398,49907.9886,5395,-37620.6868,23499,-52077.0080
-33453.4230,-41644,-71482.5859,-31097,50825.6401,59459,67673.6512,-30450,326.4560,52302,-90519.9654,-67066,69317.5387,-31668,-19363.4291,-38079,97274.1676,-78285,49883.1160,-67542
-76089,-10491.1188,-47613,-62864.1921,-11699,-11331.9716,64641,58919.1063,-723,17699.6555,-50639,-62053.9768,66186,46296.3671,66782,34308.4253,72048,-44417.5018,69108,51370.1608
-29426.7087,28655,-2915.7803,-41165,-60656.6651,-81298,34897.8059,-81257,32585.9901,54918,-42925.4773,61750,-17950.1627,-31454,-61042.7267,16490,-80136.3842,49237,-16783.9919,-94382
-43480,-61522.5902,7562,12798.8401,-14022,-10898.0874,-96127,-55804.1497,-73541,99564.2160,93517,-97603.3489,7282,37833.1871,-8552,3712.4811,-75949,-47716.4007,-16898,-69896.9062
-2495.4585,-37354,-15707.8152,-42196,94737.4826,-96885,46114.2056,23822,11893.0418,15067,552.8717,-84728,42589.0712,6299,-22928.7137,-55084,70226.1041,-19782,57511.6996,98194
-64301,-54378.2741,-36746,27762.7102,55409,-80923.0249,43225,-73680.8394,-51116,-62274.6325,-89835,-2001.6191,-83526,59605.1154,-59515,11325.9155,-50594,42056.5518,-27389,97812.7600
44990.5346,3529,99307.5465,-22329,-41602.5080,5987,74798.3206,-78255,91274.6787,-97913,10894.3230,97747,-25055.1859,45630,-16113.4157,16670,67623.4395,-40265,-51405.0069,-96735
55791,-61120.0025,38189,99056.8152,63334,3597.7197,22403,-61128.1839,14454,-77269.0721,53215,-48480.4640,-3518,29087.6224,8135,-4301.5627,76919,23465.8107,36065,66455.3852
49650.5755,-36179,54923.5634,51585,6720.5946,65049,54368.2354,-59259,-30762.7329,-98900,-20506.7740,50233,-18277.5726,-74105,5821.0978,78632,4761.6939,-92013,61082.1746,-52583
-37322,90142.8439,-99973,-56517.0916,-58557,-42274.0511,-38170,63232.6551,-47107,71183.7498,81137,-48997.3899,37274,10461.3051,20194,-30487.3372,-92069,-6124.2835,-95661,79022.4040
-88660.1567,89922,-46508.2439,72130,36328.9908,-36800,22321.3920,-67946,-13983.7825,74550,-10529.5080,59941,75586.3888,3937,-70194.9744,-54241,-76052.9304,13686,-94195.2846,-77248
-51657,-62015.6912,-74126,65599.4446,50132,5905.8156,98855,3907.7200,-14281,-48584.2945,88331,55437.3263,-57587,-86058.4326,-79661,92988.4915,73227,3020.1103,-96531,27942.3555
62220.8411,-716,39266.9636,-62258,-96783.3512,-84708,21211.1323,-15012,13208.1220,-21189,-23723.3446,94885,61296.7556,-25841,-72223.9411,75348,249.6151,99897,98394.0171,80346
80407,-33688.7880,92218,12404.7796,-35793,3853.4821,1615,64509.2621,-6164,-3652.6435,-44003,50301.0119,87484,75533.8573,-74835,34793.5954,-50740,-5020.0459,67732,33934.8812
-11919.2381,-40734,-98023.4428,-40962,86273.5880,-11166,-88813.2788,90769,50826.8989,-74980,-36062.8656,-3892,5410.2263,58070,-33607.6861,-77850,69967.7946,-96859,-83705.4187,3427
22255,14765.3361,90725,-41287.8138,76617,-10158.7218,-71211,-96908.7777,-48014,7664.7013,-18880,-34198.2823,-82334,-59108.9434,62718,-35551.3765,83406,-27809.3819,14167,59745.6096
62615.6997,75154,53497.3045,78118,36457.4627,-26413,76165.5166,8567,89856.0992,-22700,-64409.2527,68885,-71835.7839,58615,45194.3988,64477,-77892.5265,30891,-9784.9702,-53153
-97732,-63002.6648,73931,-68385.5703,-26047,74555.9536,5908,15820.7767,46314,65810.7962,-82987,15533.7377,-38299,-12067.7617,-86330,51023.8341,-5246,-80908.6991,-65184,-57530.6422
20530.1004,39741,20065.9127,91380,-93821.3461,-11590,-37648.9905,44633,27086.2288,-14231,-88697.0016,-44209,-27326.5453,-62943,5093.7411,28065,-41420.4795,-8795,-11019.6956,-61136
99297,-38799.4132,-30138,-97233.5810,-19330,-56042.7566,259,-84935.7868,81016,83367.2796,92503,-75793.8781,24478,38658.3097,27953,-2379.3470,23892,-16915.9166,-68074,-81478.9803
54853.7372,-863,57310.2058,-17055,-15896.9199,41369,-66615.7037,38693,-49484.7525,98407,-42097.4089,4761,86268.4648,93073,-35488.5003,88176,-98397.6232,-66254,-42408.6777,35827
-73955,-49591.2424,-76219,-96838.0616,-37302,-49861.2751,37889,15701.0819,-6952,87620.7423,-32622,40386.6542,-65089,-33372.2913,-35855,64256.7913,-79568,-82898.4673,92855,18162.8746
-42185.5797,42668,1860.4165,66733,87842.1841,-44102,-4910.4694,-6453,-9898.5851,-95638,65641.1544,47601,-94580.3805,42703,-68291.9267,-43160,-57476.7827,36842,80538.5712,35326
-95891,-9203.0871,74178,-89127.8132,41208,-56835.2402,-62377,88307.6985,-33780,-91327.4678,14995,-6770.6410,-79646,44934.2189,-25185,-93892.6025,-70005,-9583.7727,-91018,99954.8344
-20945.5247,-9143,-77169.2750,15631,62454.1298,-32848,-9289.3554,63746,-85833.9980,-23286,60736.2381,89897,-80275.2564,-76707,60028.0391,-74992,-47801.6473,-4295,-48036.3957,-65566
-34735,83338.2063,75118,-43714.6038,-67695,30543.0774,20370,-54738.3883,-17888,-18171.7730,-65735,-21099.0279,-87873,-11109.1421,37392,57107.3114,-91685,-95412.5268,44750,-89167.1590
1168.8677,58825,14126.3240,32223,-62926.6919,37623,-33871.7984,98933,48784.3166,-35230,-48970.1467,-84531,-98518.6322,-97627,8152.4619,7648,84239.5626,-26335,-44772.8148,44649
-78417,-2086.6370,-84301,-10046.0437,26372,-33090.1482,94624,41278.6959,83282,37842.0267,83166,48703.7632,-94439,-2475.8114,44056,-5072.2133,61838,75248.6851,-88032,-46452.2548
-47879.3972,9188,-60898.7074,-15531,3430.8144,89004,-65851.8050,-56847,14131.5300,34221,94727.4646,-18676,48847.5255,-63775,-89629.7569,51181,29548.7239,49371,-23787.7206,-51646
-80043,-78684.4070,35080,-3706.2138,64689,26200.7829,-81091,7340.5091,-26183,-36174.1822,86462,-23320.4815,20189,65008.7820,41240,-66521.3613,36390,35038.5147,-34828,-512.4337
4267.4515,6364,355.4155,-90283,-87354.1047,49927,72934.4964,-98289,67833.6085,95544,26884.3662,16839,5466.3988,-92715,85154.3353,-61573,-77050.9713,-30011,-65019.3137,-51889
60632,-4090.0370,66597,-47655.1072,-57894,11162.0108,-3669,27426.6442,-77220,-43408.9070,87137,-36871.7622,46219,-66861.2500,30204,14325.1801,-47399,45263.5782,56175,12049.2764
-19550.6922,-5902,29071.7971,-70915,-92465.2399,76587,49899.7913,62221,17953.9013,-51575,52316.6696,84564,-12377.0906,73837,80347.4299,55963,28432.8346,68589,1219.2013,39196
-95116,-94913.9217,-99931,18064.7942,25688,-13200.6402,-91510,68661.0572,-17403,-53656.5789,-61519,648.0702,-59563,-62003.2840,75713,32732.6764,32165,-55027.2322,58018,23199.0096
8921.8153,-15769,-60664.2266,-62460,-56935.1527,40812,66815.9026,-97228,40585.3620,-62651,-43623.3404,93764,33597.9593,40690,-69900.4460,95701,29593.7184,23139,-52690.9047,-51321
61643,-8119.0902,-29179,98373.6942,75170,56785.4092,76958,96526.0984,71872,23705.2635,-59089,-32182.1423,79876,46299.0062,26614,-86400.6218,-45652,-55282.1982,89313,-48037.7198
-3301.7005,-85354,-29434.1472,-12941,45098.2138,-71651,77947.9939,-25068,-76153.3971,13190,31342.6547,17016,98393.3302,21353,-2724.0114,9390,-16106.1535,-6076,-48306.3816,76948
88034,42525.2752,8330,49054.7685,-36987,-45355.6223,-37386,-70163.6949,8282,-39652.0301,-68958,-62318.7343,-28799,79734.3339,-83185,-144.3857,-6208,732.2891,14266,62684.9497
95380.8710,99497,-78250.2566,-66031,13279.4382,63111,48320.1427,-37761,-57622.1873,-81601,-58683.7083,2472,45735.6035,-65457,-44677.1427,10274,-55854.3969,-48344,-97863.6752,86460
78753,-69135.2560,-46585,-37355.1318,-70384,6662.6799,14056,30465.4743,-85613,-76699.9562,3209,-82278.9131,99506,18396.7644,-41665,29384.8945,-66775,7646.9404,39484,10619.3375
16710.5684,-17615,77326.4193,-44280,-92950.0683,74876,7940.3726,-26757,-84332.6272,-28184,20946.8080,6405,56634.9740,-2779,-55077.2737,-13183,-71192.9653,-11140,-95667.5154,-78086
39848,-36958.9768,2520,-10523.3841,-95224,-14063.0696,-86492,-44674.8538,-70707,-67335.0453,86195,71381.8637,53269,-94801.5952,1627,14101.4405,11593,-36538.6188,64935,-34236.2223
-30093.0074,-3177,-75850.8180,-50731,-13503.5482,-34870,14050.5790,-13040,-35556.4987,-581,47388.9367,-79155,9717.5490,-93123,68561.3624,-47627,89960.8353,54222,77816.2421,30411
41940,-67815.3692,76434,-19126.7965,86689,-82565.3948,32306,45448.8456,-5806,-34856.7263,80496,88263.3454,-34366,1071.5724,56167,-32810.3818,282,-90771.2744,81826,-50789.0414
52615.6811,-90318,50328.9639,20567,29422.6833,-82676,-2254.5814,-61572,-77957.1033,-24892,-76317.6795,43186,-88824.3579,19260,92709.6244,-20957,85914.6058,-72933,11080.4800,70066
-87673,-45497.5952,-92789,-77724.7100,-77363,72674.1966,36424,68671.4400,-52974,-20326.4226,92314,-65143.9403,-11328,81922.9907,-42219,30121.7685,95987,-42862.0839,-12143,21529.0774
36531.6373,30830,-19066.9601,48869,-86906.2279,60242,-24591.2704,75432,-13425.9031,46836,-11987.5994,39446,24525.0793,2349,-52663.7599,-6795,56628.2713,71131,-245.9412,33856
-85863,-42110.1795,33876,-93589.4282,20622,11382.9788,89420,-6972.1498,81446,-24785.4704,89710,49801.7773,49394,36382.5671,-74791,18733.5996,-17969,-22311.1634,-31143,1134.6002
84178.1728,-95099,78867.1366,-79274,-33056.0114,30481,80313.9886,89539,-67814.4737,-7352,-89089.9241,-51239,41945.9216,-948,-85139.6133,94576,-81394.9324,-76256,-52467.6701,-89777
-203,-98870.2396,-65534,23621.8816,28908,52573.0555,94476,67807.7118,-55597,-64716.7969,78858,-16069.1743,23769,-11468.9565,39451,34845.7396,-66744,89007.7637,-30115,15183.7740
-30015.2448,-95701,3630.3836,41833,83940.8331,58366,-11509.3406,-39502,45908.2393,-1184,67924.6905,14944,-62023.3975,89389,93444.5629,57227,59166.2619,-4396,-19128.4206,2897
-23102,88466.7169,-56632,67492.0644,-80067,83826.9230,51896,-32223.4209,55608,-19244.0697,-81180,-41114.0187,-58153,-42449.5030,-65881,65689.8899,83787,-32520.8485,5489,-73220.3634
40756.6401,-90969,49707.1510,-10057,98893.1926,74397,-1993.9780,-27503,-47436.9369,-34281,53365.2144,-49785,84616.7297,20599,72802.1579,-21170,13800.7648,38662,-26807.8928,3002
-50219,69221.5051,35750,1725.8076,79691,28158.4684,-76839,59581.8417,-47261,-38410.0674,-55953,-20795.9986,18939,-97465.0230,7468,-34810.6738,-80457,-29011.2863,-31770,59587.3473
18590.1654,-22629,38528.5256,-42578,-81686.4172,68327,-92737.0256,-30012,11218.1481,13309,-56145.0296,-35934,-45537.5759,-13518,-35943.7452,78225,42731.2155,73469,-15156.3839,-21543
-32273,95168.3218,-95224,56497.1671,38182,-38756.1462,-11748,69927.7450,-67557,78499.7345,-58274,47335.0216,12660,79767.8357,60213,-78839.7530,81108,-72177.2278,51800,13326.8150
41556.2255,33117,-84823.2957,-33972,-50658.4341,27518,15600.1077,17502,84379.6909,43728,-81801.1108,-52328,-94938.5811,55811,-30833.3127,99254,50005.5376,-66756,-52826.6924,36475
68095,-58605.7762,-6948,-86517.4107,-60778,-80873.2880,93482,-30742.1514,-68279,24547.2998,61374,-71546.9779,31423,-71937.6630,-70328,95216.0919,69617,28587.8092,-66515,40220.2958
-49782.8944,-47344,83292.6275,-67524,28823.8522,-61935,72187.9201,79712,86992.1458,77496,88711.5344,97120,-43971.7298,-78327,19189.6821,-32798,-9011.7683,-85702,70115.2494,73890
-15565,82007.7276,95933,-9026.6489,46711,-26609.5102,-72472,-57172.2952,-36169,-13817.5767,-1547,-5171.3133,61928,56046.5755,32491,-95045.6639,56846,-74451.2486,-44862,6252.6863
-3095.5561,-50973,-14665.7186,9123,78088.8660,72027,-87588.4820,-51827,-70651.0397,-72006,46945.2638,-67240,-4957.6154,2801,98204.5033,34057,-80976.4205,30246,-88293.6191,-19519
-22092,-58375.2065,20816,-17268.5876,67617,66467.7818,-12354,-34982.7135,91655,21986.7479,-1651,47436.1626,-7117,-81041.1150,-21672,69720.9158,53269,95927.6869,-5569,57165.8326
96249.4889,37650,-78866.0123,-3921,-98575.4707,36201,-41984.5589,-41848,-35260.8671,-70983,33459.5821,-46183,66748.4342,-68222,-89296.8035,-98326,3660.6966,4648,-20280.4737,48561
24654,95582.3808,9562,-10211.9618,-89286,28663.4746,15619,18866.0823,-98421,-92091.0225,44502,-37111.2145,-54299,3247.6789,747,-99322.7471,68174,-15879.7274,26868,-87354.0151
-57496.8534,-45645,-96438.5657,-74025,-48462.7570,-98596,-7625.4693,59017,-82207.2578,20366,24142.0478,-26015,10991.1032,-52460,-41206.1659,91669,-777.6848,5429,5321.3009,26383
34782,-26659.0049,-11437,13928.4145,-23826,90917.4088,-15303,62807.9240,-59980,4221.4108,-30635,-7980.0282,48307,-24382.3214,2413,-80932.0651,79126,8187.6767,18268,-62342.5121
28926.7771,-6329,29638.4591,-779,98502.3300,88136,-15576.2158,84193,-82595.8956,-73978,-3957.5061,-3686,73763.5104,33143,12032.8693,62398,9930.9936,69964,-6706.9003,-88283
-16787,-76636.0486,-48912,90509.1615,-45622,3788.7188,-17220,82417.4731,-74544,-82843.0347,-64109,-17653.2044,1751,35496.7902,31121,49133.8218,58551,69155.7879,-48947,44078.3419
-12779.3121,-350,-62967.9044,99635,97157.3688,-61826,95277.7783,44572,21566.1501,-58691,-50772.3790,-56329,-90984.6097,48440,-64847.3230,-54725,-13107.5202,-32434,-53146.3821,38190
75663,42092.4044,-81659,67264.7337,66111,-79114.5830,-67307,397.4800,-1685,-2793.6993,-5299,-38970.8742,-42465,-60676.7721,83567,-58165.1590,-66629,52711.8589,51983,-87648.8985
87518.1418,-73397,-84880.1368,-65201,38410.8351,74376,33576.3065,-82424,-7489.8490,93626,-74094.9542,-23316,81662.6945,-51374,9231.7737,-83262,57766.0007,90914,8912.0032,2610
39114,37744.7525,-89418,55743.8417,-90939,74957.6294,65678,-40590.2646,70277,81705.2122,-33449,82613.3528,-49451,36657.8989,57479,-546.9781,50023,-99018.9130,96211,36519.3059
-47498.3134,-24874,-67539.5845,-39927,-85000.2859,59896,51298.3497,-48955,4164.2663,21542,21861.8968,29062,-29590.6464,-51605,6717.3546,-62378,-22485.0959,-43655,-85552.6248,48876
25764,-69680.6657,-36994,-57978.2349,56597,77514.5333,35992,36467.5183,12470,69053.6346,-12731,96115.2767,45824,-54192.6316,-25409,98059.4337,19941,-12069.9841,-33770,-34831.3998
-92470.6502,65049,-89147.4764,-72724,29271.7029,97865,20634.9639,32821,-9442.9248,39769,21793.2682,-38445,15919.1251,16087,70548.8757,75316,43531.0962,-27329,-11519.1648,-39377
10330,65923.5586,-68159,74508.4045,-19249,23775.9532,-2602,83663.8120,-38552,42883.0286,94223,-91583.1299,-87327,-74838.5613,-17527,6567.0052,-60179,-16535.0991,9175,-88974.6609
14417.4596,-84059,-11139.2375,-17648,90634.0746,-96472,74337.7344,90954,52607.9901,49353,-12120.2379,48814,-63088.2655,89932,32659.7459,49796,-10021.2343,2585,89401.7635,44200
46145,86332.9227,67411,2520.1851,-47158,63744.4187,-2298,-48815.7062,69737,46408.5730,87284,54604.4846,-42126,-56388.2160,41181,55740.6007,-28256,76194.1456,-74889,63126.8037
9280.8466,28651,39440.6061,55122,15022.2941,-43280,-37035.3067,23382,-50370.3968,-34196,-17803.2351,6882,-53930.0043,89873,42955.0731,86010,83278.3530,99075,60371.6527,-2287
-3825,19072.1158,-31139,-11858.5752,-61639,56856.0646,18256,61290.1152,-28085,87420.9591,15852,94405.4472,-75048,84591.3759,24245,76575.0144,10520,66383.2846,-9999,-87849.9241
-96445.1678,35289,45545.6839,85016,58735.1223,-13144,26566.7157,-57843,-73370.7987,-83874,87716.6610,49122,99334.3976,-55249,50250.9313,-81674,87107.5157,70076,29652.0862,70351
-58332,57653.6686,-55656,-44505.1741,29474,-72057.9945,56717,54990.7460,-82198,-45071.8043,48520,58780.0933,-63825,-88301.0799,-64314,-82470.9840,-36094,-77598.1259,11113,-39177.6006
61849.0363,91407,69662.5369,75288,-49878.8849,-17909,76309.2510,40318,-99871.2433,-7875,-36611.6717,-76170,65782.5903,15329,-89500.9952,-54680,-19478.1564,47467,68457.9670,36373
21328,-41428.2943,-3215,44340.3440,-77788,-74295.8911,-63567,-45373.3290,86955,-17081.2178,-71584,-96746.5883,-80547,-69074.2375,72726,50834.7018,65691,98707.5402,-7481,78876.8074
-21351.8321,-76551,-18856.7536,94097,20288.7126,-51214,67065.4638,-78304,68723.2849,-16390,-73320.7203,50604,10692.7580,72654,-8389.8307,-22809,-80562.2866,-31697,-16075.7933,69546
85088,-51987.5326,86252,-67220.3630,77010,-80232.2936,16531,-54170.3676,10721,36562.1051,35927,-89038.0326,11996,80275.2781,95892,50085.0337,-87272,24938.1399,97066,865.9927
-8924.2813,-96338,-45441.7835,-24614,71292.8163,-45841,83022.7769,36061,48861.1768,-73271,-42111.9827,-5525,40292.3347,30549,-68381.6925,-15524,55155.6756,82898,-25081.4734,37945
97959,49418.8796,40270,-41340.1000,-13427,92328.7964,80759,84483.6589,50271,-26224.6382,23607,52938.2996,39808,-59824.2682,-60923,-15664.8472,86303,29170.7133,-19290,-99623.0744
-99365.0371,-64136,65959.4837,-5562,-30270.1455,34317,-76475.8026,-61409,32246.2346,12166,-98525.1703,-89499,34640.6859,81770,-4949.1012,96845,75201.5818,90346,91738.1569,34202
-49045,38108.0716,8939,-26058.1259,38305,41568.1323,-7459,60225.3058,95067,-31143.9502,31325,-88794.3882,1621,71201.1338,41275,85264.2194,-48682,-95783.4393,13194,-37883.5579
-81564.0601,80920,4568.4063,34839,-1743.9788,-29380,23881.5224,-78239,-7007.2100,67197,72099.3476,41587,-62.7438,92167,-69023.4858,-98253,48404.7793,99298,-88145.4733,-7371
-55796,-43933.6065,48716,-42536.8091,-5005,21005.4236,29152,10739.6120,40975,-76737.0664,36070,-24530.3116,21326,86536.2965,-15326,-84908.2123,84119,-43441.0206,-33844,-32807.0122
44219.2353,31076,-40620.2741,-94485,87788.6005,28030,-30976.8282,82895,-95463.4984,72317,-70596.2042,-29386,-12959.8798,-18967,99723.5389,79855,-1536.9337,29562,-20565.6613,94649
94845,-86486.6804,67828,93763.8847,16145,98174.0022,-31208,78058.2700,70683,80471.3434,-15513,-26922.0992,81062,-61054.8723,68531,-20425.1846,-55236,-95180.4496,-87269,27146.2335
71896.2201,-92322,36546.2874,-49626,72739.3384,-98454,-99410.0205,82321,-29505.6216,55208,3663.4026,-37328,-22114.8344,-35345,-5336.8364,58272,-5961.7084,62676,97627.2773,-77899
-24006,-62834.5197,97163,64383.2084,4389,38304.7872,96591,-26737.4576,-90809,54578.8025,59173,93873.7586,27760,-68136.1546,-10037,-99113.8017,59954,37738.0016,29423,20311.9382
-52203.6370,-14036,-13179.3717,84201,48911.9441,90406,40633.0481,91110,-76732.2128,60754,-8719.7102,-34454,66046.4358,-26233,-95657.4091,42585,-59823.8277,-62397,50492.5886,-57625
19219,-47961.2330,-41923,-32420.9641,-58755,26015.6081,-88791,43249.7442,42108,57275.4022,93343,24674.2781,28378,82425.9810,83042,-56982.4773,63835,38088.1365,20943,37441.2881
70860.7117,-18765,82497.1588,-88293,-67293.8511,36642,39232.0100,-17381,91472.0743,24064,31469.8762,-76592,-51587.2763,91767,-23000.6154,18365,-17441.6156,-95434,-44239.3088,-95435
-78710,-73283.2103,-40081,40586.9688,-22733,36958.3746,-34423,-32116.1844,20027,13551.5864,-88214,-37740.0364,29237,-78480.5778,-79466,18209.1270,22441,-95103.0909,-47668,-75729.7607
96122.3368,29836,50608.0153,-79393,-81643.7376,33604,-68026.9819,-61237,83979.5745,61331,-36160.6847,-10692,-45915.3380,-375,-2487.7536,-70190,94609.1712,-30845,-87651.2697,-89680
-518,-9258.3137,-46365,48863.4522,8152,88908.1509,85469,-76193.2479,-41187,-24530.4926,-84911,51719.1852,74798,-96330.5607,8854,29558.3433,43897,66337.2232,-23869,49925.5046
41723.3332,16087,18240.3026,96878,51732.1733,-12699,-91420.1887,-69622,-46220.6382,64659,-56547.9612,73806,83152.6188,-79828,-83095.8158,70744,13912.1180,96212,17617.7800,37726
-56535,24705.0778,17706,-8263.4065,21389,49258.2584,-56745,-87009.3418,-6545,-33803.7232,52192,7240.6750,36156,12450.4942,-36286,2000.9312,29141,43668.2406,58559,-49248.1660
-88149.9452,-23276,85705.3344,-32969,-86134.9845,49881,-99210.0349,-81433,-9470.8803,-14657,-85082.6995,33892,27039.3244,-30980,87121.2884,70980,-17478.4527,49094,-36004.2655,52571
-27005,-28059.4030,-39260,-6352.0637,-61251,5115.6549,-3437,-8071.4184,19601,11643.1832,84157,31119.3960,42692,3271.3976,71339,-46063.5398,77830,73967.8572,50854,-77898.5936
7633.0708,39821,62576.5903,-6229,-34523.2153,48058,-10254.5348,57079,98338.6772,46117,26647.5102,24895,65995.2862,25143,67034.3116,34959,-20074.9459,66553,-63659.8513,17030
-22130,4007.1156,59087,-60628.1885,-91934,88987.8390,592,37312.5527,-37233,85317.9397,61348,72421.4437,-74851,22201.1482,-12772,96471.1250,92796,-46971.2846,-47152,54974.5148
24343.2279,-81329,94365.5198,37365,63438.9097,39483,50754.5469,26541,15562.4624,-3279,27706.4388,12392,15238.9835,65349,-20937.2171,58140,-82863.8750,-11474,-1906.9495,-18355
-50418,-22238.7643,41945,83421.7664,-70622,-66754.5246,21239,-68886.1791,-43893,-55160.2199,-95677,59371.8865,59426,28976.7251,55775,-86223.9569,-7611,95258.5346,59265,-45131.4919
-9639.1869,-98606,96271.4849,-50198,-85347.6729,-89634,-55028.7909,61306,-52973.1411,-29454,5182.1024,-43448,-15259.3295,72027,-49167.9687,-51162,-22118.9749,-8966,82394.6867,23406
1881,-37421.7798,9262,69095.8305,-5194,83573.3229,-30889,62024.1729,39982,-47810.9425,-66778,9691.0406,97706,81251.5296,83314,13955.8310,-26897,877.3992,-20673,-45159.6539
-38461.3155,-85825,-85761.1779,-88187,775.4020,-55478,-39492.2173,-95274,49360.6890,36354,-29239.5618,18161,66756.6181,-46581,98786.7194,-43689,49556.6990,47741,63104.6580,55444
52277,-62312.5810,88356,23695.3908,29421,6255.8674,49417,61177.6604,78560,35008.4011,-41250,-84156.5104,7061,7156.6456,-60608,-9721.6458,82630,28979.6965,39559,95054.5631
87045.2926,-17632,-390.5612,-15306,30995.4845,-917,45953.4376,-28220,20479.2320,-13798,-76398.0599,-66853,-27909.2921,-60956,57872.0810,-42273,-48463.0109,65395,31853.8975,-44254
38629,-24112.0912,68617,56179.4438,-23080,-30543.4380,56324,-17091.6945,39119,-56643.7043,-54689,-41033.5734,4662,-10634.4397,-63290,-43031.8589,22258,10926.5740,-56893,-79689.7166
75676.2110,77044,79400.6575,-15442,-56487.0612,17961,-22766.5756,-57283,19167.4397,-49934,-94369.1324,-63611,-58468.8938,62925,-7782.4708,37416,-50155.5079,-63321,-62032.3766,-69993
-96527,-23974.4139,-60961,-68368.5261,68975,41064.0595,-26731,-15365.5699,44841,2124.6216,43903,7314.0748,66993,16016.0895,41409,47522.8634,67969,69700.9944,-32721,37048.7857
37665.6238,42841,49021.9236,99852,-21786.4633,80273,-26568.5123,-73003,-52629.1841,-62021,28990.9126,-38488,50707.5054,-25254,34810.0906,72859,-11820.3317,65062,-81296.1193,-13824
37421,89926.7247,-48087,83932.0466,-39062,16653.7230,-95374,-44625.4844,13122,-20350.2621,5028,23630.4515,-37079,-48424.4867,82834,51706.4125,-33568,-45299.4427,27070,70806.8871
-77274.6156,30130,-52965.1235,85589,76118.4719,98514,99477.6815,72834,-24494.9258,-7702,-14474.6758,89456,2659.5428,25538,-75182.6179,-42127,-9706.0845,1713,6612.6516,-42597
-68927,85230.0155,34675,-52231.2766,-21153,33037.6981,19670,-23507.2258,-70830,70212.1976,-15569,-13857.2866,-90765,78891.3337,94732,-68325.5602,54529,90464.1663,65951,-93339.8166
62799.9887,754,88805.6132,-53432,69042.4896,-80972,80840.5594,55290,52257.7559,-73223,31229.5629,-74116,-70240.9107,91130,19178.9972,-59502,-44114.8996,-68130,13498.3254,-60199
-73478,-38297.1806,46394,14795.3666,-63609,62069.3293,-73555,-44688.0515,26060,61795.6818,-73363,70673.9051,-6922,-85582.3912,21859,-25668.4687,82069,-16545.6229,-47463,68771.7704
-61687.1136,65260,-97133.6110,62018,-66076.9825,-399,56316.3471,-82795,-46624.0004,-38552,32445.7300,-66900,-63717.9797,-28368,52323.0405,61758,37665.6184,39230,-53896.8656,-12806
50833,-64349.9136,-63201,74509.0234,-38402,-5796.6539,-58272,-9614.8954,26111,-24795.7656,10123,-90796.0280,-63333,-38326.8331,-73530,-49312.0982,-25772,60520.1519,7702,-71154.2031
63408.3028,56003,61162.3142,87355,-92481.4590,61391,83112.6941,54925,-40414.0030,-15829,-75590.0935,-26289,-1689.9041,61543,-3008.0792,-6392,38092.6076,-20015,67762.3606,30728
96480,-43492.6157,-95316,-61826.7506,42336,-13928.4170,26664,80222.8394,-30291,-35545.9407,-52843,-11235.8520,83862,90664.9605,40759,-7706.3656,-85148,74517.1152,-97441,-37081.0929
43473.4527,92914,34943.9131,-82477,-88201.0070,65204,25335.8992,-75853,-34629.4069,-10636,93307.4109,79092,91594.8511,55974,24134.9020,4815,-56117.0346,62364,-84634.0456,58921
99416,30573.7600,-9906,84541.6492,-65804,-19047.0032,-75844,-512.7026,75093,-49041.1739,18690,-70052.6500,-10833,46277.8027,-1193,-54681.7013,-33440,-17154.3991,46017,-60528.4019
58847.1035,-44289,84055.1705,1933,-92605.3321,-74570,15290.1405,-11516,-56402.6508,13028,4026.6995,-59230,15112.3117,16952,-63831.0668,61291,-96463.3729,-86141,41733.5485,-20930
25958,94011.0683,-78559,-1191.7712,28042,-87223.4889,29722,51176.8487,66930,21066.7056,39583,28082.3045,-61896,11081.4997,-84547,96482.8077,-79823,32548.4373,-71283,-53938.8832
-75266.9766,17863,-94429.1499,-27932,41870.2127,19268,-30474.4735,25691,-25317.1003,69783,-52682.3836,55567,59105.4606,87605,8249.3931,-23560,86232.7111,19036,-74213.2834,77348
-68694,-58974.3242,-36390,2119.0843,96502,-50441.2069,-82436,70214.5420,-12452,77428.6567,4442,35724.6306,-3593,-51745.8775,29744,-45853.9964,-45087,-76120.6618,46619,-30143.4683
77201.4972,-1697,72137.9627,25317,32798.9281,67455,80806.0934,52970,73989.0525,-77129,30244.0720,-31134,-47075.1761,28072,-16644.3254,-54563,-94244.5961,11234,36788.4635,85874
27860,-88855.2578,-22285,-21495.5281,77945,88153.1626,39853,71278.5886,24326,7794.0270,29913,-62583.9281,37941,-77938.5929,-26308,-31243.2205,88766,-48102.9756,-63479,99078.7861
-71938.3658,70257,9408.1551,-78771,76459.5905,-79816,-61225.6306,-97427,-31612.1275,2182,-83981.5473,29276,6612.3665,-55957,90552.9354,9326,88524.6033,-94739,9228.7253,89098
-56025,47147.8545,-24832,-71629.7998,40686,47745.7578,-56794,399.9162,52596,-99860.9628,-2387,74151.9845,-42850,-20241.6273,81177,92970.7498,19741,-10016.0749,-83545,39574.7765
-70752.0950,82980,-77440.8676,-27735,-66602.3983,95469,-69579.4076,-54482,98335.6804,96591,4447.8438,-31716,88271.0774,-32135,-10266.3086,-55645,78793.1811,21685,-47973.1254,55672
-78731,37929.6100,-72576,36628.9184,-46953,183.9186,16544,-44884.9625,42913,-71184.4137,-31772,2083.0407,95637,-49570.5876,-92352,96710.3632,-83892,-56013.2622,-53394,-8156.6593
50914.0209,38634,36469.4022,89316,54337.7844,44336,-95720.9228,-47120,-76181.0629,-32373,16801.6978,-28688,-77641.4424,1890,25116.6761,-33721,91138.7126,-29905,11026.3185,-43410
-10457,-5689.6917,-1433,75937.5998,-26973,82226.6755,-91552,36440.3401,52421,21979.8211,18604,29179.0251,-52965,44810.9947,58512,13573.0345,-23977,8298.0772,66260,95786.8907
45487.5185,-35963,-90057.2277,-90981,-39598.3228,24955,-26185.7793,-62542,92475.9681,-12200,-12850.6527,-87115,50253.9932,-14026,97382.5175,-31572,826.1979,-87908,37994.4624,78762
-45782,-24113.9817,85611,37481.1916,51108,-62983.4662,81609,75543.8111,-3936,89551.8282,76596,41003.7396,-77932,-2932.0271,-39020,-3490.4225,31703,13619.9187,-31245,38240.0778
94902.0178,-77829,47754.7574,35481,17887.9882,-7868,-5182.1887,-38918,42256.1883,65865,6522.0960,66605,86138.2459,-37305,91896.1781,-25310,-63512.4878,-41144,-12890.1281,35588
85785,72989.0483,24572,36941.5187,-13534,-42001.9078,18809,26024.0973,-64403,29982.1991,37461,-22212.9821,75651,85594.2449,81232,7690.8413,46036,-72126.9596,-53672,73572.2895
25294.7032,-70911,9338.1868,-23019,-76713.5335,-66360,81376.1493,85218,-68305.9407,-94936,72025.4037,-47905,-82748.8545,-87842,77504.8651,62324,92427.8933,30043,-13137.6881,87056
-32366,29119.5771,59829,-62249.3516,24992,75589.8107,-1047,-3991.3697,-1302,56835.5302,75723,94261.6304,-89715,-17399.7612,67916,5446.3538,-44517,-43709.3378,-83057,-21464.7282
24931.1460,-37450,-31934.3336,44982,-9589.1030,69413,-11772.5252,-74665,89105.5411,14259,65597.0105,-12897,7081.6643,-39751,-25706.2645,-71041,22298.4291,-13218,-93610.7128,-86831
-9373,-40731.0141,10446,39034.1930,47734,-7327.4744,21501,-2487.8190,57320,98735.1884,-56300,-10911.0585,99341,30213.8179,49449,-39846.4631,49932,9366.1683,-76055,-11829.1211
-98931.1996,-20545,-52357.5759,3839,-95758.8253,-47397,-28936.9241,-10086,78614.7814,1993,69939.2266,37184,86536.0139,-71275,-85332.4655,77145,-9648.1353,-41117,-34927.3909,-55519
-13069,46238.7441,-57257,99462.1770,-40249,-23019.1404,-95141,-13319.4998,96073,-36980.5829,76737,-39378.2470,71484,32763.8423,-78927,-85291.3925,14171,-28035.6176,-99792,-40409.5264
48833.8991,-24993,-74996.3816,-72353,75426.6359,75358,83770.3629,-6407,-62801.3749,-50255,-39751.8944,64545,-32622.5898,-58027,-28452.1028,45980,12588.8728,-20523,-37004.5477,-45473
-86768,90491.2512,8997,78983.5336,74638,2574.6190,11209,-90032.4033,-82566,49495.7899,10234,-98666.2121,59168,90484.8649,-44536,-93812.9379,-3971,59490.3433,-27461,-23726.0701
-68603.0325,7959,30204.1692,63716,-99785.9284,48669,-14895.2891,42694,799.6625,49654,-29135.5918,-99062,92158.8167,60015,14922.2644,73498,-6338.6449,-31240,46121.0373,37744
-43192,43157.8439,54582,88773.3950,-61942,-10889.5818,36754,-2093.8971,1910,-30718.9524,61452,-31365.9963,82364,-87002.7813,-18709,92309.9092,4570,-84111.0911,-88443,49220.1515
83170.1664,-89951,-90124.0017,-8610,84574.4068,-95721,-80754.3873,62943,-28632.2906,59631,12940.7434,-59938,-28510.3810,22809,-13741.1568,-70369,-64180.8615,62671,52627.9730,41071
13191,-29766.6781,-57767,-69185.7523,42425,-24933.0194,16844,20779.9345,86278,-79438.8477,26844,51170.1836,-69761,-43443.5529,45305,-76481.7564,29078,45858.3038,-65072,52984.9577
48762.9947,-77016,-49614.6622,18481,31902.9941,-64396,-47236.4843,42071,40112.4430,16354,-34149.6189,79208,-42624.4685,-62262,52770.8995,-83446,90697.0351,34825,58361.6651,-70434
-33418,11626.9513,-98797,69384.7047,44833,-4875.2182,-93040,-96656.2857,-84390,-27665.6866,-25181,-73995.6972,-22649,20703.6301,-10642,-14236.9405,-20755,28791.3529,46470,-95860.4234
90098.7605,-99998,-59552.3110,-10374,-55530.9833,-70094,86756.3400,-72717,39271.2522,35519,21832.8144,23078,-25298.5358,-22911,4426.6415,-72507,-28805.4546,50798,-29494.4253,-57716
15200,70567.9720,83227,-8355.5101,59663,-10236.5863,-25309,-77392.3499,-19881,-6577.0755,83691,-66946.0906,34770,-9257.1615,20851,62974.1418,-66540,-6764.5592,86541,-59149.4649
-6204.6516,10695,69669.8400,94789,-71633.0513,27747,1859.5360,9849,-16729.3917,-99562,97405.7783,98115,94892.6527,-77248,-80834.3147,94343,37110.9254,-15826,81464.0703,21187
-7930,54708.8766,13043,71898.3137,-32385,-61889.8482,5672,-34453.6408,-95534,40557.6210,63821,93122.5327,-39888,83442.7515,-33876,-15566.1972,-17939,54954.5252,-95611,-67127.1111
29158.7140,-79323,353.2873,-33382,-42176.2819,86859,-67286.9674,-43557,-554.8970,-53992,78930.9827,-71887,-87314.1078,-75236,9541.6925,9335,70562.1223,47764,-24618.3402,-8774
12336,40250.4361,52289,87057.4075,-20121,5405.4647,-94773,38531.1036,84223,-71286.4831,-96411,-90109.3595,85591,35044.8546,9700,31264.7886,-11435,99460.5804,-81011,83568.9922
78797.5709,25913,-19177.3834,-79167,59539.0791,-63243,-79634.6950,-84452,-98947.7693,-48077,26095.4179,-58882,98663.6274,-94874,17171.6060,46857,59118.3613,2559,75550.3408,-73804
47096,16342.9856,-40993,-87776.1599,99521,-73824.6009,-79040,-43984.7055,12637,-83199.5257,-31930,-89295.9074,-8472,25388.6366,-72114,82657.3542,-11945,10071.2965,-90019,12402.4074
83252.9268,88901,-59550.7237,11757,-7806.5785,-4870,51388.3164,24304,20912.2791,44710,46633.6207,12343,-26442.8242,12096,75902.8831,-69317,85733.0456,-39752,-22947.8218,26239
-54671,-84380.8865,-73290,-87920.3219,-98524,58850.8061,-37957,-43093.3709,35489,-41467.9884,72494,52074.0736,55328,-87230.0202,45734,25290.6887,75311,40914.2108,82645,18771.7285
-82309.1506,53208,53124.1539,82118,28441.3524,-58766,10804.4142,-82869,-65337.5070,-48278,-38294.0677,71632,83444.7026,-99146,35357.5291,-71216,-73045.6994,-22353,76144.8169,36085
75311,37506.0922,9016,-81091.9232,-1281,28763.6033,63972,27202.8520,-89234,97072.6653,84478,28325.6556,-60086,9648.3750,-77835,35967.7439,78269,-17363.7939,-29511,-73062.1738
50179.3762,96056,2145.6026,-85173,-29049.3269,-90559,83661.8652,-1098,-58230.4034,-18137,-31960.7038,-61685,-67670.3255,-27599,52573.6150,28937,34792.1094,-18151,46709.7555,-92770
122,59392.3263,8929,-40895.9570,-76272,81179.9517,-90626,-3211.0816,-71282,1839.5994,-97596,-87510.2736,15154,87613.3894,-42838,62887.4246,-37566,-57008.3890,-40732,-9853.7028
-94197.5639,-91427,-84785.7525,-19513,-42662.8358,-62069,259.0835,-67744,-87783.4105,-29871,-36646.0184,86083,6937.7104,15719,-75976.5349,64336,71210.5602,20311,94938.0011,31990
51621,29098.4404,-73565,-55902.8842,-87084,-61325.9076,-52571,-391.5294,4265,34731.6007,-87964,20455.7502,-6354,64640.2457,-23941,78279.6974,-14935,-20099.2854,97505,-82545.4435
-52441.1193,-64254,2117.2590,-78893,94543.9986,-2569,-51701.8280,-4504,78272.0236,-86429,-8629.9124,-73302,47676.0318,-9178,-55421.4690,16634,98530.1391,44056,-24180.8927,-67733
-8228,-87005.3488,65736,48308.1362,94782,-13921.8134,-19742,-75575.6432,98203,-42060.6148,-49622,38336.8183,-22656,-1838.2924,-41549,-97620.2394,-23551,-39912.5419,66710,54462.2846
-26367.9834,17322,77535.9486,83097,-78055.1262,8738,20489.8144,-69596,95028.9308,63019,61982.4731,-2684,65112.6048,71378,50048.7532,-22566,4151.1263,57982,55119.3169,83781
39182,80658.5470,-26643,55445.4316,-60185,-77098.0658,-94211,60064.2356,8552,60823.2863,71694,-30941.6668,55778,-43755.7730,-75931,8971.4143,-51689,-23165.3441,15531,95582.8687
31299.5098,72658,-89150.8538,-76947,-31258.3493,85140,83012.8516,-32212,-78850.1739,95633,74555.3863,84126,-63097.4608,-68709,85621.9834,5214,-79526.1668,66256,60272.5852,88994
26325,-79022.5504,17689,-9997.8830,14477,-59694.9463,47735,-11006.3778,-90414,-68966.7296,-10747,27444.5348,-28197,-54161.9000,46602,7245.6647,-9625,-30078.6648,23136,8277.1120
58215.2349,77106,668.3204,55761,49229.6061,-37521,42970.1765,-68943,-42874.9808,81212,87100.3063,67467,-80378.1103,-54404,-53101.6394,49659,87474.2580,-80861,-53543.0132,73904
-91822,-73729.9866,-76586,57557.9527,39085,-43210.8065,-65990,68730.4010,43304,-89478.5112,-52150,39188.0270,13762,43299.6566,-89296,39409.5201,37497,87840.0799,54836,-4415.4564
92840.6613,-16882,-25829.2274,99836,27475.8291,-43598,-42326.2447,94309,69883.6081,11888,81998.6722,-15007,40261.8202,951,-32783.1915,73863,-36408.1295,9655,16282.5802,45089
80730,81646.3980,-70199,8589.9436,4964,-43186.9836,7390,24688.3837,17711,31120.4112,34499,38579.2243,-62670,-39029.1911,-16057,39700.5448,-95362,47465.3522,48901,52351.7610
27473.0597,-9274,7902.9870,-52600,87543.8406,22119,80260.4180,23481,-2078.3627,64803,5174.5687,34210,38991.9116,-51690,-40356.3409,-57884,9675.2264,-23897,-65893.6059,75290
-85484,22095.7739,-8935,-90465.4534,59716,-3589.3365,-24853,56021.9892,-33323,76890.8956,98266,92855.8173,-69271,8272.7105,-96167,86128.5215,-92559,15847.5615,70350,-90806.3533
-5902.4852,54514,38323.8951,-35327,25914.0512,-42874,-44464.4132,-19712,87991.9060,97921,-13349.0008,3088,23710.3667,84919,81219.9867,77447,20825.2560,46884,-35425.1003,22171
29697,68980.8022,-56790,25990.4491,-67144,-90077.7421,-80381,-18082.1894,-58828,-29496.7877,53141,36810.4558,46599,-60481.5718,38330,97472.4925,-31386,18299.9741,-99762,-98396.6903
91774.6604,95247,-254.2815,-29126,-75758.8786,-30081,-65376.6600,35629,70817.0997,-11637,81000.7798,-90457,-65880.0329,53744,16893.9516,-33980,63317.7979,86561,52892.2480,-75363
-67329,-61.0385,-9397,87937.7024,42539,90113.3500,2338,-54490.5248,59875,-22899.3196,38524,25612.8169,7024,-32682.7395,46523,-70500.5983,-56249,65697.7444,-23469,-83728.3587
13806.7996,-6816,83708.7370,-75659,-22428.8149,42580,-76205.4909,-51977,37523.3307,-15420,77308.1496,-61383,13021.9408,-72113,-12778.3341,-49578,-59571.7890,-4991,51691.2200,54048
-6375,44873.9490,9854,-19884.4044,49677,-44106.8734,-76379,-46442.2210,6248,-54133.5901,38051,-31353.2055,45691,-30732.0894,-51834,99353.5555,-80398,11372.2040,90367,51267.8459
-33806.5390,77043,31842.4936,-96449,-90496.6843,-39621,-98544.6831,-57351,-4195.5150,70269,80956.2868,-49338,46306.5126,-74482,40575.2577,-22266,-38101.7722,-96470,65786.3960,64
86912,-58356.8785,11297,81995.4784,76278,19095.9789,30853,-40063.4401,-64680,-34553.2043,-78064,-61070.5273,91035,-59261.1998,-39280,-73842.5578,85266,85707.2381,99229,-98364.9002
-27110.7498,95312,-98270.9439,59668,-64081.4279,29784,-34344.8434,-20723,77998.4271,-56726,90308.4579,-68086,75475.2599,-61691,36090.9193,-51351,-54211.1071,-6630,80442.3154,-64776
33478,13313.1334,-63094,55354.5757,54015,-32140.8729,-52239,78684.6088,75723,-53512.8345,-37424,-7720.4662,-69918,12512.6249,-36216,38644.4751,66022,-56470.4097,34171,9906.6978
-67072.3224,27286,-99110.8160,77165,86839.8296,23687,36839.0203,-41603,42390.1528,76518,-27774.7196,-27263,84273.1952,48618,84356.1091,31181,35955.1888,35898,19382.0673,4037
-76670,-65601.7288,-49889,27827.7101,63942,-23200.4229,-62578,24493.9561,-94363,-67940.9827,45665,-46607.2678,76832,-91090.0372,19243,78806.1871,-70710,36519.2134,-32590,18285.3189
-99069.9225,-80580,16611.1068,12729,28296.3748,55525,-89578.6793,58658,11932.6679,-69756,-84055.7536,72022,18829.3522,-81406,-41566.7374,4186,38900.7401,-42945,64000.5483,-96254
-41104,-49845.6623,58870,90094.4969,-63034,-27012.3231,12171,-39170.5742,79152,6038.1727,88480,-48816.7347,44803,7272.0129,4302,19286.3194,53909,-30621.9644,2058,-45832.6453
15384.3323,-43755,-44650.9131,-4397,62664.5975,-7224,96662.7318,37410,80435.3024,8624,-52457.2097,-71645,-49791.1624,99696,57618.7777,-87837,32899.3414,-81486,-28174.0292,26342
-28680,24414.2591,10614,-88228.6106,-71254,53492.9238,41919,-77813.6635,70316,-10211.2984,40847,-42665.6047,30723,4267.5840,41209,-67258.2636,-69537,-68362.6904,67200,23895.2140
49648.1410,3998,-44128.6019,-82326,-53959.7909,-23695,-82240.4724,81062,-68835.8811,21107,3933.6990,1138,-77914.2476,-77828,88794.9428,61844,22004.3931,-12890,-967.1656,56062
76364,10996.7157,56712,40184.8569,-6268,-54849.5134,-3818,-73398.6764,22874,7176.9664,-17969,30007.3128,-75140,-48307.8714,53237,42355.3396,29938,56167.3136,12626,76886.6876
69007.2024,-69652,48457.1493,-73735,-29738.5429,-19134,-4011.3388,84604,63462.3110,-12899,52845.2539,93805,-74207.0177,-93426,-56301.8275,-56573,8085.3935,-25246,55044.1228,-62840
92357,77375.6918,-88253,-84496.9938,3261,35942.7174,-60634,61586.1205,-60936,65850.3706,-97466,75915.9565,86919,-16921.6380,-59309,94587.4032,-98694,80318.7436,-2789,-63242.1234
39186.7984,32746,-78847.8058,86897,-5368.5854,-90948,76734.2594,-81827,38944.3078,82290,-65222.5243,18071,-36848.8126,56463,58540.6210,83736,46796.8413,-25528,-33430.1555,69731
60508,98848.3624,76899,90688.2889,-80863,92937.5575,33587,22076.1190,55180,-39243.3764,-83902,92537.5836,-20356,-91644.2460,21005,-54261.2536,-73334,27542.4044,36673,6221.3194
85262.7592,31569,956.4773,-48686,8080.3619,-89256,-12426.8308,-57194,66653.7843,78593,53186.2842,-97977,93246.1564,89596,1029.9793,-78757,62961.0242,-50655,-52092.7009,32131
67842,52898.7777,-25142,4337.5485,-65416,94187.0950,98941,-12693.1113,36970,-53272.9800,30044,62285.3335,-42815,-40962.4069,81351,44557.9042,-54154,13391.5400,-78146,-65670.9937
-29469.3260,-93896,55081.6809,50290,-23484.2434,26768,79766.0793,23205,42646.8210,69416,56870.2440,-32565,-26333.3967,-43262,-97899.7673,39287,-80765.4434,-81997,35735.0385,-22497
-82564,-86308.6798,30717,10635.7036,-73797,-20285.7678,-24499,67923.8792,40465,35547.9807,-93300,51310.5687,17203,3505.0008,17976,-18486.1749,90490,90248.4295,-23349,-22033.5301
30452.3170,-77042,-77530.4124,96078,-8584.9104,56322,45267.7695,62481,91516.1601,29143,-23119.8380,78290,-59457.9081,-98997,16539.0894,-23917,69927.6751,-30355,89940.6164,1699
-51775,29885.7945,-65430,59159.9487,19451,-78269.0590,-2906,62484.2923,-74323,-49565.2265,15162,-94131.0712,-7570,2117.6430,99207,12783.9240,50897,-30074.1132,-22165,-18925.4687
98206.4949,-65677,-83586.8777,98036,11233.0102,-14072,-91365.9085,86634,84193.9182,93475,-5137.7447,-3523,5671.7859,5326,-93412.5958,20514,-17423.5986,-69525,66339.8725,80097
31951,67829.6727,-62208,10240.2644,-93986,24156.2865,-83632,73490.5175,53700,-54386.1532,-18071,-50543.4616,-73692,24700.1283,40429,-23526.0068,-71389,-73230.1916,-13039,-37057.4111
58909.1356,-35051,-57363.5070,-46814,-13332.5148,-74101,-40541.9784,38871,-52689.8420,44444,-42312.4248,-41447,7859.0950,36041,34029.6500,-27970,-70230.4276,-29441,96402.7584,-44680
-85381,-799.8793,3553,-88745.5622,70981,-88722.7088,89001,42801.8260,-32069,90230.9297,58153,-76006.1691,51707,69421.1706,43287,42906.0241,-2458,-94856.9153,65660,-78747.7134
31540.3095,-34405,72132.2142,81859,55119.7400,22502,-85496.0657,2436,-56903.2729,2422,16290.8246,-56942,-24254.9172,32371,-86510.1675,79890,-54288.6964,-39984,36967.9467,33345
22074,-54885.7714,71609,-30527.8511,-57501,-52952.8724,-43475,-40072.9329,-61752,46855.6716,-32021,13010.4247,-89882,64022.5840,98214,89650.7153,5668,-2754.3834,-69588,-56531.9392
-21347.9154,-3826,-8872.7969,-47591,-84459.1319,-51657,82210.2652,3860,-74412.1273,-42669,67116.5409,-31944,40654.3828,-55765,-62995.3020,57597,-1066.4414,-90548,-57188.2383,-32233
-41842,56300.5585,-55200,71898.8507,28313,67583.7946,85100,21997.8404,39810,-87264.0463,-40047,39096.4638,-2762,28795.2736,-1917,-64504.4339,9435,-24444.3995,8859,14439.5451
-92503.2762,-94466,51001.9916,89749,29460.4430,96776,83584.2650,99882,3192.3713,83172,28877.3664,50833,50486.4131,74336,-75684.3103,-13084,-87423.7284,-20224,-44892.8155,43248
44433,-15309.4814,60799,64165.8823,-44627,9720.9021,48124,-40990.9414,-35190,-61939.6638,-32107,-50981.1165,-41789,23877.0355,-6260,-47900.1636,-4453,-26020.8450,-78095,24223.6889
-89020.8849,49712,938.8780,-50526,31580.8301,-95238,-19885.0520,-31036,59617.8880,-70198,29547.0108,-8516,32255.0169,60451,-96275.2249,90237,84225.7022,-22250,5734.9829,-4043
-1968,25762.8067,93745,-32266.1771,-48484,86451.8239,-78044,-2085.0697,89604,-39322.5566,68912,-17163.5955,-76662,-63552.2704,50913,-25722.5501,11034,68926.3626,-46480,71843.3742
3531.4394,-23286,-34157.5801,41920,32363.9798,-60508,-99339.0685,5154,-54476.4489,53129,72534.9449,-85649,18567.2822,-16932,75843.8869,-50417,-17996.5109,-93152,-43288.2659,-82609
98450,85223.3852,-56764,-99416.6646,-87345,13060.0565,-19752,-67933.6737,7449,36578.5161,-7498,-77361.2072,-54801,46670.1241,-92060,-31241.3493,-39392,-16893.4361,-4130,-15092.1561
-89912.3723,73721,84443.6459,43254,-5320.7336,19425,-43136.6173,-31826,52879.4852,3934,-10966.2812,-57655,47223.4700,15364,-61161.8001,66872,-40902.3187,-25603,-46387.8404,-89009
32721,-12127.3947,-89493,12727.1368,-10556,-34168.9289,-20157,-6134.6294,44716,-68997.4157,57080,75455.7714,-55022,-78046.8177,-92162,87284.1110,-87069,87044.7129,3463,36876.7558
85993.7013,-64874,-36581.0788,50012,-77771.9300,-87123,37392.6117,-76336,71478.6250,-67316,-82013.5490,-54060,74824.3350,-20579,-95560.2603,86112,12653.7773,57485,27840.2902,-65058
6625,83321.1136,64582,-78313.4649,91357,-4856.7731,66609,-55145.5926,-59351,11791.9325,-35404,-39025.2985,-14832,69958.1129,-12716,66520.6555,53173,-36391.7266,66046,-71303.4906
-8514.2997,80229,-61282.5182,-9744,-32789.5607,55482,-80208.3128,20593,-52149.5911,-23330,-87595.3632,35235,-31589.8839,85148,37748.2232,-74506,-9546.3906,27127,63942.2171,-57449
77211,92126.9097,2944,90006.2045,68845,54965.0068,70628,38986.8826,43120,-99758.0959,66311,-37600.3455,-9799,-85188.9179,-17748,92426.5437,47817,-22917.1234,25976,-81805.6436
55518.3922,-82867,89168.3888,-64451,-63627.2220,-21270,-22408.5793,-10751,28441.6825,52200,88883.5453,-98692,8115.5414,-27512,-895.7265,91896,97918.4128,-16554,37881.6990,42720
80875,-7619.1714,68851,21223.1701,93610,-68213.2702,-57276,-74184.7321,-17094,82344.9160,-65210,11277.9276,28787,-34475.6586,51165,-62031.4160,59084,-82394.5784,20092,36606.5734
-27383.6026,-81280,31977.7454,-51896,-87641.7522,-82743,5589.2927,95676,-99395.6420,61934,44482.8538,75537,-73670.7435,-33949,89160.6644,60798,-27704.8382,-7581,57991.5723,87723
51906,-65461.5249,1953,36091.9129,77372,95518.9376,49530,-64021.5564,56221,95139.9903,31665,42050.5838,79612,50204.2628,-61050,-33796.9036,-517,-13386.0251,-73817,-13743.3101
-56727.0882,-53092,-64417.2544,16186,-2659.3247,61902,-51890.3188,80216,-91720.8528,76640,32702.7386,80727,7725.8471,-94198,-97427.4135,-28692,-60085.5878,60999,-34043.3675,-69098
61085,87668.8706,-74851,31699.0472,46494,-6119.5978,-96140,8895.9269,-78917,2810.9354,-68681,64395.7024,-62731,-73334.1340,-55789,-73953.1790,-89057,15725.3433,-84302,-88525.5608
86344.5795,-14182,7990.0217,-88235,-15176.2901,-42339,39313.5632,59488,34733.6982,33442,82024.1571,-80279,-2720.8019,-9678,-25064.6259,56428,26092.2130,-47603,-82367.9663,48897
7501,-83910.0425,-40649,-5844.6636,-75558,-6616.4084,-58087,-49122.3668,-47152,-32956.5426,28945,52678.6396,-37157,-22293.7551,-59996,-88044.4640,85522,13361.6472,-34010,-98143.8749
-26073.3980,46646,55221.4682,-62272,85732.9972,-1345,39984.2701,-81103,70478.3968,-5403,-26759.0436,43970,-26573.2570,-53619,-1040.3865,40191,-59490.8423,32842,995.1864,82826
-29902,58708.6209,-88809,-8899.9132,86354,-1649.1896,18757,54456.4051,31255,2536.9486,-77256,66827.4620,-88437,-37280.1115,11452,11204.8152,835,-97456.1530,39919,-10362.1142
7644.5942,-63659,41903.7183,25280,34983.6427,-91251,-97143.8772,-30580,55371.6349,3451,73944.3853,90640,67327.8703,-17130,-52188.7458,69440,28089.2639,72974,-68106.1708,21520
-60335,75772.7707,-59222,18254.7829,30516,-35096.3533,79679,-11217.3475,1785,-24330.6388,75891,84690.8664,70674,-95174.7163,-90772,-4484.1494,94797,-46775.7284,-6809,14089.1747
84159.2775,-23975,84240.6867,92379,-10604.0786,-99489,-2065.5079,94473,32431.5267,81129,62688.6510,41311,-56574.3132,33151,-85172.8403,-66860,68144.4656,4951,-81574.0015,-43735
45446,76575.1842,-94609,48610.2234,-72125,-72088.0219,37325,732.2744,-2571,19111.3251,52789,79104.6398,-66120,-44282.9769,-81590,-8336.0697,-43558,10045.1567,15449,-79466.9900
6175.4763,67056,-99072.6237,22893,-90986.0584,43084,24317.1580,51290,-78865.4419,-77498,78967.7736,-58831,-44427.2516,-41055,-53702.9952,82169,23955.4018,-18740,4456.2634,60119
26003,-70729.5121,34558,-35291.4947,16938,44823.6908,-48219,-41717.1575,86536,93159.0565,-55295,-93689.2443,-18226,-83530.7111,64606,97651.9445,54294,-98404.8405,-6552,3010.7547
-25204.6190,-92512,90706.4556,-56718,-90641.1169,-28126,54067.5107,24474,-57866.9737,80382,5238.7788,53600,-99520.4092,-58752,-282.4793,9595,-46721.1467,-18256,-22908.2092,51832
43911,19695.7479,32859,-94289.1904,1564,-89694.6132,-47909,-91182.2605,82266,18570.3623,-67296,-50028.6069,-11972,70636.1149,79426,-18500.8222,22765,87728.7712,-47270,18267.8471
-61555.9351,11608,-68354.9066,57136,-18227.5834,-17946,57974.2743,-21141,-98757.4936,-27138,-19808.0871,-50721,9928.1938,-20651,-76898.9240,-89905,15813.7777,94026,99847.7433,51673
-19572,24031.7192,-27142,65381.1813,-61871,-68276.2718,55120,26751.9050,98261,88798.8145,-17184,-78889.5209,-10267,-43773.4971,-27712,-21715.7154,-4647,18656.8656,95125,-52312.1278
-65688.5352,-15461,37742.9114,-24715,-12391.5532,-87724,13442.4825,83660,-14332.1303,48631,87270.8413,45087,-51460.4323,-40008,-88137.5538,87245,-53155.3328,-22428,-46471.6190,81161
11051,52306.8326,-96663,-22075.7590,9779,21827.4561,88479,-78229.2091,-5378,-59608.3704,-37510,79288.1704,-90639,-30226.1117,3053,22629.5573,-24559,53148.9471,-99620,-18246.9795
2110.1024,83460,-22302.2982,41067,-29915.7440,66589,-13996.5876,-35128,79262.8575,72442,-23203.9189,-80594,-59898.8024,-17133,78545.6156,-81826,-67055.2726,-28391,-75641.0182,-61887
-95417,67220.3471,81339,-87258.9408,-86717,6111.0116,79128,37512.9820,-36717,-72068.3868,-17606,42975.1408,1381,-31723.1794,10849,-47044.5378,16374,9141.9525,-15072,63127.1638
-60572.0298,-78273,54118.6051,80422,632.8692,80602,-92625.2674,20440,-36822.2685,-7993,-19218.6116,-91392,-37048.9274,94314,-81070.1703,14991,30498.4948,94105,-56158.7595,-58760
25157,57151.2408,-35146,-89406.8637,-47155,-90512.5753,-87186,-97350.6874,-37982,33340.4376,-17988,-45019.3230,56801,96555.6358,-14664,-28549.8645,16883,75776.0807,-92763,61106.1638
75878.3647,-5503,-96055.7826,78135,-2558.4234,35169,98869.9123,-76893,82800.7340,-19675,-46952.4509,90452,61865.4801,54008,1251.6313,-12251,28597.5512,30511,88685.9322,-66936
-81354,26390.7342,-25600,17406.0550,71754,-99697.5421,8719,-11810.5371,-12912,82229.8072,-35102,68170.7916,9190,82540.8702,-24731,-56680.7735,58169,-59521.0862,-56852,51501.2017
-37639.8256,46237,99032.2787,-24941,58406.1375,12687,60834.6149,-68303,-81724.3292,-15098,35783.2200,-51180,82696.2104,37645,-73698.3584,99612,77130.3333,60626,86666.7417,59551
4347,60957.8911,2722,-35863.0789,-60771,34260.2894,91347,-71923.6358,-88882,-59786.4305,-26989,-28587.3113,33091,-7546.2738,-4781,-41307.0904,64013,-87040.9056,56547,-50663.3236
-23490.1155,631,-84186.3194,54695,-26726.9550,25266,21158.8388,-63436,84964.7203,-54111,73038.1948,5270,-15782.0778,71687,36237.0159,-3845,21738.1060,-57598,-32338.9041,-35933
-75935,-10727.9761,-11801,78304.8323,71333,-85541.8705,41572,-5615.3020,15034,-82729.6562,-34232,-48299.0328,-2718,-39754.2932,-74048,59737.3940,-32118,-23321.2145,49081,-94184.9685
-17248.2561,-71374,30500.2940,27479,20752.3568,-87655,24282.8084,-42287,50814.4302,-13470,-6610.9075,4749,-64892.5529,-10232,-43100.4530,43971,74506.4164,66407,74445.4145,-94483
32312,-90153.6528,-60927,-94410.8815,-58161,80189.8184,73121,-8128.3109,-71712,16781.6464,-68602,16578.4826,-30371,-38360.2544,-76242,57702.0265,-18076,-96622.9217,-25146,82062.0097
-2884.3819,-47051,-46981.9599,-5774,15182.2835,5390,99093.6620,1737,52846.9237,-6611,-17816.6867,67636,-4154.4820,98461,-18715.5069,-5906,89548.1075,56760,-29553.8167,19956
38945,42704.5031,-25881,-87198.5007,-75605,62501.1896,93646,-9407.2154,-58576,50981.4658,75786,-94719.9114,-25675,88338.2174,29251,94407.2360,18727,-50574.0297,58513,-46387.8749
95026.7370,-79558,-46721.8893,62912,61707.6735,77054,-83876.5448,-43357,91369.8410,-89289,-52548.1499,27259,51015.1014,-85666,-29425.2866,86475,-11624.3677,13034,-11880.2156,-36450
-44231,75001.5353,-61963,-49511.5682,16598,85620.3583,87796,2032.8369,1588,-30527.5080,18296,-61058.6346,-49631,95134.0715,8580,46118.9347,-40092,64653.2925,21646,60970.2079
-96817.4427,86475,-56437.7379,-90897,41305.0497,-18780,-23092.3569,-91004,-65174.5741,30703,35153.7132,32312,-38880.9434,86579,93116.8165,51654,-75195.7286,-80793,-6607.8465,97120
54626,-81417.7755,38221,-22981.5870,94574,9564.8605,51810,-68506.1990,-96626,96788.0238,96230,-84491.3749,58565,-52866.2873,-20468,-84875.8803,60636,75806.1913,74376,-85563.8251
-6093.1622,-69554,-41241.9046,98108,34712.7153,55874,-95440.5867,-4734,-70207.9643,-28125,7276.7600,18290,-38251.8068,-11577,28701.6708,31389,788.9077,-98963,15638.6727,-69151
52099,45974.7796,-25295,29297.3987,-35319,-13189.5111,-45384,67074.7030,69951,-74348.3168,72731,22499.7075,56795,16122.4359,-66234,-85681.5084,11051,-2708.2908,-15780,-76210.4509
-20637.7475,53284,-22956.2784,87980,-69103.0052,-16532,-73397.2857,-68215,-67175.1331,1674,-33531.1439,-66913,78853.5327,-96568,7217.2425,82633,51245.7583,-46773,-89584.1732,-15529
-72447,81134.6772,-51029,-47448.0859,-88186,81771.8228,31771,-85179.3774,-33481,-28462.4377,-6425,-82439.8733,-24024,-22551.7721,-84139,28827.1752,-81520,90487.8783,54064,39961.3008
-37525.5906,97836,-16075.3920,-3458,-94128.6594,-47736,-41888.3521,-29262,969.4753,56018,-17945.9371,25266,-1926.9645,16615,-85570.3040,12930,58392.2669,-38972,56450.9110,-1535
20397,92238.5452,-74404,-7018.3333,-20930,-34128.7581,-92697,-9643.7687,65665,30982.2755,43413,3692.7445,43865,-16434.1813,60849,-84787.8759,97526,38328.8019,82479,24358.3997
63247.5767,7316,-94007.5423,-71623,-81270.3359,-4710,-34812.1290,-86279,-92219.5453,-77855,-3889.3489,41853,-953.5470,17697,-16061.2079,-22791,74684.0457,75995,52564.5734,71624
-1965,4924.2656,64034,-89921.7518,-87377,89970.9337,-97487,75115.6949,66854,67500.7574,86553,-86738.7817,1369,-48419.5115,-51035,-26152.9618,56754,-85284.6296,-36149,-17186.5165
-48699.3041,-70967,-37708.8909,68551,-99770.3078,42039,5184.3526,1888,-28228.1751,-82363,-78908.4637,40099,-39637.5066,-12333,-55438.7558,-72908,70702.0678,-45494,-68401.9962,-61581
43079,-67342.2695,-66004,55848.8532,91340,21773.0662,-76740,46486.6577,76755,43016.0252,-95074,98519.3749,-81501,74568.4686,-37819,22357.8083,59131,61059.2007,-34148,22739.4802
-83231.1483,-39323,-15132.0543,-95932,43385.0942,-99870,75491.6411,-90313,-45047.5552,-31967,40225.8560,6553,24841.8809,36329,36015.1784,-47687,-37050.4469,-13989,43231.2377,-48568
54562,-12392.6429,46131,16242.8821,-214,48001.1706,-42508,-58737.2832,-75386,30457.7192,58995,66465.8271,34200,-15868.9266,35397,7928.4274,35967,32128.1306,62774,84637.2164
-4615.6698,67072,35002.9036,-64640,-22037.6941,-15825,1965.1557,2664,-26435.6512,25826,64760.6454,86939,40791.2324,56796,17700.2911,-23712,34399.3347,-98798,5113.7785,-15447
-2383,23067.3784,33048,-24180.1218,61528,-42561.1685,50235,69149.6647,81654,11433.8212,78713,62084.7662,36417,-76912.8157,-88603,-76114.0325,-59367,-2915.3779,-87276,-11547.3459
-4579.1056,7545,-45353.4266,84552,78030.4377,-26678,50562.0349,-43591,96180.6555,-86144,7976.8808,-35451,79972.9178,-40432,-94664.2498,56181,-92679.5876,-38951,25069.9387,-65862
-93754,69037.8538,-54211,-69504.8284,-7951,90930.2281,-58171,33562.8873,-10762,15080.6755,52876,95341.8168,-69374,-97388.2648,14663,75748.0690,1043,-62334.7016,-84978,-12203.5770
-85117.0767,-78315,28254.8707,94958,-24140.3966,61518,-67446.4929,2849,40581.0479,-19904,77969.4368,14152,-87729.8823,79471,-26727.3963,16861,-98239.2506,-52321,61725.6937,21023
41387,66411.4219,7584,-74648.0371,-98810,-96538.2324,36164,-22701.4900,-21287,80741.0423,86445,-35843.1640,7737,-70857.0041,-65935,96012.1783,-85645,43061.1335,-51816,-76206.4501
29018.7052,-2255,-94575.3494,25953,51536.5492,81395,24735.5012,-52230,-36618.9709,-4310,-9944.7373,85755,-67271.1166,16004,-46478.1816,-20399,-43752.1651,-33347,7861.4390,35816
97872,-61924.6919,-47998,-64871.0452,-55022,22641.3571,98723,-78325.6643,34636,39462.3152,30093,23378.8932,-73742,-90380.8077,96015,3976.0657,85748,-68309.0766,49850,-45746.6328
-86659.8500,-64807,-85442.3037,37300,68181.4938,-50541,38869.6930,-22705,39807.6464,51642,14007.5349,-57311,-38904.3159,49180,35266.4767,47705,-5622.3556,-67899,9322.0756,99496
-44208,-56972.3140,96884,23430.0038,-6923,77399.2468,-82670,-12350.2839,8059,7833.6258,-25469,-20195.0928,-31880,43845.5895,-29283,-91853.3307,-33796,94701.8374,50547,40198.4546
79544.0973,-8270,66648.3800,-73216,98493.6453,42921,-5948.3552,-29619,-4182.7970,-73595,-8231.2451,53615,58687.9404,-63949,50710.5368,-71384,29235.2286,-43168,36314.6946,72648
-83725,-6376.3218,-66184,-56411.1036,-19483,83923.2829,-14533,43823.9843,60154,-39372.3281,-96008,724.4101,91474,99807.4444,-19758,-37203.5573,91619,81372.8998,-55394,-36486.7879
50769.5697,38218,34249.5822,82376,-87860.5729,57316,65369.0689,62054,54989.8253,-88039,-22291.0957,-43297,-58117.2823,-300,43310.5451,-19048,74886.9785,-52502,-9181.6016,24016
24401,51850.8148,-84898,-73233.6619,-24838,-86651.4804,50979,92067.4671,-57110,-37528.1524,-2600,-74336.9117,71135,76834.9089,46749,20634.4903,53562,1661.1925,23585,51619.6951
-94007.5461,-66391,-20986.7502,-30753,72693.8631,15977,47240.0529,38199,55130.9221,-24510,55006.2699,58647,-28443.0108,22099,-7685.6759,41667,-90166.6832,-90345,75228.4995,54867
-181,38290.3141,38088,85963.2426,46410,49850.3777,45248,2240.1705,-14000,-74137.0389,85708,39723.0951,53508,43048.2533,54595,-87486.0451,18404,-62091.2214,-80836,30944.2935
-59978.6127,49146,80792.6452,-12776,-69287.1342,1688,56826.4925,-94918,35745.0457,-20432,-60301.7431,-11873,-47251.7216,73844,57216.5104,-94191,53855.4354,47517,27230.7792,46141
-31624,-83262.3827,7177,-63251.6670,-64707,50785.3655,66622,-49805.6608,-51343,86192.4797,12057,-19611.9901,-64173,31400.7991,-34989,89086.2659,5951,28320.6910,77134,-72721.1153
91612.3912,-90194,-78089.4351,46680,98114.3249,-42421,-22754.2560,27013,-13982.1227,-20808,94357.7350,8391,-21155.7166,65935,47717.1475,-70730,11633.2805,-19681,38450.0323,70172
14274,-36369.7259,46838,-6261.7956,1579,82780.9585,-99460,-6181.6002,512,40406.8094,89125,13414.4588,80787,51203.9858,-17579,-13471.5152,-27738,63462.0232,-70900,-66845.5271
92086.3305,-56062,64397.2707,-14828,-29294.0956,-84000,-93709.0659,45777,-55912.7606,-43740,-61315.5303,77897,-15535.2118,36949,18122.5695,-59951,-68398.6283,-89641,5733.3570,7523
-99040,-70344.2950,71541,8169.4154,-66184,92921.9457,-16715,-1493.7738,-45586,20388.3149,-26428,84536.7534,-93608,58274.6121,86933,-13509.1088,-57110,-15986.6766,92218,-50335.0822
15213.5778,-35691,44436.8237,11320,20080.8068,84079,-45295.7216,-57209,83578.4184,-31300,47915.5643,46697,64867.3713,70710,-13297.3358,-81229,-96364.7732,-15255,-91322.2295,-51842
-47624,-32533.5994,15860,82131.2541,-15446,7856.6527,-1512,86737.7576,50750,27342.3521,-62859,-94597.9363,21084,-2474.1925,77243,84983.7821,66743,-42560.8600,-42298,-63247.1476
-19431.6251,44051,34838.9871,-7160,-74436.3573,-57240,-25235.8888,4058,83750.4879,-27794,84662.8656,-48983,5736.2959,-42501,89452.3447,88784,-80481.4248,7005,-83114.4544,-52519
-88032,27202.1172,-54991,71834.1931,88176,33180.9608,-45812,38387.1676,62946,98826.9455,60503,51548.0677,51706,24093.1639,-83268,-58674.0747,566,-30339.8652,68349,33272.2606
-89348.8937,27423,92464.9250,-52531,75283.4401,97685,19568.7835,-91889,26110.1432,-17421,-64548.7942,-20388,-82181.3883,-22980,-14222.3045,-92665,-15974.7524,-76521,-63876.1681,74640
-12423,-48118.5282,-42405,-11342.1359,-27282,-28210.5705,-13468,-16596.3203,-28551,-9617.9063,44995,53014.6127,23870,-75968.8523,77342,35924.0943,27209,42840.5690,13931,-2893.9109
87728.1501,-93423,50224.8470,75253,70864.2533,-39333,80456.0750,-37777,-55294.4816,-27590,-29890.2833,-66180,-93516.6871,56514,-83375.3469,57843,36207.8515,-59440,-12405.7814,-13040
-81616,-81555.5520,-48913,29615.3768,-47349,-86983.9575,82024,35683.2946,-13118,-42701.0307,-14786,-65328.6147,8276,45871.1358,75053,-35934.0472,-48380,-42221.3552,11357,-62778.7003
88387.0554,-22417,-67088.1081,-85116,34845.9861,11382,50405.4745,67911,-41741.0067,49736,-34369.8339,73090,-95402.4338,-91085,99401.7520,-90026,-37508.7783,11867,96070.4611,-32417
8629,-26309.1697,-63806,96837.9824,-68484,-62294.7219,83328,44317.3708,-96009,-67424.4203,-3608,-1687.1078,-82427,87469.9632,-99072,3661.6504,-65455,22247.3870,76638,-10254.3041
17636.0021,66702,26327.9994,83677,12995.2110,55205,91161.5132,59777,49899.8491,-10383,91782.9556,-48272,-8291.1292,-24798,-46132.8577,-46864,90304.8631,-41042,-44057.3790,30344
70826,-12695.3646,-7957,-60765.6366,38794,55653.0821,24083,-35760.7993,-78835,30231.7276,23589,64343.6347,-78127,23446.9639,82758,33283.5201,-20680,-77496.1663,-17915,-54834.9132
37727.9705,-96971,33081.3528,53635,-15919.5133,-12189,69723.1963,15953,-64442.1709,22258,52894.9332,-5385,-75496.4959,38285,-63575.4234,42623,25791.2769,30251,15371.2867,3583
37141,79618.1952,-50582,35481.4951,64396,-26330.6424,51287,-27617.4810,36416,-42721.8152,12829,95979.5157,-22251,21705.6876,1661,35694.9233,30156,89848.3285,24305,-23202.1900
38608.2063,67969,-22141.7256,34992,88554.6756,28377,21779.7674,-73563,83757.6985,40855,-25458.8960,-1124,-25698.9430,56637,88032.3290,-53220,-58971.1105,28878,-95178.3281,1776
82832,54895.1094,-96197,80304.5834,81174,74840.0306,-6421,-59339.4197,91252,-15389.9184,44706,58896.1915,2097,45321.9938,90706,43017.6344,44097,13621.8657,-10058,-56071.6653
-79581.5029,-43942,75112.1469,-16809,77221.5084,-92643,56010.5898,82252,-98011.1659,2755,-91305.4691,-6146,54839.6178,47741,93387.0207,62442,61713.5048,-75423,-57030.1960,45358
130,74312.8722,-38763,-96343.0943,-98252,-89934.1214,41519,-25148.6235,-51046,99585.2546,-87743,-52886.7315,1696,-13476.5382,-55708,33681.0519,-56753,-61814.6066,-25558,-3091.0581
54412.8040,-91951,26812.7687,65163,20098.6688,-20529,-21801.2623,-46908,75280.5272,12183,89675.8581,-46816,-85205.5807,-25515,-96574.5603,33386,-76924.7191,4815,-10304.0659,-44457
97069,-58360.0653,-61300,82222.6483,-87355,68669.7602,-23138,80058.0758,-50660,81348.0927,-9910,-93909.3011,-14524,-42555.2988,32725,-37596.3873,74515,-56942.3240,-93918,-60199.1527
-56999.8779,69494,-49511.4472,-92495,16114.1795,31082,48359.1757,-15997,-51490.3433,-37477,46746.0921,-80773,35220.9890,-23159,-6581.2867,50798,-24592.5567,-66434,6282.2933,56495
52305,13123.8016,-67961,22328.2743,-94335,-87215.2911,-51711,60313.6668,-28110,-5362.2586,74557,66353.0705,94989,51290.5070,20426,-13317.7729,3449,35517.9930,-32927,92463.6892
30044.6730,-28592,-30072.5369,56948,-16021.8524,-90268,-69626.5876,-74004,66697.5533,69823,12017.7778,86057,20606.5734,-89911,46634.5436,-46948,-13750.4315,70609,11775.4615,13736
28931,47156.3623,74591,76652.9651,1155,13065.5210,81905,79478.5641,-41946,-84473.6716,38579,-6777.7805,-19430,13340.7295,-18062,-23172.5835,-91101,-49088.8078,-69718,-7785.2039
9682.7046,58032,65147.0112,22964,58930.3694,50500,63697.5353,91326,-10063.5170,41726,36594.2676,73371,-43781.9058,1671,-64916.1835,-10325,21106.5444,54290,-8548.7841,-12563
-92045,2108.0472,-73232,-60277.2381,-71986,-87480.7583,-8999,61436.3426,-8964,-93836.7706,11270,21385.5303,3363,94405.9963,-60794,6793.2647,-44684,-23090.9611,52590,-3962.5419
6710.1429,98672,43737.0901,17010,72781.6993,-21289,-69612.3802,99650,-88527.4108,-20030,-69162.1203,53264,40230.0999,-48820,53251.9945,55741,-24630.9812,33510,-12125.5171,-68131
88082,79505.7188,-5431,-35540.5942,40990,-68149.3262,84259,-8698.8927,-85059,92312.6760,-52624,42468.2669,59809,78120.7664,15281,-47712.2078,-78996,76149.6989,-87080,-42441.1315
88328.0269,66348,-66984.2503,-30448,-89425.9596,-70416,77275.6890,-20395,-11702.6858,-80495,-95103.7786,44065,-75863.0433,87440,-18631.1253,9273,-88721.5419,74190,14153.6962,95019
-78560,34858.7165,-2178,-2523.2529,34122,-14389.9166,68715,-97127.7565,-4072,-18296.0755,83710,-39559.1929,1817,79393.9547,-55002,70452.8469,-40621,10646.8655,-99134,-96681.0506
91028.9058,-4161,-73538.9385,80352,95437.7974,-70439,68701.7167,-96328,-70545.1986,-4723,78756.3549,62512,-2104.0429,-71574,-39182.5450,49256,79774.4402,-83903,-87191.4894,70457
-9645,18640.5979,15308,-42978.2800,-63762,-83443.8419,38542,-54014.4815,-32275,14816.0620,55833,38599.5761,-40781,59952.4277,65900,81434.4628,-4636,89637.1992,-22444,55942.0614
-41235.6661,98231,21843.6959,12017,-4454.0092,-22648,28493.8533,29103,14683.4726,62778,-94577.9316,46159,-87173.7517,942,79406.2897,-1852,50199.1597,93141,-57309.6911,63855
-75742,-74649.3976,29878,-38991.4386,-17723,72738.9008,21612,80960.2365,-65122,94847.0964,-81711,63862.4871,-87079,90968.5903,-5227,-75750.7746,37365,10121.0906,-16361,-6035.5149
11902.0206,-54411,-17781.0292,-5894,-92885.0274,54235,33910.2605,-90964,26505.6736,-33733,61133.9313,84772,9854.1730,67893,-95206.7635,-493,-48647.4765,12408,-9253.3176,91074
52398,-31173.2923,-89109,-43419.6518,40751,-1285.1367,91488,-46132.8866,73293,-88190.0203,-44342,75601.0293,35216,-6536.3791,53952,-486.0261,99757,-45996.5460,-18734,61455.1228
85086.3035,-12428,26872.3066,-90854,-17017.0603,19059,89720.5427,432,80505.5815,-87309,53816.5054,45078,-12061.5021,81585,-59377.2250,86375,-27572.0531,13651,-37086.6244,54081
-17661,-98250.5131,77783,92337.8832,-83854,-7904.7998,40390,-75542.8122,-27821,-3172.6377,37824,73915.3235,-47504,-95488.7299,-4254,-57611.6197,48806,90916.9517,50413,71402.7951
78965.9926,17622,-83811.8185,23672,-71914.2134,-76469,45644.7965,4264,42473.1249,19789,47421.7039,-35218,-18573.4307,-34790,-52072.8228,-96512,-83021.2163,37893,-95266.7699,31078
-85298,-69804.5502,96290,-91639.5243,-60119,-92822.8052,-84328,12103.1450,31360,-36681.8608,-29010,78278.2201,14799,-10604.4771,99006,99938.8634,86895,17158.6403,42288,54172.2159
-57923.1605,-37571,17009.2181,84464,-60303.6471,81044,-548.9863,-90618,-64433.5641,59810,-27542.8411,6746,79542.9686,99270,31510.3418,54711,2710.4350,1461,9485.0018,41681
26260,-32898.1188,-96246,96021.3815,-68274,-14393.0819,77852,-21655.6767,-37448,41916.7307,-45837,11503.6777,90706,77480.9024,-2269,30942.8442,-97379,88171.2558,12642,77873.8509
-64120.4252,-65198,-27894.0126,61147,38582.0430,-44732,30528.4397,-13146,-18522.9272,-97171,64073.3914,-8947,-85496.0669,71701,55789.6659,-53282,-96108.9681,36536,24324.2360,70055
44994,-99626.2461,12512,4461.2500,50182,25193.1424,-73818,-92555.7545,96023,74501.3404,37208,-58265.8925,28374,75580.2515,22351,-58283.8803,48563,25691.0949,56786,34307.3390
-16922.9629,83684,-29348.9934,-50863,48188.5772,61142,42850.5884,8476,66250.0858,-83494,7054.4415,-36691,20881.2880,-32896,93633.7683,19612,49769.7536,65800,35463.0222,-60285
88548,-69010.1990,9229,37318.5507,23896,-43234.2399,43994,28668.6394,15954,54942.1808,-71268,-98328.0467,-96256,-28555.1021,7816,-99694.8339,-27056,-62108.4110,-29889,-38019.0859
83824.8199,-27513,-95849.5013,32766,-6626.8233,67702,-83825.4504,-7295,24458.2151,-52844,43246.2176,-16364,-72443.8054,-64720,-61934.5383,-86097,-92156.1358,3673,-34447.4851,68746
39235,-81062.8390,54304,-36481.9299,96093,53557.6664,-80706,93069.4943,-87344,71689.8441,-99004,-15755.2951,-29601,-31293.3758,-30810,12076.1356,-32019,20258.8736,-90092,85178.9660
-77397.6729,26919,20383.6344,-81735,25657.2458,476,-65951.8217,-69130,-28827.1958,-70619,-70585.0360,32117,-45223.5765,41462,56213.0767,19782,-5541.3245,12159,13882.6090,-59196
-14617,43921.7857,68756,46752.0702,-46149,-72946.9303,-87419,-699.3844,-40085,-30449.7930,-5709,35047.4182,3340,-96367.8934,-50904,-45196.7813,-55667,-12963.4507,-38404,49235.6529
-64249.0548,-6547,-93651.0842,50910,51299.0626,-87744,-29213.2329,-34822,16405.2605,65520,-78498.1529,63210,-52171.0404,-42680,-8411.4063,-62516,-58870.0232,49983,68300.8865,-70169
66810,72391.2537,60773,-40359.8438,30460,93819.3016,-93134,-54719.6624,18395,21142.6105,-55752,-11956.9581,-4909,-59879.1135,1563,-31140.2015,80349,-62903.8443,77221,65903.5638
64945.5906,90679,-68731.3231,-18110,70753.4154,37413,-70342.7150,29523,-55922.9809,-58841,-54670.2635,36550,-58880.8446,-50999,13244.8440,72161,-3116.5880,41539,-62252.2674,-70285
2299,69156.8569,-12049,-67158.0961,88289,-25889.1171,73464,-3904.3245,-46884,70148.0463,-47414,-43530.5791,41450,-5519.6241,-37222,-30663.5815,45078,-83233.0199,-11500,40317.6611
78270.0534,63585,21362.1425,48353,78610.2883,26531,-955.2508,-49516,35296.9940,22843,-80440.9305,982,-96997.5102,42843,-64833.2312,68550,64366.0754,-28045,-21486.6772,8397
74216,-29720.3844,-23113,-13415.7506,50201,-32262.4032,-2930,-95378.9898,275,75975.4822,-79254,49759.1063,93234,-87064.0079,-61461,97993.4834,33200,41819.8653,20210,80266.7473
-31478.9527,-53680,61497.6810,-40628,-62745.6576,-60097,55543.2576,72936,85980.4096,88911,38859.0268,36663,90923.5382,-42023,14888.3624,33859,-26281.8652,-14150,-28353.9365,17580
2092,-25629.6849,-62442,-61629.5863,-53856,-57433.9594,-79944,137.4908,67853,-33731.7664,17908,-59346.0041,67555,73595.3318,62722,23710.1950,-13122,9641.0762,28316,-49885.5585
23733.8064,8903,20464.9866,63400,87677.6371,32386,-96890.1961,-68048,-68502.9175,-68336,-7.9442,1879,49087.7458,-78550,-53218.3068,-47012,34622.4989,-17225,-99010.1847,98771
89707,-41839.7744,86179,-74784.9003,-44925,91575.4738,-91256,-11290.6040,-5438,49036.4101,-32282,-96784.4701,-41923,35883.4962,-82269,-95970.3758,-28995,-19948.3000,47168,-94974.8894
5304.3137,85369,74910.1047,-29018,84290.8648,91270,18381.9086,31045,-19505.0641,-5087,28124.3022,-97166,-33809.6852,-74549,47956.3959,27221,-73614.7944,-9447,96636.4276,64046
7038,-3235.1336,76839,-20400.8066,-13991,725.0292,-71506,92650.2888,50223,7927.6724,11811,-35888.6234,-8057,88896.6472,59218,-30861.5365,13398,76505.0850,-31179,47950.3098
-27508.8733,87355,-41820.9971,55068,-37884.8632,-93030,53862.4649,-27956,50405.4785,29526,84040.3695,-33467,-29345.3792,53320,-14998.7351,39544,-89013.9756,-56664,79313.7650,-77751
-89127,-96704.5582,-99662,30822.3148,-67114,53418.2743,90056,-3478.2863,12384,82748.4007,26439,30801.0079,5019,-17281.7897,53197,-33316.7948,79258,70971.7030,5621,-82522.2983
-73623.6870,28558,-30870.8272,-89850,-29117.2963,-34407,-44702.5386,762,24042.9094,61260,-60418.1535,-82790,63211.2924,-91268,-85785.4369,-19314,-50318.2334,-27149,-77771.0289,47263
-42911,45074.7821,53164,22035.5497,-92198,-90984.8962,38277,-19176.3290,-38780,-61559.4022,-59215,-19920.8721,42259,54037.6193,3846,83166.5502,34017,-30827.2399,-61670,11591.8431
26168.8818,43820,-24308.7906,55649,60660.5018,-11688,-76558.0581,76933,-28015.8011,33351,-91465.5757,36030,62275.8313,-63467,-31653.0400,-8485,-728.8293,-59482,-50113.6121,69242
16706,21998.0688,-59888,-29585.3431,59509,-68882.2541,-72088,-99753.6458,-7122,2433.2970,15198,-90097.8753,80526,-50749.3435,85644,-76500.8947,-78525,75179.8027,53301,-65349.5033
77008.7516,59092,7579.1458,-45309,39778.2453,73510,-58522.7164,69953,-7883.0907,-1929,98436.1510,-7990,-68399.6843,-73007,90103.6199,4651,-8754.7872,88394,-34916.7462,26257
75610,54888.2680,-73163,12802.7375,99393,39531.1819,-83262,58810.5394,-26879,-22173.0892,-23503,74158.4028,28648,-39087.0744,18384,-15948.1930,-16276,49312.4232,-67184,-51111.3402
3802.8028,71257,-56186.1168,38590,-44063.9933,13343,-70558.4321,-29680,51351.9129,41343,-67464.9870,48813,75170.8458,61196,-53677.2513,-55229,11443.5592,-38842,-61852.7677,38272
65236,79788.4961,-67227,-23104.2770,86707,39651.6771,432,-85744.1337,42421,-44645.1326,76163,-82089.6199,76737,87034.6474,-8189,-19903.7937,80386,3988.5599,48060,33429.1543
12954.6856,-67468,80442.9664,-42427,-38267.5209,-99169,64118.2889,-19636,18424.4737,-72090,7831.0057,27061,-37542.5025,42928,-93387.4864,-58163,-79524.2042,-77494,50666.0001,-17221
55056,-72818.0462,94597,-86530.4624,25251,4674.5074,-77832,99791.1759,3342,-21378.3263,-82772,-62515.6581,79552,69101.7099,-32099,82108.8164,-56347,32653.0074,27523,-80029.8714
-56683.1459,-72894,-79474.6953,94261,-49855.4333,22300,-87534.1692,35622,-71252.6235,87854,27393.6881,-31523,-8106.8330,-90143,44243.6732,-51251,-73123.8478,-2609,-83013.4177,91651
-86105,59827.8852,42065,-64282.5282,12861,62477.0201,-4506,53846.7168,-86985,-31514.9033,38774,10631.1276,12629,59126.6286,-50809,19657.0809,-99851,-50056.3176,-42062,-9387.2043
62980.8234,99848,-86773.7080,-93100,-32973.2585,42983,29362.5741,-78335,30657.9536,-40533,62991.4302,49080,75640.9160,-42824,-15902.8325,86856,88929.5454,69579,-65688.2092,33599
-97880,14769.4595,-69850,-11057.1751,42019,59342.2431,-59659,20332.5720,-1730,52632.4585,-3849,-98239.1684,18513,73629.0541,-68292,-59775.5513,69980,-137.4129,-89041,-2820.5452
-47189.5197,33019,50439.3434,-1293,44729.3947,32538,73703.8274,-31263,73691.8720,-33289,-71730.9560,-97690,11447.0121,76487,-44246.8140,42731,86269.3529,-36206,-50187.6072,-52260
98160,49540.6873,84381,-75176.1189,73950,89549.9282,73680,87253.5868,63677,59004.4277,-99111,-14295.1711,55355,82042.0746,-79381,42948.7630,-76910,73337.9606,94682,-86224.7731
67367.3995,-52060,-83393.0785,-3009,13218.8506,-53162,5210.7286,35923,-61537.9218,6261,327.1548,11163,-47440.8781,99873,76099.0633,-84737,81266.4578,27808,-97836.6629,-77270
91950,-92263.7010,58592,-2609.8889,-28399,-35997.2578,45229,-46407.9277,-32772,-39032.8248,-61236,-87036.7270,-712,42084.7177,99364,-63045.9954,10253,-25688.3102,-24905,8375.1673
94080.1053,-34672,-49353.4370,-62254,90082.3922,-35219,26938.0477,74284,-4212.1276,-89521,19034.5292,47879,91806.3346,-5353,-22327.4697,-95841,90586.5840,29103,70677.5485,-52171
-56589,-8714.2892,90611,-71162.7864,47462,32296.5406,87141,-49544.4928,-47219,-63993.6415,-77581,87947.4190,-43622,10277.0306,85387,59698.1773,-46977,-83710.7199,-80138,-12348.2860
-36567.3856,82568,-76857.9278,-569,72583.3037,-92021,-175.4449,83770,-31469.0445,43944,15748.6434,-6819,67952.1155,27799,-2039.7470,42356,-74947.3668,50964,92827.6234,94331
-49955,-1928.8355,51137,16278.3164,50715,-69562.9423,-6432,36609.1183,73523,-41170.0940,-76291,31829.4765,61121,-23907.2935,-11231,-3284.7509,-6529,10662.1159,-30230,-83939.4726
-61222.0824,90034,51381.4388,-24072,18225.2949,60969,37408.8839,26312,28354.5944,11890,2930.3896,45005,-78960.7427,9071,45603.8372,-58878,-83604.1046,836,79597.9406,59643
64678,-92064.0584,-62687,-97367.4474,-62682,-50411.2013,-42917,25551.0207,-29023,-30954.8447,46912,-6428.6811,92900,-48879.2020,1286,-58828.7084,-18120,79535.4549,85186,34499.0034
32630.0605,58762,57172.8100,76174,61377.6583,31246,-3543.7888,-85857,49115.8728,10077,-3975.1122,-79824,72746.3646,-81254,61685.9457,28302,-92667.8812,79694,-16043.8165,29061
-47318,-88095.1584,30496,-13418.9674,-1354,33909.0346,47154,52114.2543,19039,30560.9694,-36071,-22350.0046,45936,-56063.9124,417,62868.4603,-46609,-29601.2535,-62153,15090.9883
47928.0190,-7128,6652.8070,4505,-66418.9108,-20802,3325.7431,79056,-51193.3644,-86725,-14242.3762,-35742,74661.8514,-91699,7432.8433,74144,-36678.0560,-45727,70618.6867,45780
-94855,-53533.2619,76367,85168.9407,49401,24078.6588,79427,427.0674,-79772,3941.5236,-8361,74931.4778,-63315,-33653.7237,80515,-92108.4101,-66587,68369.6446,48740,-67879.2416
51356.3909,61226,-80779.8392,45456,73416.8435,-60852,30638.3207,-79471,99161.7003,65535,-10047.7672,86717,-39788.8844,72348,95111.9163,-84804,1920.9683,26736,-39386.9760,-84694
-48928,-5246.7252,8648,36731.8873,85274,-25969.7218,-45325,69195.9787,-90987,-83140.2422,76790,-12346.0832,-27435,94654.7566,-35202,-95921.3703,-3952,84263.1955,-88383,-74930.6307
59989.6315,-29747,-71675.9374,-85635,91350.3491,24904,-55837.1202,-13253,58070.5790,-8201,-1627.5863,29309,477.2006,49113,12632.8859,-99436,-2483.0572,8947,-83619.1786,9005
-70019,-11076.9344,18876,55055.3174,-14323,-51522.5079,-70579,-94023.9238,-87070,-86096.1213,81821,68508.0374,42563,83022.5648,78963,66077.2641,99202,-67515.0341,70363,60417.1236
-30029.7434,9599,17963.6522,53289,-20307.8398,70098,-89513.4385,-21890,27674.6138,-61969,87867.6282,63423,67294.7108,40487,83142.7113,-18916,66472.1789,-18943,51059.6341,-55946
10500,-88124.3590,80082,-13589.4385,34420,-71824.7324,-85718,-62036.9945,-17432,-23474.4236,63137,64513.7888,58110,54277.5038,-49386,-35155.2713,-44061,-42327.0847,36476,-6663.8336
-53848.9341,-60688,-43408.0686,-83717,-13757.0853,-48829,14612.8362,-11230,-90411.8508,-61832,-41617.9349,15858,74229.0461,-94951,-38905.8141,-90143,26718.6923,-11852,-99390.3795,66855
-791,-39684.0881,57666,-45235.3830,20150,-26440.1732,21129,-73701.6944,776,-4.2587,66090,37977.9049,-78234,94814.0995,95600,36605.5300,16216,-31371.3644,-25210,24273.5609
25544.4193,84270,19257.6568,59492,76247.3511,93528,-38976.6166,34543,56428.7633,-47969,96968.7418,10880,-13488.0360,-47677,38314.9263,32921,90212.7530,-46514,-59874.2667,13539
46897,-87435.6239,5743,47250.6785,-97365,-67587.0183,59150,-5197.4875,35073,50675.6480,22881,-69925.4921,85938,-98045.5730,-76663,76604.2016,-94576,-92680.6917,42270,-28663.6151
-99678.0360,-95171,-53852.7573,-20426,-79007.6024,-59632,27154.5525,26318,-29956.4617,51907,92266.2977,-80553,-174.4569,-77100,-98859.8932,51337,-85845.0952,-17286,-50704.5103,-81574
55197,-73102.1157,-69972,11588.9955,89708,-49107.8309,25437,82784.2642,977,754.5725,60158,63980.2368,-72075,77218.7643,33945,95921.5023,-80427,-767.0586,-50934,88795.1753
98097.1891,62332,-95486.9338,-80254,-34229.5064,27912,41448.9760,-86697,-13013.0238,15272,-1128.7759,43911,-63392.9052,-41107,14728.5981,-5266,-79567.6120,20433,16906.8012,50526
-54857,30922.5539,76503,-38006.5969,-93554,-58080.4531,-98131,-8764.6091,88961,-13250.5488,-69252,-92102.8836,65388,-89384.9348,-21497,-72987.8622,-69152,26979.5273,-74106,56151.9596
-6685.2493,-62146,-66056.5278,-72168,88175.3643,64139,-55818.8198,-55816,-82419.0573,-59417,-30590.0363,-9818,44104.8138,88781,43117.5124,69248,85883.9058,17609,22073.6155,-25194
90971,19818.8759,-11099,84863.6045,54623,53702.6994,148,93416.4659,96254,-31582.6262,-63724,-54325.7642,-39512,-90438.4481,-33292,-87076.4092,86602,-20813.8157,-91069,-26495.3095
-12874.2926,-18400,23217.5617,52565,55426.6200,15309,-79151.4133,-10352,72357.7542,97805,34072.1368,49345,28586.1585,-70602,91420.7527,-87377,62068.5697,19964,-9232.2747,-19264
7317,26043.6313,-94992,38501.3239,-31812,51681.4615,98927,33496.6247,4492,-52942.9582,-25960,51694.9631,43784,-70795.6575,92211,77060.3735,-91374,-93756.0590,9470,56364.5803
-46796.9193,59220,-38362.0353,-97374,-62141.4117,9771,33476.8512,86062,35611.4264,8566,2610.7899,68376,-18699.2315,-97225,35346.0043,-5677,-8400.2741,-32599,77965.3612,-38318
-2816,-63074.5119,83906,-32371.4535,-66805,68528.1807,-52076,2650.2986,-47100,-18114.2808,48515,95220.2970,65608,68079.3316,81245,-96123.8483,-34447,7667.1199,38138,23229.5974
57057.7373,-1862,40137.1857,-4786,-69098.7871,-96852,-15314.8987,77379,-62086.9520,21133,-1956.4665,-14425,-93798.8460,-2726,50376.2447,-39700,40465.9165,59454,-24377.1785,81765
15680,-60761.3352,-70858,-39677.5223,34229,66241.9850,56818,92290.6739,86353,31031.8927,-82022,2346.2771,-18327,25895.3236,57039,30012.0464,-99464,-24093.7117,-89359,-57112.1287
-83029.8080,6800,-72118.2625,-30029,46886.6136,67492,53894.7725,82391,-28115.7552,87999,47565.0415,-76887,40701.7106,-77808,18681.7202,47268,-60625.8453,52961,73161.9134,50521
46568,22434.2200,-88266,-94806.8602,68904,85707.7229,-10921,-95793.6762,-95675,62973.8207,92289,-78069.9222,89610,62514.8523,65683,-27831.2375,51385,88121.5180,11467,85876.0138
-11746.9012,78557,29357.4269,-92991,74683.6900,28719,78432.7637,58249,15096.8345,-17211,24003.4626,66784,54456.9644,63607,87667.9711,-60251,-48425.3608,-53286,8200.4025,8105
4623,72236.4029,-36109,-49457.1099,8133,-96627.7106,-35332,56508.7618,-15806,95876.4812,87856,71572.6030,42783,31998.9755,-56151,29141.9120,6949,3073.6264,96667,-10856.9677
75280.2711,19850,36149.3305,-17836,-68623.4196,-798,-66404.3900,-59951,50735.5646,10132,55008.3454,-39548,-47515.9244,-18744,-41629.1116,2986,-53205.3316,97473,42936.6214,45453
73178,79446.9826,12339,19696.7029,76172,-3290.1915,-43207,13386.3094,8230,-3770.4772,-23037,54704.1381,-85880,-47758.2125,-95818,22189.0003,24955,13676.4604,-48333,-10178.6671
-6475.9596,-51784,82617.1768,-30758,16158.2623,-50353,-26999.6186,8033,65335.6425,-23011,70594.1021,-18844,57089.9475,35543,-64826.9923,-88776,66099.9649,-81388,85703.7232,93068
58292,-3261.5029,-42683,-27851.2670,77071,16097.7172,-58261,85047.3692,-19705,-98841.1577,88825,81184.8056,61256,-83858.0004,-46855,40586.9065,-20966,98535.6336,35274,-326.5371
-82658.1116,66893,26967.1350,-72485,-25160.8200,73256,-38378.7805,64195,-23817.3501,-68084,-42439.5060,28643,-46245.8920,23786,-46322.4684,-1373,-42807.5389,-12652,-80980.8781,-80842
497,-36669.1818,-60325,92089.2054,97007,-54061.3350,-87658,-21628.8553,41500,-2347.9390,80439,-70521.4469,45315,-32991.6471,1798,24249.2551,59262,-40744.1936,-23070,62678.9191
47202.5415,-21034,-70461.9587,24079,-53008.4569,14619,20885.2656,59454,13464.3819,-19539,55179.2391,70057,84585.2944,34026,8814.8904,-41479,44588.7189,-52672,-14824.3464,27535
-95202,84650.6539,44844,-83775.9636,-93117,-8683.6599,28279,67731.9119,-55259,-61885.2718,-49028,-49422.0926,528,-11519.1620,-59581,62632.3516,75696,53868.7702,-51331,14844.7733
-2583.7233,62484,-32303.4946,3184,-77875.0779,-4150,-20889.4204,-75195,-76709.0305,18598,-42865.3687,-23412,95371.9122,96231,20830.7771,10748,38918.3020,-6489,97559.1997,-16761
64704,-88433.2247,-36903,-57715.7854,72690,-47352.6126,-70322,-85465.7959,-35726,-18637.2066,-22142,-51103.5890,-38538,17475.4413,17716,36356.5694,65040,-24279.6390,30400,-86133.2915
23797.1347,54481,-73295.7987,-38326,-30287.1966,99167,67078.2594,-13098,39673.2296,-53244,-3867.1653,-48864,13666.5341,-55362,-80958.5194,-27147,-15612.2108,-74591,-27747.0084,-61276
45967,93916.2455,48753,-20137.1326,35851,-44168.2023,-97354,60770.0388,-81339,40520.0666,-34853,5357.6710,58179,-7771.9121,-1480,-34815.4230,12293,-69051.4939,-61598,27346.1619
-42628.0478,68194,-75836.1304,-46747,29029.2182,9590,5412.6157,36,48601.3719,6447,-33924.0103,48049,43653.6253,-40522,58251.0244,-87118,37353.4464,-40661,-81963.3926,-73008
-70753,34347.9157,21534,-15371.8707,-82239,-50170.1069,-51013,-12720.2582,-80395,1178.7563,-10548,-90336.4873,38162,63050.8621,-66613,-71028.8267,9176,99591.0497,95970,-26270.1947
-20162.3417,-17563,28272.5433,-43950,-41680.2149,-25856,-67952.7972,24402,-43510.7535,-34498,33631.3809,-82420,-80804.4205,-93078,97297.4579,57332,-55386.7907,81756,73174.9988,60747
-61252,4234.8388,81730,33480.5272,23035,44913.5269,53824,39435.2001,-47137,-39607.8828,-4986,-51251.1406,-90681,-77774.6216,-88927,19343.9811,15529,34102.5905,-95587,-96539.6770
-52664.1564,54273,-7907.3604,-66454,-71037.9024,-27861,68534.7079,85744,-13612.4035,35964,-25573.6990,-90768,-63087.9523,80147,9698.2606,5604,82260.8963,-47343,58114.4198,-36871
96213,59077.8808,86234,-54319.0219,-58638,-20814.0282,76572,-76111.6743,-68930,-17471.5300,78992,-43471.1338,85903,-62708.7497,24704,61276.5378,-61703,73081.2689,-16076,-13771.2265
-28115.4929,-42453,70491.7705,52777,-57746.7519,-14872,-4861.0500,9074,40829.1372,41574,-7447.4313,-934,13160.6127,4160,23660.6653,-56469,-90126.8320,40505,28520.6375,26775
53352,-38878.8256,-8855,-33050.3607,-2035,59054.8029,-76792,81856.8877,-70965,-64747.5610,-20432,-11573.6404,37106,78894.2273,-54840,47890.1522,92246,91926.6482,11486,-64155.5528
3960.3084,-40321,89319.6340,27580,-42433.3589,29513,19624.0129,-58677,7989.2076,-45369,-37618.2995,-67,-10150.2374,-81790,54440.0146,-92114,-76915.8851,44636,55452.2348,63481
-85466,-53261.7537,65524,-63353.6802,51795,-47139.6283,-5948,9419.0890,-31704,-40314.6923,-3609,-61102.6312,-6985,-65869.6298,17605,42166.7881,70881,-15959.0246,-67642,54601.0944
-95481.1501,-94092,-94248.2465,-18978,84611.2136,93853,-20129.3074,55869,5780.5039,-91021,83548.2054,25861,-64068.3019,-47268,67027.2641,-98335,-50039.5629,97599,-16049.7699,4567
94324,31428.0683,-24966,-37187.5738,78721,2908.4855,-56657,-8507.6342,94292,82529.3998,64439,72945.3125,63924,-17938.2250,87965,-69808.1852,44808,-76017.7358,62031,20172.2739
-72591.2895,-48912,-64929.4503,-23736,37538.7446,-46917,-97380.9639,53077,28973.7335,34559,28035.0042,-21460,18539.2915,44675,-82754.9441,27464,66541.6088,-14633,68368.6294,20885
-75908,16053.8855,16468,80739.0644,97031,84202.3597,78120,38275.1231,72676,3449.6157,-74809,20293.3239,73766,-6426.4815,54207,-78759.2254,-44465,82546.5109,69190,-42335.3186
-2533.1808,91640,42071.9642,-27903,13214.8428,-34469,-74873.3496,63087,27831.4311,22163,39650.0022,60123,-34941.2325,-7683,95354.8954,20035,31144.9316,-63483,-60184.5230,-26353
-14895,8407.0646,-35742,-75376.9671,-50071,-68157.3160,78902,22338.1628,-87444,80917.9860,66086,84188.7684,-58289,16761.0766,24245,-79167.3666,42875,61038.8384,-51944,30592.9921
74104.6063,12474,-7083.4728,36942,90680.8416,-4099,41273.6905,25458,27600.3833,81358,10875.5709,-50721,29640.9584,2520,85058.4970,-13477,52966.4345,-73029,-79540.3757,-75936
38932,15740.3278,-59122,-25317.3943,96403,39936.7887,-26563,-82665.7867,38815,28284.2982,-18851,82006.3819,-5215,69126.4029,-51139,12888.7885,-81635,35605.3642,-39855,15104.2106
10461.6698,-8797,33971.2334,24793,-40859.0327,87629,76945.6979,-94454,41531.7362,-19445,-95734.9996,10055,72870.5463,-29062,-84235.1151,-91669,-76693.1357,82423,27351.1653,-4292
45093,-72388.1222,-31184,-8458.7307,-60393,-19617.4325,58709,73823.1952,-47566,62561.7698,12253,4281.8088,-89741,75203.2773,-58488,42564.1822,61143,93346.3205,-71909,-98686.5085
-7536.5726,-63425,43193.7146,-11119,9031.8320,3977,-14186.2500,-84508,-96765.0792,-77615,9540.6760,-11784,36867.1768,25747,-27755.4065,90225,81397.9267,41137,31888.2697,-80319
-35529,1273.3159,58738,55999.9006,-57805,-9104.9442,29806,-30110.6655,47976,44241.4740,-77775,-46197.5545,42573,-84617.1540,85470,-20117.7041,-30041,-46392.0051,67832,-37700.6398
-32108.5029,-69240,-20800.7085,20179,57240.0643,-12507,-7628.0637,-22759,-53644.0528,54868,35610.4605,-48313,-35674.1338,60614,43578.3450,-92576,51029.8954,-32556,-5717.1260,24559
-43921,-84323.5174,39064,-46081.2895,34805,-29274.9307,-77776,-95462.8831,-90172,12963.6098,-82156,-3614.2039,4036,87353.5654,-70333,-50399.6533,33871,74367.3210,-10674,-58604.9557
77177.9015,81364,-16684.9106,69655,-29248.3304,35507,91979.2593,-1165,5917.3437,-82008,56930.4351,18271,1281.8746,82378,98289.1452,15833,12353.1216,5260,-17139.8260,-12344
-79846,-79120.1103,-49809,-56217.5227,-6008,-18349.1846,-54069,56064.4027,96939,34587.6114,74402,96497.8729,-51641,-93403.2585,86556,-74019.9075,7468,71283.8969,88051,-1549.0616
-73223.7109,28415,-85773.1778,-52903,71592.7443,-55381,97685.1888,21384,-47520.7723,24142,-28272.5123,-37924,74462.7310,-21170,-2677.6236,-23059,-54450.0353,-33491,-57845.2540,-34074
-29378,-83124.5174,-96562,8313.4870,13087,-13399.7576,-66063,-18014.2885,-72657,-70085.5004,97747,-50889.1677,67102,-68007.9966,35713,17698.0479,-27958,-61488.8914,-26316,31976.9053
-84511.2454,-12764,-83326.7645,46506,-57650.9195,54718,-27275.8030,24113,-42120.9607,-57675,-70348.1470,-40762,-70440.4960,94217,-88853.7937,-92229,30670.6742,22162,-59441.9907,-65834
44376,60747.9378,-93089,-555.5664,42324,-34253.8723,-92809,-74340.5718,13011,-82839.1516,-76306,-45843.3360,62382,-9882.6785,-17839,-50877.7359,50413,-66089.6141,13141,-53033.2582
624.9192,77289,35780.3236,58984,90179.4033,-80189,82681.5523,42260,-89937.0316,25565,5474.8328,78886,67759.9436,-10395,65850.8906,26362,-61400.5988,-3224,-91100.0140,29157
93070,-155.6153,-35619,-56056.3816,-13947,65550.3980,99972,-94292.3836,92706,53511.6514,-8197,76850.1601,-71367,-19946.4770,55371,-18036.0891,21684,33750.3852,92924,75100.6707
93517.3564,-80068,-56758.1081,66976,-41938.4211,-5644,-87117.7704,24664,59975.3295,-56495,2455.5759,21985,73803.8418,-41617,21183.3426,89221,-27999.4351,56907,97849.6366,-55572
96339,-19757.4452,47754,94407.9422,-96994,-64309.7332,46436,78346.7344,-43087,12703.2586,-41237,-94578.4376,96690,-72167.5245,21279,8976.1496,-74813,92618.0313,51865,-90256.4262
-21371.4948,32848,-60206.6216,35829,23087.2194,-51489,-23529.9316,-22539,-20673.9383,73932,-384.0350,75406,-70224.8955,-45335,-30238.9613,-93177,63181.6925,-16610,51655.7216,-78906
-54251,-57717.5260,-65481,-71540.2593,-18331,-32175.8661,54683,-27958.6200,-99585,-69396.9780,46827,-76665.5505,11414,-28305.1151,-6777,-77494.1031,-83539,87043.0835,-28374,29004.0165
54881.4153,-85535,-53200.0418,-37865,-57675.5631,19846,-83862.2473,53334,72007.7443,-16600,48284.0951,426,34562.8245,84239,43282.5745,-58618,-97734.3151,76602,48701.2097,-12837
67605,36112.8500,28261,-28557.5034,3925,37881.5168,-2113,58507.6106,25133,67734.6658,6099,9866.0436,-85479,5393.6833,-28277,30732.1434,54695,65689.1996,31216,50910.3299
-87343.4738,49094,83140.2934,88124,5304.6252,41971,45053.1590,-51684,4968.4795,97481,89592.7001,28966,65005.5078,-63108,-16272.7708,-5937,89185.8122,-63967,90941.6072,-7821
-75701,-45044.9078,-64445,13729.2542,17672,90291.7714,-45785,81269.2789,79545,-30262.2720,69317,-17510.3320,93152,48800.0199,42812,-78037.3694,-93161,47200.4212,78407,51760.1839
43490.2193,28801,7956.3125,-53916,67079.7374,-68748,-27277.5806,54275,-75587.6430,-99442,-26569.8762,62191,61322.5910,-36554,14697.2394,-58007,90536.4664,-37120,13371.3359,-67307
45215,-59024.8978,27393,-96626.7602,85779,-66810.7012,75953,68803.6293,-15581,11859.4656,12274,-2101.4425,-62439,44196.4407,34663,50252.7847,81238,-44098.0349,-10483,-13372.4439
64702.6293,37329,8711.6194,80562,-40950.2450,49904,-50191.3233,10197,38940.3618,-27612,-74093.9861,-62351,68643.8321,15243,15235.6433,-21185,78712.7280,82022,89783.4467,14844
-78860,66916.9861,6271,-25418.0177,-78929,29254.6151,-89229,-27565.7733,-38858,-62067.6242,78122,5909.5466,3105,-94961.5360,66646,45840.6830,55111,-4774.7614,16778,67274.7982
-54411.0316,90248,87231.1316,62798,32752.4239,13888,90449.6061,-38100,6075.7945,-95060,-45250.8957,-65545,17123.4233,-29281,-76655.2886,78430,-22338.4706,-59829,-34978.0645,-7256
39138,-50748.3233,-83171,-70521.1015,-56716,61497.6258,12696,-698.0267,26095,22665.1484,3056,98717.3108,-91754,-23591.4943,-75403,58680.4865,-37375,-8484.6400,-66511,-38417.5157
18811.9299,-12272,-58563.5699,71003,-4654.4364,-37960,-14860.4642,81957,11898.6082,-79088,95219.5823,78669,28303.8299,-13916,55002.8518,-58361,-67011.2885,-17701,34729.0386,-22555
42362,-63728.9109,-38823,94325.5411,-32676,-689.4878,-39798,-33306.2339,-84889,25293.5555,-18867,-57046.5976,-6311,14360.1792,77819,-30041.3205,51091,-40574.5887,-91312,26996.0588
-30608.9415,-51488,49314.6386,19655,-24934.2129,21872,-72716.4160,86375,-59794.8385,83184,45581.2846,15117,-2122.3805,-72861,96620.0623,-63839,44781.8800,-69757,-19314.5933,-34377
-19829,-19435.6283,-31232,70498.6678,47700,-60309.6941,85600,-45980.0959,44008,-95676.3689,-42808,11876.9291,37888,22425.0466,38997,77818.2557,92032,-81895.8605,-89411,-93947.8766
-85662.2273,-84828,-59886.9177,-98234,-71320.5938,-21486,-31826.0842,-58901,57303.1979,-92487,76707.2608,-70780,-34890.7116,81774,40613.6616,36219,-97506.9903,-50847,-13028.7365,56503
-93995,-42305.8226,43733,34381.6041,-59888,-28653.1040,68203,-29945.5124,-46536,-11252.8608,13076,-69971.4732,16140,30650.1533,44386,-71556.3527,49988,-31121.1874,-20410,29238.8718
-53646.0863,-89795,15443.7920,51703,-41111.3469,73693,-32592.0667,73522,6414.3571,-15710,-22179.1662,86950,93476.3965,-65707,-91173.5434,65865,-49860.5560,-67408,25325.4752,57674
-75623,-90221.7702,-76783,38257.3260,10149,98299.5682,91610,-68312.7023,39154,69029.3207,68591,-13567.6706,-82666,38261.0813,-7676,55702.7974,-47072,-25757.9959,-10262,-24576.4123
-85789.5077,-36707,-27533.0355,80325,-25127.3408,-30916,28454.6981,-22335,57914.0693,63910,-87095.4017,-90709,-51858.0849,55081,4067.4839,-77038,32145.6484,87676,-30487.4969,61280
50873,55535.8945,43151,-13490.1503,-53168,80679.4864,23436,-22436.0134,-81641,-86722.7899,-55534,43899.6314,11599,-49365.5507,-91587,75137.6839,-3281,-24276.9785,37598,88984.7232
50880.1546,36484,45186.5262,44947,-39971.2534,-75421,35022.8891,-38257,42003.7610,25970,-99293.6465,20365,21606.2292,72041,52623.1444,76715,-13153.8445,803,-37682.0345,38262
-88660,-7021.1780,7268,72380.3381,60861,-78627.1231,35470,-86128.5741,-35912,-58562.8507,29739,-5616.1549,29809,-84753.2181,15982,-72073.7576,-42096,-63042.9811,66503,-10295.8647
36429.8675,-98443,24321.5758,59379,-8647.1960,34944,63125.8098,40862,79377.0273,7811,25511.1042,-63839,-48702.3980,-27677,12091.5190,-91284,-45322.4073,-40945,92072.8507,-29651
57442,-6840.0189,97739,-20091.6581,-64068,-69515.4457,-36511,91328.9256,-37438,-44320.4929,83562,43461.7363,-1431,-74795.7574,-14515,43346.9345,95929,-25639.7283,-89745,44823.0844
-42641.1730,-16242,20785.1582,-50964,56692.9155,-47781,-45352.1390,-90825,35297.3174,40933,96281.9868,11664,-10016.2754,67634,-29550.7232,-95667,59015.3374,-13289,-70566.7190,14503
-7578,-54798.2866,36293,-61230.4130,49015,-94346.5893,81215,36644.0894,-30242,25722.7304,98608,70842.1523,-67322,61048.9523,99556,-12086.6518,-69520,-2919.3605,43943,-50286.3669
-1043.6866,-76157,34008.7736,-58404,68917.5949,3604,-93993.2130,61595,62278.7180,31419,-89605.8737,-70636,-47621.7131,-61521,-55578.5757,70952,-20175.6771,83306,-37866.1527,38969
-8609,93538.3866,59416,-3098.7203,-13856,-53332.5361,-29690,-32446.3921,26311,-99045.9421,12960,65720.3327,72440,62914.3474,-38664,69899.4183,79997,23164.5361,-66786,-39686.2712
972.2052,-80257,-84120.8136,-90799,-25773.7306,64479,23203.7583,78831,45580.8365,-12564,-85501.7773,-25337,33245.8808,1188,90491.6353,28720,11179.2579,40375,-56352.4758,-29992
60965,65259.2501,-82890,-2198.2732,60409,968.1749,9153,-35347.5184,-84917,27936.0630,-87931,26028.5263,48612,79242.1161,5078,-39154.3081,46519,-99555.6217,-65402,-19592.6302
-40315.2708,50428,-21062.6883,-75485,68951.2818,34358,-60824.5051,23640,78541.2305,5623,-499.8135,-61783,-85903.8548,36819,1965.7307,-57905,26284.5405,-71239,-81954.4005,-59248
8244,19777.5199,82602,20847.7348,-83755,-38920.3223,-75429,49234.8587,46722,53175.4955,-30557,97531.7841,32663,9336.1749,21072,13082.1685,5361,26053.1927,-38926,-72747.7279
-66749.9748,60915,91675.0392,-53852,-55548.4387,-15916,87430.9359,15334,-51996.3767,30066,-72945.3956,67194,42895.8039,-43223,73675.2318,-67535,22264.2545,-45096,9571.5650,-12217
30773,98261.3880,-41153,40101.8141,-57033,-22008.3413,78674,-46655.7982,-38270,-11765.1073,58078,39270.5443,-23182,-82812.8440,-91997,-18642.6779,2529,-71064.1291,-52900,-70267.0414
90028.0910,22587,86233.3939,12707,-71417.7152,31822,-81657.2886,-54975,-61938.0561,71636,-5233.4578,-65377,60325.0030,-3201,-20624.5216,-81494,86896.8101,-41866,-86913.8816,42186
-98126,38198.3253,60511,44841.2236,-85271,-81828.8286,-84713,17778.6590,-12222,43336.2030,-58547,-49322.7375,91853,91313.8862,-53873,76118.8619,42148,-8058.8081,89874,54513.1398
-36267.3036,36160,-15680.4062,17281,-91984.2940,58909,-12173.1114,-84789,-95214.2679,54782,73595.0125,-96335,-46797.3126,7191,-88141.5289,16653,-54435.4083,89557,-41641.5756,-30213
85515,7807.3523,-53911,-87183.7526,-86382,75162.2212,-51435,-53824.9035,61274,66180.8293,13659,49821.4333,-4388,-27818.0261,-79251,95943.8254,-17545,98302.0068,-32025,-13582.6615
-90741.5895,70373,-39971.9587,-43125,62186.5088,-56516,36286.8928,-73394,-4554.3974,-62298,-37270.1186,85129,-69780.6811,36154,20756.3382,-43268,-61445.8038,-76606,-77430.7860,76003
-52342,6093.0512,18612,57907.9081,-44741,38543.7082,15012,-98661.9777,-4672,-80808.2167,29052,-95100.8502,49289,-17223.9703,45145,44942.1930,40323,-92517.5151,-63930,36889.9634
-33781.9647,61743,-54289.7841,-9802,47392.6940,-94295,20898.0149,43696,-85841.9713,-70323,4726.6375,21146,-79935.5536,-78681,-79788.6031,-22693,-54532.3737,-60992,28049.2778,47504
98536,-64817.5158,41997,46402.0307,-45194,-9176.3418,-32647,73117.8998,34786,-26903.0510,-48563,-99547.0042,56777,77713.7609,15475,7049.9946,48312,-67529.3747,-50606,57953.6067
73195.4723,-48178,67460.5639,45251,-271.3036,37099,-79877.3433,62218,28204.9567,70431,84345.7298,-85887,93935.9632,69067,88022.0288,-80054,-359.4032,-88738,20854.0110,-65122
93653,22239.7551,-63804,-83229.1835,20578,-38908.0877,78782,-8004.3259,2420,-48734.7759,-68732,8444.6370,3890,-5432.1147,4699,51834.5036,-750,8741.0885,62531,16440.6857
40357.4615,52162,32339.7021,-89019,23883.9459,-71844,35648.6928,-45257,91278.8661,54503,60174.0406,12369,-46904.9735,60683,-11657.1996,37895,810.8591,-82726,65151.9755,26059
85013,-17873.8230,47535,45658.6823,91440,-89658.7158,5520,67900.5430,-65138,-28178.4851,-3125,34483.0601,-38393,-41438.8141,-98007,37378.5815,-59390,-88072.3544,15268,26678.5060
74494.0109,31176,-51777.8150,-43666,19317.7551,-93149,48853.3325,86876,75630.1244,-15254,-15046.6685,36344,68482.9292,15175,-44069.5876,-24903,84473.9493,36675,41347.3716,72069
-73608,-49830.3650,-8772,16042.4641,88693,35200.9627,89688,40560.6781,22241,-98373.9931,25504,-334.0343,98179,-44489.5094,90152,22045.9161,-41130,-99435.5799,94576,-25037.2325
42389.9095,52506,-89770.5262,-85289,16615.0329,47955,-20742.0252,-20124,-53248.7340,16000,-71426.1010,-19337,49481.4124,68414,28478.0737,-60527,62875.0921,58649,-91940.7113,43177
-95361,-27109.1250,-69694,70159.7836,-62650,-33521.6645,25101,41247.0343,16617,-52153.9272,-12515,-97889.1491,-99108,-47525.2548,97161,-69839.3100,-32007,-29716.9949,-60980,45023.1118
-71729.3812,-61776,-68622.4273,32283,98799.1415,83824,-27407.6906,-2083,62083.7801,94177,21310.6000,-19274,-98051.6668,-54226,65450.9394,84373,24276.5196,77100,29417.3963,47659
-87765,-72233.3451,4341,38317.5720,1778,87309.8268,97052,76532.0888,-94407,-4232.4965,77752,4691.0517,-33026,2199.1806,23249,76797.0373,-94369,42316.1329,73514,-18616.2099
94992.6761,-6101,16460.0510,10039,-21908.7294,41607,-84076.6984,-11685,88181.2380,-54050,-85174.0784,85726,83880.6397,13921,-18218.4039,88756,21142.5780,56063,62206.3133,-11961
63435,20184.9352,-46031,-35191.2577,-80584,-81148.2199,324,-16319.5637,-8456,10782.7326,-19390,46706.7530,11561,-6262.8428,-61973,-23504.7904,85928,7610.0056,-12306,-2508.9052
-81312.1917,-70021,-82007.9485,-81944,-82510.1102,-87235,47288.4700,-33199,-92311.5786,24476,-13049.8186,-53774,-39514.8910,11058,-67718.3115,70805,46429.5464,-2409,-60469.9038,-87382
-25142,-87680.2070,-49150,-17578.4642,52305,84612.3320,39035,2408.3957,14069,11907.0670,39913,-51272.9069,-73774,-97889.1944,85950,-27001.8200,-85782,-71206.1679,-96626,43388.9278
70445.2522,6008,56225.3130,-20087,-25269.5365,-81090,79637.0151,-56146,62689.0041,90770,-14005.5906,31972,-98233.4122,36703,42586.7741,74738,-25901.4954,-29489,55122.7221,43220
-82637,-93393.1038,-57030,-75316.4990,-94109,-86791.8543,55506,85149.4008,-86897,28874.5445,85116,68313.4308,-68213,25422.3551,-84735,-90145.9555,-81321,-60188.1336,-30639,91021.6962
-44059.4485,-14791,80714.8116,-85007,-89117.3422,-88448,89823.7898,-81347,-42840.2128,-66911,-56149.4077,94337,-26609.8638,30175,56281.0981,-56575,-81490.1257,78750,56508.7714,-98303
-80035,-36368.2937,49736,-92784.0261,-9144,-69531.7852,-30440,99659.7230,29035,8461.0197,-23068,86138.4879,93015,-6447.1583,22999,38675.5031,46836,13919.2177,42951,71452.6113
65467.9677,-26585,66042.2694,-51131,53211.1123,-77571,-73543.5694,-94419,79714.2139,-239,-38429.4045,40657,-79183.3890,-82942,-47127.4597,9275,-99317.4529,-42084,-28872.5802,23868
30967,-41643.3006,68135,59619.2304,29439,-47018.7876,31527,-63400.1578,34993,-87141.4596,-10568,86565.7416,51386,18683.3429,-17187,67901.8813,61432,-38816.3642,1893,-55421.3078
3197.1851,-32542,-68560.1544,-44032,30021.3645,31610,38188.1993,-40522,97045.8117,-73676,-8171.5715,-1341,92211.9140,77594,-79346.8671,45290,-60754.9776,67179,47777.2484,-85467
-59906,17201.7935,-30049,51641.9337,-81134,-35015.7954,27649,65657.4757,-86337,-71487.8582,9472,38896.6051,-76994,20275.3384,-63821,-90939.9241,91294,98493.6284,77532,-39741.4277
-32731.7837,93470,45281.8414,48752,84550.2083,-19924,-82792.0173,44756,-52385.3959,75611,-21218.9320,79682,48116.1831,-99992,50438.2253,87693,36867.3469,32402,-56996.1680,-13035
2225,23024.0378,86829,98108.0212,91682,86258.6818,-489,90926.2903,8434,61503.7308,-30667,-34125.1628,32635,-38621.9288,-43448,-74345.3543,-71017,9522.5380,32140,-77506.9964
40838.0423,-43043,67097.1828,38471,76484.9543,7789,-76363.7426,-12075,-23012.5283,-15542,13645.8918,96277,-49248.2640,18214,-94062.2441,-42496,-27918.4227,59841,14834.9570,-40038
-54838,-11299.2167,-43074,98384.3098,-93087,94151.8001,83149,-10343.6398,53483,96176.4300,-90491,65187.1294,72951,-93076.1076,78515,-19043.0494,-72573,76846.0878,-24285,98786.1058
-43585.9690,-42770,-29086.7086,36143,-25365.3362,-64363,23457.9722,24906,-11972.9182,13442,29154.5926,-71234,-23485.2762,-36476,-484.9059,-73833,-61629.0266,13900,-81658.2913,96038
-75071,-83761.3507,15222,-87780.8578,89835,51080.0389,-34565,4347.0114,61322,-64137.4815,21766,-35288.3124,46241,28633.4567,2429,-37844.7072,-30695,75470.5968,49504,-46217.8320
64556.2701,4558,18625.1361,95641,-44849.2797,70674,-27932.9111,84298,99035.6304,-23711,-58446.8814,6742,-20573.5839,-28855,-51402.2817,-37783,28511.6333,-24883,-68494.9570,34377
57956,-40230.8369,20834,-16600.6489,-95429,43056.0205,-41758,86445.9640,-69289,-62277.9789,9997,71126.7251,30458,-84425.3467,92,64568.0569,-47226,-6758.1374,-66922,-60109.1399
-81770.1504,88324,-13244.9427,25014,39982.5933,-3850,19795.9223,25029,-25745.1971,-67677,-35713.9721,-94452,-65513.0377,-72093,-15422.7689,-35210,3808.6197,-62846,55182.8911,75966
70341,85183.7645,10711,37839.5151,34546,-95568.4373,73593,40209.7228,-82288,84291.2230,-73446,-36329.3142,6816,-26854.5021,49437,-95668.7120,-70278,-39999.3344,20381,-90989.2046
-73713.1598,-42329,-47952.8606,74620,49957.7546,71912,31076.5883,-5005,-15437.0089,-53761,-91521.6128,43116,-16739.6024,33059,-6.2868,-88704,-57917.4710,-68656,-67368.8070,28582
79789,-32820.9533,62308,-70567.2631,-58840,-34127.9190,3533,-9339.2449,13328,-61809.5579,-5447,-43746.7576,67477,66224.9066,17103,84740.1560,-83345,-31581.0072,87125,29164.4008
-33301.9402,-79325,-40396.1968,69590,91571.4890,-33508,-29087.8909,3648,36577.0738,92066,95559.0097,47726,10112.4472,70671,72020.6136,-98343,-75948.9708,-74960,27309.1502,19866
-64260,-9785.4907,-22326,-18780.0097,18733,8001.6229,2014,-6906.7358,55151,-54514.9168,-73479,-39790.6040,15515,77226.2737,-19134,89933.7740,-95972,60300.7917,-16718,-76386.1282
40432.9169,-43606,-70852.5983,-62007,-5292.9059,11370,45281.5886,-34502,-99575.5015,-69907,70680.1405,74887,98623.0174,16672,32030.7711,-16341,92345.6046,64818,-89162.7216,69862
37131,85328.2090,87865,60154.4843,-82571,83566.1193,56211,89914.7575,-18716,26308.2708,-44806,-67318.5014,73255,41023.3435,23546,-2371.2970,93754,-2511.7445,-89866,59270.7554
-58460.8002,9330,-63625.7996,-98081,92407.8053,8607,35142.7253,16006,41953.0688,-55082,-36796.5125,69928,-75715.2103,-52638,-24871.0731,43376,-3029.9314,-75074,99413.8393,-9393
-43424,83009.8807,70270,17201.7271,91663,-30539.9088,18714,68044.0883,-76835,-77046.3536,88336,6054.2127,19783,59340.6865,14115,26649.6902,-26226,-60559.1372,2075,67603.4890
-23553.9664,91101,-81333.3822,78409,61045.3074,3027,81133.1765,1497,98023.2945,12343,58876.8355,-50343,-2035.4207,-34907,65228.2564,96572,53124.4563,88814,-14813.8643,-71725
-31982,31534.4597,3496,-41130.6073,-33212,18592.2742,25889,2918.2641,14716,25016.0935,-8990,-13091.5471,-1706,85155.6152,-98788,-66665.3797,-48323,32096.1280,-79871,-82033.7708
55395.9902,59593,59628.2966,-70233,-26337.6526,24807,-88397.9009,25004,60505.0932,30222,41270.7917,-84402,69769.6667,46248,-76159.3596,-90597,-47624.8433,-72531,3878.6302,-76451
78208,-92619.5371,-40824,7683.1873,-68249,11282.6822,-79530,-18320.1480,-81145,-13224.0296,-15372,-3024.0489,-91859,96194.9865,-55047,-79140.5718,-71582,56744.8757,5524,-10726.9527
37518.6127,80159,-45955.0830,31063,-15877.6547,73108,80289.5297,13050,46920.8848,-60105,-71703.9914,-5277,-7256.4034,-42418,49408.4566,-53824,-38185.0572,79904,-26103.5174,71257
-9890,26149.9965,71789,-53017.4734,-89599,-30251.3050,35626,18688.3599,96897,9792.9590,89040,52218.0297,72130,92034.0169,-11601,-45821.3605,-12722,-35952.3993,-5271,21660.4238
97847.1868,79476,90119.3570,-6661,2218.4144,-99146,-63746.1954,-18596,-18026.3552,10348,-99967.0787,52672,93501.5803,18008,-35588.4032,31345,70831.4796,-36105,70471.9742,36933
34954,-65026.7407,18135,-6283.7410,53025,-76262.4415,30848,-17893.9828,25276,-96688.7091,-45915,-63689.7536,-35783,-89407.9721,-11826,-20988.2046,16579,-50929.5780,58386,-26026.8227
-65990.4141,-98185,47125.3097,64663,84821.5911,-82305,-56846.0934,-54486,32000.4057,434,-90497.1402,22873,26327.9250,-6301,53414.7092,-94118,26077.1759,27587,-71472.7029,55389
48838,-98652.0659,71980,4100.4137,-28500,-53952.6418,41900,-98644.4857,80421,-62739.9316,73340,-54877.9683,-48851,-80118.0082,-62317,-25472.6996,70534,-74752.9545,-28142,69272.9182
63963.5508,-53062,12806.3987,61262,-36486.0182,-2933,45260.2437,96941,-7586.8341,-37046,93047.2242,-15899,7407.5141,66667,85898.7129,-14908,81282.8439,-46255,73470.4684,-53009
-52978,-58537.2359,-73009,-16705.0293,20106,46509.0160,-84703,-76096.8515,39103,-96526.6829,-62256,74269.3271,4861,59654.6568,-53630,16704.1640,62001,4532.2048,-27686,92223.3582
-94220.4724,-4719,-64584.0404,80595,44408.4926,-75880,-80021.5240,-50533,-21788.6695,43187,66675.5313,84110,-6801.6248,91906,-12355.7891,-4873,17401.5967,-49714,70066.0086,51296
46687,-18852.2480,-34370,26464.9452,-28272,-95641.7950,21942,-64296.6688,-51671,70697.3651,72097,40284.4920,-8575,30080.7263,-59198,23095.4993,-9016,-47406.6188,46808,43985.5486
84184.9670,-85339,-53900.6718,20326,81247.8995,-63375,-3120.2001,22642,-29651.6657,13503,-24683.7445,71119,-35548.3044,71331,91470.7818,79663,31599.4938,12119,-23786.7581,-11202
-26498,39492.2756,-32560,-73463.4351,-23401,-38588.0872,34169,89447.0613,30519,2726.4106,-18765,-81341.3043,-72789,-12334.7437,-88128,-38502.1183,53387,61266.4373,56241,-97149.7344
-27486.6701,-45603,-73798.3505,76650,31241.1970,-62652,77560.5680,87501,-31806.3070,84806,-98349.4669,26054,96187.1383,11925,88427.8200,35499,8863.1532,-95716,-38582.9055,-32612
-34870,-68808.2000,61977,-1192.9013,-24962,-52909.1354,-36081,89221.6427,71437,19680.9639,68711,61837.2002,-18148,-62056.1665,-55955,21207.7802,-21974,-76725.9955,38331,24319.6719
2581.6344,-55230,68819.3971,-64513,-29585.4197,15143,57239.7702,56527,-71586.5443,-43393,30545.0305,-87393,-57221.0110,33337,56501.6684,-12839,-7166.9684,-82296,-35347.5211,-14388
45659,-20364.8381,-49416,-22430.5467,-67268,7684.7836,-78731,-65676.0860,82907,-51195.8454,-25409,74951.1800,-95827,-5978.5903,-20796,-81666.3292,-39939,-10285.3565,18782,49706.1728
76698.0612,52203,47939.1353,-96875,-86107.4700,53241,74944.6090,-96535,-34647.2083,22834,-12904.4944,-94473,-7377.4468,16062,54282.1366,42019,11688.6543,-36318,-73342.3206,77623
27198,-23755.6073,99385,70883.7038,3468,-17413.8054,56580,-37495.0449,-15908,-36937.6825,73373,-23199.5693,66982,-35553.0167,-61980,-31721.9564,-12442,48557.5807,10105,3459.5496
-17834.6897,74656,42624.7082,74508,-8258.5488,52692,76627.4306,35611,-26150.6734,-78983,80784.6089,-57863,60530.9972,45286,-45741.1156,-496,43138.0464,-4239,54956.5164,-74721
-38355,-9132.9184,68971,-86689.2237,14949,-72198.6887,-62696,-6548.3774,95412,71184.3109,57193,85521.9334,88599,-52529.1521,-44578,43055.4145,-40278,-18993.6516,-9469,-48513.8392
46267.3358,-96162,-36233.7672,96637,-3673.6676,27285,32815.9243,-37744,60686.9691,-28010,24857.1252,46454,-59175.4334,-37616,-22566.7942,-25200,83304.0608,92084,-64982.2635,59138
52973,-61593.2852,76329,99921.5589,93221,-52848.8321,34230,-22975.2265,-28280,-90380.7934,70262,43865.9930,-85096,4959.4731,-76679,88043.1983,3709,-169.6762,-80686,2411.2352
-89094.1240,68798,-64202.4584,-46554,10330.9425,83113,8594.7277,-62520,-99860.5238,-52210,32797.2136,-68952,-7530.0645,-39258,-76484.4944,29812,46931.9099,87400,-94492.9785,-60978
-39495,91793.1124,86724,29561.2094,-36805,58186.0363,75940,18297.3790,81875,-46675.0757,2412,89083.3752,-5825,-43328.2229,-55771,-45135.8554,73257,-40412.7697,71710,53531.6633
97143.0553,-71061,-85727.1794,4069,-71972.4175,80069,-84740.6744,-61810,44260.4147,-78556,-49531.2028,-28524,-14878.6014,25324,19632.2809,35778,-38284.0873,-12345,-30830.1675,-76540
-62411,29418.9020,13189,15825.3277,25087,-38226.5633,-84478,-78363.9335,71431,-49996.4699,34964,-45778.5710,-86275,-96246.5564,20012,52080.0688,-3327,-89408.3544,-98071,-7937.5338
-29558.3986,73908,3209.2970,-2575,-8248.8045,22748,56165.9616,22049,-71627.0590,-18153,-43384.2042,-87946,-67041.9344,96101,-83266.3906,-17417,-77736.9546,-99484,9583.0663,-81166
-17333,-48333.2757,-63357,-25901.3251,6747,-10787.2852,74243,61349.3694,57999,-95887.3085,34975,-52220.7796,77091,-35245.7609,69785,-79390.7418,-41512,-24425.3439,-79540,20303.6656
-6967.1757,-74200,87567.9435,29138,28224.9260,-72573,78943.7318,16075,-61790.7636,73575,-74292.5457,-4024,-88840.9042,75030,-52689.9210,63398,-12607.5151,-65891,35306.7333,-32090
-75067,63778.6883,45117,-22724.4590,65039,-10195.1960,-55349,-10910.6797,98324,40332.3111,-400,29707.2285,-36044,-39682.6595,16952,-54882.6609,39758,90685.2236,-22154,18366.8612
61755.3187,-40035,4948.2130,54781,-77110.3641,26390,13511.7303,-35182,-78866.0897,-82619,55141.5143,95536,-19001.0678,-96242,-38656.2207,-56554,77197.4567,22310,-62609.5250,-26999
72352,-1193.8076,61511,-66500.9932,66318,47146.8556,-10929,-26705.6864,-52323,-25917.2639,-66261,-31830.4115,-26429,-97781.7532,-64279,-79476.5525,-56333,-60989.1231,88135,-90460.4714
-93707.7118,-60224,-32609.6396,-50021,-60562.8078,-24392,85726.2816,78509,-58956.9016,-81946,-13109.2817,-79124,30524.3970,12934,78722.0537,-87073,-25948.0731,10493,6686.7547,1708
-81463,53497.8796,38590,85077.0883,74831,88826.6028,-77520,-42151.5046,-19034,-45698.1443,-37157,-97382.7381,-90548,-53538.7069,-13495,-90371.7007,75510,-5403.7656,99494,-79821.6952
-49899.3627,-28319,73390.0734,-63267,26619.6946,2518,77009.3806,-82429,9548.2601,-65818,77638.3674,41218,-47350.9225,62556,-93826.4355,-43194,41334.4679,75987,14261.9777,91665
98526,31368.4133,97231,6660.5327,-552,69412.0928,64226,-12036.7712,20238,19725.5623,-17150,80163.2639,51490,-93526.9772,55672,45100.5677,-26348,58420.3066,-85479,29760.7103
-99706.5807,-95204,8732.5899,73525,-62605.4010,95088,29998.5992,84085,82159.5858,-62623,32330.6031,28493,-89207.1693,58785,-13736.6063,-78969,-65749.4716,24518,80709.0255,-27970
-85897,-7251.5319,-17143,-34782.8662,-33596,-99941.6355,94395,-49181.8450,-57426,-42679.5312,-79189,49926.7652,-26181,59692.3622,98982,-52682.5975,33158,61600.9986,-92846,-3893.0232
85291.2463,-95243,-63290.5835,15967,-96956.2991,-98191,-12441.3688,-8637,65257.8064,-79802,-7912.8533,31991,-50525.8740,-76424,-25429.1613,-42029,46911.2394,14411,-91809.7948,22151
-64480,71167.1884,86673,52144.0848,85217,20281.9131,39750,38334.8396,-17906,-90744.7444,2436,72403.8320,88942,-63019.6864,-13848,-47635.8240,-65047,83053.6178,-49090,-3021.6364
7185.6504,-67200,22287.8396,62772,18931.1942,31517,50001.1869,45117,-21227.7114,-16281,43073.3991,68409,99978.2488,64310,43506.9438,32418,-99545.6462,69869,-52544.7820,-82216
10628,20689.8337,41138,8439.8556,38087,-29686.2165,-65046,-55432.2836,93537,-33682.1368,-38359,26372.9219,38175,73242.7497,23734,98858.0652,91981,92205.6412,35799,-11320.8587
95902.1291,-62427,30383.9188,-85570,-77135.3971,-50348,39709.9537,-28848,7860.5191,93645,-60646.6035,70114,33600.5432,43249,44708.1895,-81704,-68956.4439,-63944,-26329.7140,90824
-8138,37903.6690,-91545,92154.8910,13010,-91989.5817,-59823,-14555.1867,83164,-50167.8053,-78969,75487.1251,-10201,-91936.2887,-62561,-41373.8864,5525,-2513.3621,13842,96851.8396
-46007.4984,-33292,84499.3897,41141,70726.2102,-20472,35260.3647,-57985,24598.5708,8322,-93630.1348,51909,-33133.5083,-50798,-93819.1572,47432,59.7264,67761,75581.0153,-39375
-74130,46312.0475,57026,26259.6444,49144,95000.4784,-44538,15263.8922,60902,-48188.6841,58948,70910.8729,-44761,4707.4349,33387,27957.9391,64593,56973.9468,-55210,-60263.2597
83493.0382,44314,-28915.2061,-70841,23210.2215,-57044,-60243.9711,98639,83537.8804,45310,99674.6023,-95174,28548.3423,-75969,-45187.1436,35266,-44907.0589,90693,26364.0036,-36184
-66361,-93155.4574,-69095,-77438.9032,11091,7498.0081,-55316,31660.0751,77288,-83669.3324,31773,71936.6133,88292,8524.9439,84784,60990.0175,72167,-61272.9713,-13013,-48495.8492
6804.0807,-83252,-14995.8421,-98629,-75974.3295,-27316,-64454.4473,2499,-92122.8562,-63067,-74365.7272,43826,-36077.7958,-31945,73866.0659,-41151,-10021.1886,-5542,-85133.8293,-28286
-25843,60446.1523,46694,-36858.8724,-84596,86651.4688,-4587,-47867.6492,28734,49580.3148,-15678,-21757.8620,22937,76416.4447,-91469,55096.9519,-4570,-77593.3894,19191,89982.5181
-33413.8430,-18715,18962.4136,-82721,82264.3568,20371,-72792.1448,8922,87671.1601,66248,-22329.4411,-84073,-90516.9578,-9369,1475.3475,-43618,5966.6479,37813,-19936.0056,13280
66255,67273.4877,54808,-45715.4583,21498,-82202.4274,-69454,35152.3473,-82446,-6241.6939,-5424,13542.9341,36615,-61113.4103,70840,-23130.1937,-94876,89129.4416,46330,21315.2745
30257.2007,59560,79481.2590,-10045,33581.6740,-38222,29837.5103,82637,-71797.8826,-14086,-24133.1716,-10138,-91269.3790,83550,34429.2147,-98227,23972.6058,93670,-83767.0988,-10383
-88243,-16545.9301,82888,20914.2647,94374,9828.4896,-20802,-75302.8705,-99993,-91009.6306,29239,2743.2498,-29818,-30322.2625,17749,-3254.1139,-39671,90923.8758,16426,41635.5301
26194.4749,33090,-19605.2072,33919,-12003.3363,-90252,28181.0843,-57618,32867.5807,61252,-88130.7974,-26875,-732.0335,69771,-3176.4589,-98562,-82516.1962,48669,3934.1717,-55674
78254,69144.7800,-36614,-80643.2215,-87059,-44448.4109,-65954,7453.1922,39071,-82483.9914,15768,-51366.9312,-94642,-51189.5839,86348,85305.4299,-16584,-68313.7923,20254,66735.9487
53009.6163,-75229,-65369.4835,91943,55704.1975,34652,-73534.6362,-12195,18229.1277,-28075,-10683.3674,29182,32288.9409,-75323,16898.1624,18401,99394.7999,25369,-38703.9526,31587
-1093,69326.2129,60204,-5699.2294,-75326,-56217.5538,-10844,-95378.8651,18479,20161.4832,98347,-97746.6145,-90918,91650.4075,-27692,-95925.3618,-38438,59325.4458,-39465,75357.6908
-75369.3849,-86849,29891.9486,59591,-97396.9119,-6793,59225.1278,-91799,24831.9783,54744,-3355.9995,-27376,72716.0261,13678,-96064.6729,80116,56975.8338,-77162,-6125.4654,95397
-93855,38335.4190,-45257,-73436.2641,-7461,62277.5867,70213,10649.1834,11049,-83298.5515,-87997,-23769.2861,-72678,-99498.3407,-74798,-19586.4209,73863,66143.2560,-30094,-87596.2219
-60061.3805,56975,-47163.7755,-48820,-46035.1500,93169,27306.4302,85284,-99253.8528,-51570,-80240.3755,81229,-23335.7795,65535,-19618.3699,-20684,-66340.7211,-71920,-37546.2175,-86817
40483,-11737.0165,-23316,36724.7523,-75186,-49328.0386,66753,-40311.2744,81532,20071.3799,-55909,-85266.3233,-49404,29086.9151,41670,24902.9113,75186,-53162.3606,-88826,87389.9647
-40673.7043,46500,12334.1392,45782,1500.6601,11388,72994.1245,11111,30472.0153,-76403,-35448.2712,-69268,68263.2871,-84096,-68473.1947,46013,12507.1337,33390,82770.3771,-25223
13621,96217.4071,-88671,-21400.3336,75426,21955.0241,-28742,89355.4926,-73330,-69527.7300,49199,-32085.4286,82742,54079.8896,-88738,-22237.5185,-77988,-75790.0882,-85027,-25118.0823
-56042.4970,87498,35240.1050,-1316,-21282.7497,73787,-59733.9759,-87068,79266.8916,-47952,-22998.1569,66528,-5707.9982,-1888,95658.4137,-19826,-16329.8207,-43548,-44612.1700,-19722
82893,83637.8014,12409,-59374.2644,83358,-44300.2363,-91497,29732.6320,63071,-43883.8548,-87934,33431.4174,83874,-81715.9268,56621,87231.9804,-66710,-52732.5768,-55791,-69354.5706
13166.6408,-13089,-22469.0322,-99498,-7567.3863,-53313,-30394.3611,-18961,44360.9329,-8724,-8908.9539,-56115,56007.2285,59460,88633.5627,-13011,-98599.0533,95531,34065.2696,41050
-93034,60649.6804,-28282,71484.5708,53614,-38965.2922,31082,54148.8349,65844,35533.7387,-45065,34943.5418,-45144,-45814.9944,42599,97416.5283,69637,-69359.7761,-64096,40208.6779
79362.6997,-27193,92221.6596,22588,-69570.2001,73003,80083.7065,-55791,1274.4042,-25999,99546.5420,-31033,18516.5918,80620,-83441.5237,-52068,-77302.2261,18273,53601.8184,-93655
-22167,35018.0938,13212,75044.3612,93746,14344.9058,45935,-56951.3762,41040,51480.7488,56780,-14965.1216,-13963,-69514.1011,72154,-53736.6253,-80743,19984.0778,71765,-89545.1937
-46121.2876,-94654,32002.3593,37079,-85088.1846,-93163,-25545.5325,-94889,-52569.9400,-9439,2877.7901,51430,54194.3437,-84345,-67335.5226,25267,58261.7459,-96431,-94187.5428,-78137
32336,-5622.4474,53299,-78767.1078,-47831,13512.8897,-23024,57208.5200,-65533,-97956.7852,-48277,87963.4958,-57861,-42315.9557,-35504,57089.3380,79827,-95431.4850,-95349,-26074.1943
-43277.3435,67683,72842.7012,-94850,-80306.2713,-25836,53334.4234,-63674,-61403.1522,83406,-52088.6793,-3711,-74468.2652,92180,-77845.0282,29953,-80775.0486,-44097,-6244.8836,-99549
19818,-6946.1481,-8778,55624.1490,32369,45479.3220,-83851,-46077.3295,-10000,49626.9656,-38391,-29103.0418,28140,17115.1454,-510,-77861.3429,57871,-40101.5670,-9810,-59532.6634
79112.6369,90660,-16463.3603,37699,-22039.4390,77247,11208.0315,-1521,-89194.4465,46145,-79927.6776,-27786,76683.2855,91877,-89402.7927,-90200,-4878.3402,89477,-37576.6834,95649
-36953,-38866.9380,68819,-95248.6369,-38078,-41808.8845,90617,22889.5479,-3274,-75303.9243,-11801,-78202.3991,79595,37453.5710,-12178,38083.9099,31323,-23035.4942,-29324,-17331.5807
5468.2819,13716,-76576.6062,63924,-61103.6337,-35950,47170.8729,-22159,-50931.7478,-27536,2843.1624,7841,-9966.3563,-85137,30297.6233,88361,-3094.3035,92416,-87796.3692,54620
-92754,88196.7935,65573,59710.2496,-36868,-60049.0372,-15770,-49018.5933,-30929,-69202.6744,58629,48395.1780,-20634,-84501.4446,24147,-93274.5571,-81388,9087.1437,-83964,71973.4300
-7047.7792,-51034,80566.7296,-42621,74244.6520,27847,-30945.2793,-83266,-902.6274,-13802,29359.5853,44249,15265.0644,29433,63129.0826,94395,41005.1970,-56230,68367.5916,38965
-58611,-46390.5698,25425,8502.0147,-75569,5771.0819,58352,-71915.3367,-26638,-95514.7887,21611,-64950.9805,-67596,48070.1696,58433,-63626.8654,95782,-6982.8541,41109,-3451.5408
19423.3339,-19912,54647.5508,83061,-81721.1568,-30104,23498.5493,8927,61626.9340,-53610,-92478.4889,-98759,48468.3136,63250,21622.9419,-35535,87692.4102,-96002,-40335.0248,-75864
-75361,70272.5242,11871,-79833.9907,80930,70700.5932,39042,-70334.6714,56755,2881.3392,-34512,4311.9514,-76845,-58105.9507,-68776,7925.5933,9482,3361.0106,95250,27354.7358
-64056.7081,12606,-7834.3321,74502,10850.8451,80227,96577.9041,-50017,-83496.8472,67097,32672.0598,-55584,-2745.9937,91276,-27071.1597,18289,-88195.1449,-38978,17363.0977,64057
-55755,23542.4900,-56491,64760.8839,91749,80470.3851,-12276,42480.0207,58210,16966.5387,-20842,-58290.8948,-47224,-88852.2794,7851,-31330.6120,9976,4604.5260,41377,42711.8744
29882.2637,-57865,29283.6492,-73409,89619.2717,-12511,-29781.4924,-3883,-33969.3009,-27844,-67561.0629,-45776,84615.8031,22554,-32689.3328,-68405,-30307.8587,32844,-11652.4776,65684
31545,52321.0354,-82520,74689.6633,-63829,9096.8396,-94492,47626.4248,30945,-10670.7251,-98765,-39642.7701,-40670,35071.5876,99614,-45781.5752,95938,46203.2559,30804,87644.0182
-44270.5818,-75579,98699.1948,-17643,93758.6638,2250,99769.4125,-97600,61893.7810,-88786,98190.7671,-32744,24572.9289,77189,-49537.1675,47733,-76877.3420,25278,42258.5191,-21165
-98572,69069.0617,68917,34822.6646,-33071,375.0033,-11827,-16815.0378,-49888,44928.2597,83232,-2248.6831,90818,55965.4815,-35512,63741.3144,-610,2499.8958,-7751,29461.4620
-68945.0959,2123,15252.4677,94549,-53955.8654,-85747,-73169.8383,41897,43411.6418,47420,-68209.2672,48732,-84070.2283,21892,53212.6739,22671,-45705.5761,91869,-62117.7957,-19121
40846,64914.9295,97735,-108.8050,-93649,46135.2928,-36403,-83059.2590,-28201,-18246.3904,-24618,-94286.2599,75653,-38376.3381,81552,39174.3033,-2182,-6341.5458,-26274,-64184.1065
-54576.4716,22527,72983.6006,-32305,-53849.3286,-18719,2736.7114,20102,97757.2308,-69617,-65342.2950,-79208,98298.8403,44925,-11721.0575,80153,-83333.6230,-87559,-41666.1421,-30146
39468,34752.2352,-52621,-2759.7300,88099,-40888.8273,-67157,-31092.5262,182,-53922.4775,-83257,-72995.9071,46889,16454.9237,-47276,18579.7206,-4360,-98983.4685,-79670,72129.8521
-7798.1633,-14835,-92306.7375,6048,-24394.3330,-62429,71104.6074,-28203,43112.3092,10906,91029.0576,52951,91248.0483,-42402,54247.5032,60586,-41930.1477,-93494,53841.6705,78902
-93954,-39026.3275,-98977,-34927.1550,-70925,-94107.5584,-29670,-62279.1883,17603,-17221.3803,-17262,83734.0224,-39708,74251.3015,79364,60310.6365,34396,-24462.8821,-52053,-57681.3931
15294.8984,55961,34879.9347,-9484,-48068.9595,-16374,20726.5970,81770,-5135.3106,-24921,-71327.7445,-79470,40951.9264,-30732,-8447.9514,-73533,-90333.2945,-48919,47454.2869,-3975
-4350,68498.0849,-62921,-75758.4361,76585,-51360.5489,53587,28697.6456,-14547,35445.1159,85205,-85931.9823,84702,-24164.4924,76176,-52178.9764,74582,88735.7182,-92508,92901.9960
94477.9305,55756,87164.9845,64803,3790.7328,-12108,-89208.3134,62602,-91830.0311,-72900,48340.0414,-34372,-81590.0933,17347,-75464.7520,-65089,-22300.7988,10399,51295.9175,-48829
-76374,-10934.5902,82268,97394.9012,-70568,-6121.3927,-31718,-14683.3114,97936,65562.1849,-97134,-4583.9883,93513,-72703.4147,-27170,83142.4297,39586,55376.1795,66686,6458.2888
2343.2888,53524,47616.6104,-22434,-16310.8447,-40088,-33153.1563,88465,78640.5779,77499,65103.7235,-31705,-48254.8066,-72375,35320.2337,-23405,8726.7827,28180,67376.3153,-96344
80676,30606.0742,11567,71665.0927,-21867,96899.9664,93184,52082.2466,88592,15884.3261,-47082,-89489.4818,26412,52491.1724,85282,-97533.6956,-97223,-25777.2554,-65469,65797.2599
93205.3184,10031,-36943.6461,67629,44681.3389,-45067,39491.5226,-38394,56415.5313,3076,-82949.2985,-9292,-35425.0413,82548,96494.1731,86129,-18219.1300,97455,28100.8686,-6553
-1034,-29696.9906,24624,51255.9574,-5572,-57356.6286,-41917,-64683.9349,-56317,-66682.5039,-76355,-64955.2831,-14111,20815.6151,-14943,64019.1198,70778,-12940.2619,-94105,-19642.0431
-20939.3524,-42966,-86013.2275,-95252,-42215.4528,-70452,84090.3392,85172,-62239.2112,38988,-61366.0181,37803,27859.7058,-5597,-20310.6965,-53259,-18751.1174,-4171,97976.8960,-2543
-89681,1620.9072,72636,8469.0219,29328,38730.6727,-35935,-69770.2586,51639,-61496.4897,-69340,-81950.4681,73643,-59121.6270,95298,7180.9781,61600,25260.6046,-16308,75400.0331
59060.9511,-29165,19382.0742,-16790,-28378.6496,39426,-14096.2961,97225,35391.7251,-36804,33444.7342,65802,19946.4020,38021,2014.1026,55074,74088.4828,-54285,-87763.9423,99302
9203,97129.4292,-52537,-25503.5082,16602,69468.0661,44424,94548.1736,-73529,64892.0712,95883,-26206.9588,82515,53428.2800,-9282,54008.0562,-3703,95348.6083,-27129,64216.5451
-76679.9033,52026,-4081.3979,-97220,25915.6584,-31081,68326.6810,56993,-94863.7862,64723,-14447.0367,-98521,-91685.7292,-16937,11373.2108,55868,-70835.6947,-79784,-67240.8767,-36632
47567,-4475.7634,58971,-4860.2175,-80479,96958.1233,-54542,-9278.3584,-13913,-24133.2839,-9949,-31733.7336,-19570,42081.0222,-45556,-2049.6016,-14406,61910.5751,-65925,69667.6339
-17250.3623,47399,-38153.9898,4233,-41140.9464,-53932,-72576.0551,84961,-90081.8545,49730,-39104.1819,-22056,-27815.7346,62793,54305.3220,-17273,38026.2624,15952,-98582.9847,-20588
19764,-87030.9716,97517,96447.0765,-70341,-39182.9382,69807,-77462.0671,-93952,26071.2575,64381,22794.2086,5650,42426.5927,92226,-26546.9086,-36690,44239.6825,16216,-13495.4864
-95264.9250,-9148,-50704.5039,83735,-77844.0699,-48134,73186.7719,-48079,-38466.2720,-81277,29768.5972,-1943,-42401.1203,-31110,82186.8804,26413,96270.3156,-87415,-811.1443,-11636
-61937,-97329.7925,-63021,-76695.9208,28971,90851.1570,-33417,-4426.6955,-55209,-69459.7877,-66783,-24347.4827,-87643,-23831.4751,55743,-95371.9083,-31091,-28228.8920,-93494,82074.9900
83941.1258,63154,-48900.1240,-26301,-93038.9827,95219,-54660.9210,5870,73305.1327,5721,-81056.8907,16536,-83820.5473,39777,5060.0660,-50030,16854.4785,62426,-77828.3411,46828
66906,62667.0914,-71265,-90834.9794,91285,-19804.1997,-6023,-32108.8337,44367,-30277.9731,16887,-62611.5209,59542,-11143.6043,72695,10118.2386,-26356,-25297.5196,96165,68376.3683
60769.4662,93513,90810.5397,62647,57461.8916,18304,-20917.5071,46203,-99282.8719,35663,59999.5345,27573,28485.9648,-80026,-17832.7614,-95060,80034.3288,44136,71566.7317,62251
-1,80831.9180,1931,-65217.1558,67688,-24402.3432,50596,-53326.1303,-10146,-62041.9937,-50656,-28977.0296,-28835,-24310.0394,7015,-88499.2488,-38172,-48685.5686,19952,79421.6572
73028.3300,-10914,-88939.3614,23981,-45948.4939,-36076,-98719.7124,27054,66553.8062,37418,-77523.2269,99311,-59661.2871,70681,55563.1127,54585,-31977.4940,-86135,28863.4015,-62883
23504,64314.7708,73177,74034.7077,59212,22307.0633,-40289,-61552.1020,62387,30431.3849,49708,82135.8890,-49002,49778.9822,-69506,89953.8387,32232,88463.2854,14512,4024.0579
91708.6930,-99806,-52999.8633,-87559,-88247.0891,9445,7507.0064,92133,-2477.3616,21952,-83061.8862,51390,96750.7376,-74864,69855.9362,-53349,61623.8123,72687,77487.2162,-12660
-71627,-9997.5109,47793,44078.4999,-24686,6752.9738,56988,86864.5560,-66158,25083.4111,67788,13733.5645,59717,85076.8573,39829,-95954.9151,11891,-32880.4316,-76070,36353.2107
40040.4772,-77532,96225.7801,-50705,17046.1440,17455,-79105.2585,-78336,-30505.9346,36238,-68555.3446,52158,-96112.7197,-14341,-45588.8251,-30597,-87111.6854,74137,-99635.4059,8820
-25509,92033.7076,-50589,68841.3514,43839,10600.9226,-36336,88197.6748,95397,-40698.3058,80330,30953.3179,34708,-70295.6247,78965,72390.4746,54085,55697.0042,-99117,-6476.9607
33665.5156,-16954,57183.2911,-57492,-37127.4411,70210,20893.7538,-48880,5113.8594,-53768,-88002.9241,83854,-87051.6347,-90811,-69744.0795,94025,27955.4117,-84334,-18296.5983,69088
-51517,-37422.7460,57829,-42302.4026,-33847,-43692.3418,-30720,-76035.6090,99701,-79717.3736,11128,-69873.0847,68608,-1398.7681,13582,86504.2687,28106,40986.0235,50464,76537.6734
84936.3869,53889,-79335.6974,72900,39674.6756,38926,-7209.3367,-92353,-14321.5815,90828,-36876.6985,-69529,-26760.6312,-27562,63635.7206,41585,18265.2050,49869,40804.8728,40327
65552,-29035.7929,44526,-59429.1856,32032,-81617.7525,89399,-77884.2338,81500,71493.5173,-75101,-99197.0921,38968,23701.5196,-38454,45761.3383,-61882,85733.5052,54969,-66179.0832
-10638.1983,89413,30080.3503,-700,-17520.1146,95862,-31488.5197,-2336,-39628.9959,6859,-26755.4434,11043,-52370.7562,-14253,-55771.8407,-27736,37520.6847,52679,9934.6111,-16359
51855,-39162.8102,83616,-74089.9003,-31283,-85398.8219,-27037,-17967.0340,-92623,-82940.3796,77042,-20031.8508,7645,-71098.1367,33072,-88032.9297,-2136,-69488.6523,-156,-36766.1581
84548.4857,10655,-97712.6782,66722,-85796.7722,-29338,-80517.5656,-87286,-53784.2386,26373,-91097.9855,30423,-43940.0789,60213,57016.4814,-15243,41774.5663,82557,-18231.8338,-18634
-40000,-93856.0119,72795,-76152.3965,-41904,36769.1183,15323,76453.8106,-30371,-29501.9602,41232,27273.5501,-41065,82324.9829,-25354,5732.9217,83386,96561.5946,20618,-48794.0368
-64047.2114,-36895,32805.6532,13251,-1365.9550,58402,-89466.4425,-38982,-49420.8760,98554,-76670.4275,-5302,11336.4796,57355,-1055.0294,-414,-88435.7716,21800,80049.7318,-24946
96018,31961.6706,-44245,40706.3537,-82434,-60119.4932,-94375,16323.3075,57620,13349.3014,-19386,64545.1635,55529,-45099.1850,-36649,46885.9296,-5870,-39323.6108,-44356,-20055.7620
-81340.5010,-58855,52360.1906,-54433,34484.8065,-60476,-38697.3535,17923,-69403.7053,26512,-16742.9549,-79058,-13721.9975,-98137,-78694.7547,-47658,-80494.2865,-69369,83930.2496,20403
27031,-45799.6595,-593,-32379.6242,-50121,-26740.6034,15113,-48724.2431,-85986,-24454.5671,-83895,39753.5863,55259,-48907.4357,86091,49471.4178,-71095,24585.0392,-82460,22604.0922
-37270.3418,-20970,-23558.3808,45771,-50981.0749,-66106,1951.5060,-43332,-44316.7145,-98752,-74776.7347,-67480,63371.0205,-3931,50157.0181,10918,-77303.6069,-86691,2683.4094,-66088
-71627,-43914.8833,-77983,24111.6367,14514,32011.4384,3762,56927.8110,12833,-1370.6601,33416,73479.9681,-53112,64324.0952,-3338,-58689.2589,-99295,-21563.0724,-75649,81121.1557
-2787.8830,-22771,56898.5968,-84696,-26834.6317,90942,-10800.6729,10208,-31455.4512,-82548,24963.5070,-1676,35232.4907,61417,-14656.6603,73594,-66333.2902,-67817,-46523.9407,47312
2636,70994.1485,13491,47118.7436,86046,1388.5513,60764,-52938.2930,80802,37879.5383,-92503,-52882.4702,-44810,47133.8432,51066,-90008.2479,-5717,41321.5528,71740,-68401.0985
-2637.3802,38398,-32136.2702,27749,36400.6521,24517,-64090.3710,90715,88898.1189,25271,38267.4825,-71438,-7302.2753,-85861,92786.5339,-39170,60753.2344,76837,75018.7993,-68445
-25974,63907.0962,-52667,-36463.0642,-57529,-88989.0901,23541,58890.3759,44422,-14370.3061,-59074,-94490.3940,-96942,-91547.4261,-65874,-44025.8487,-32898,-41819.1000,-20981,-46057.3170
-40991.0543,83140,-86605.0554,-7058,-42886.1954,-50256,-85704.0175,-67181,65730.6189,20401,21132.7900,-6696,37880.4163,-93286,-22248.1022,-75193,40981.5195,-43736,55551.6120,-3875
-66621,77827.5070,-12933,79996.8312,-35030,9763.4143,91411,64533.8516,61753,20250.4275,-46446,15571.6005,45998,9172.9964,-85146,-52480.6040,86549,-49025.3978,94177,-35612.9460
71554.3283,9849,-60822.4367,-68738,-71323.3901,66657,84698.9853,7656,71932.6494,-93925,-70950.9971,7173,-74626.9159,-26681,35971.0850,-46719,-16277.7627,-71146,83169.5843,-16773
-46603,30923.0676,-81043,-79887.2115,63271,-34060.8344,62389,46928.2389,-95323,75827.2396,-76405,23574.1263,83721,27244.1122,39876,30572.8372,-54994,-3925.1695,-9130,-30926.4685
7034.2929,14594,78844.6330,54144,73585.6392,9133,14845.2308,-58668,-17377.4460,-24022,49185.9698,48729,-94723.3589,-22588,-77404.0218,40052,88380.3244,61005,69335.8411,93501
-30307,7970.8975,-49982,-89553.4434,-19262,82796.0399,-3202,83659.8928,-4081,-96459.2354,21932,8698.3106,-63059,-8677.6095,-32342,16072.8646,77990,-10061.7287,-4418,-44566.1366
97516.4134,57330,52626.7144,84820,80905.8142,7285,-97023.5093,96264,35241.9135,45520,-42414.7190,-61148,-3469.3436,44467,90997.6752,7089,-87951.1350,67905,-66509.3439,26757
92511,34203.9905,69442,-34879.9525,-28599,-91935.2182,-43831,-22413.5081,67716,-75988.0893,55864,-2914.4924,68380,30177.9027,-7882,72176.0090,-60372,-36299.8946,-37090,-33927.0573
51158.6066,-48000,85192.6201,2590,80246.6770,-69708,66052.8629,16420,59102.6275,77649,-51557.0302,56844,-57913.1839,-65515,1088.6287,74290,-30472.4498,80521,15203.8292,-28859
-27166,28559.5083,54354,-43569.1190,-70644,-1095.0398,-60739,93197.7910,4876,-58044.1457,49828,-65700.7927,13759,-69453.4366,-25351,4135.1092,23075,-40397.8121,75617,-86422.5230
90178.7610,-28167,36207.9077,-37849,-82442.8764,-10881,-54196.2980,-56532,-37703.0960,98504,-28842.3844,-65636,-63216.4174,-84635,9039.7301,20847,-4708.4057,-50705,-64235.4013,72602
-1155,87408.3262,-67054,-172.7855,8263,-90252.4264,-77760,-41173.1880,-22487,-77621.3319,-55060,-84731.7775,-87345,36322.7006,23430,17446.6363,-97478,-11493.3046,-51681,49546.9719
-9013.4234,45088,66673.8485,-30040,2935.0572,-5707,20232.6188,-75324,-8371.4877,61416,38822.3217,-2778,87604.6237,-48742,-21334.2763,52662,-47307.1253,-20433,-67540.8278,-18252
-19484,-72296.8396,-87963,-31760.4363,-75217,64887.3121,-25464,-25969.6107,-73877,95542.9595,38419,45159.3747,98805,-32418.3060,-90206,-20844.4034,910,-86240.6627,-77750,-79980.7494
-89455.4201,-25740,-85281.8181,-20878,-3922.2377,-14418,-8160.7026,13490,45307.1156,-38694,-52827.7884,-60428,27994.6821,-20586,89237.1322,-91450,-12561.3386,-76290,99863.9947,-46713
-16117,-99858.0930,-16738,-25529.8178,-34674,82182.9359,94020,-57317.4231,14098,-63826.6024,35158,297.4932,9804,-4436.9007,65967,-20851.0476,-46167,-25569.6065,46213,-12345.9448
-61344.7638,-41284,76415.2902,-3005,-82788.8398,19307,-68341.6003,36083,-72257.0973,56189,-35082.2174,32231,-72429.5604,24864,-45535.1202,-3769,50146.3491,26980,7876.7684,-834
89958,-69121.7427,-17746,94956.3053,69493,14271.8733,40393,64200.4910,42744,7872.7804,30413,53877.4436,40556,-72824.5641,-2522,49480.5538,-86135,-60666.3790,-40930,-29564.2574
-45902.2393,21250,-2857.6059,93821,-11893.3408,28049,-72960.4018,41011,7956.5074,-75832,72211.2230,-52088,1239.3170,-74974,32744.2085,27926,-97840.6133,-80317,-81325.1297,50375
54911,-95954.2717,14401,-47535.9563,66192,-86053.3459,47591,-43107.7633,77252,-95373.5144,-39348,-92083.9031,49085,5848.3751,-63400,-3300.5000,-63951,49222.0648,83088,36813.8357
28589.0683,21745,-95883.1328,-27166,-42482.9576,-78804,60252.8904,-32162,-75635.9826,57068,-79634.2269,45601,76280.4789,7948,-98804.0518,-59349,-99094.9094,77559,73677.5389,-18122
-43254,-30461.8829,-36430,-77622.7209,42915,55481.2003,-84813,3426.3929,352,74991.1781,56636,-86275.5978,-56146,99111.7651,-25074,15481.9527,63273,-57944.7949,49937,12568.8858
54255.9045,9670,12171.2304,-24476,47436.3690,-35172,20966.5299,-94352,25571.9839,62312,90917.9914,95256,-20102.7086,-87314,3721.2033,3071,-13981.5416,-79608,-27436.0012,64660
76391,29688.0682,83478,59248.6387,-91158,79335.9762,6825,-52914.0274,31042,3160.3617,-25413,-93170.1169,-28520,97169.0020,-19118,-58452.2018,-89064,-2171.3906,90957,41825.2678
64808.5561,78621,-44083.6272,81858,-85716.4713,50936,38519.9201,-43781,46696.1863,92130,66347.1316,-2213,-44021.1547,70802,-24421.6597,47312,-41615.6861,21289,12990.6215,-93405
25058,2669.3082,42018,-80505.9903,99699,10829.6390,97584,-12187.9321,23894,64702.7095,77201,74599.5598,47574,-7377.3373,23274,-12005.4669,-80799,-58717.8418,42801,56896.3644
61787.3124,40310,86614.5899,-95945,-36473.5780,-37296,21168.0609,78799,-23670.5755,29513,-41636.7829,-97510,49671.1991,21573,-36503.1403,-98936,-90096.4308,44940,37863.4077,52892
70737,-64952.2429,-75799,-47367.5357,-8531,-18242.3400,-23675,-32793.8571,-81084,54402.0398,72085,7860.9119,-77343,15164.2906,56041,-13534.7843,-95754,78191.4261,65926,5150.9870
54810.5494,-5592,-77620.5829,-64203,-75499.1827,75689,-68445.5410,36302,87775.0052,-93733,-27161.6047,-94222,39768.7329,94264,6761.7307,-30126,-19002.5091,-84202,44236.4105,70334
89151,11865.5571,-350,51998.7071,69370,-86152.4272,19151,11749.0634,4389,-77621.1614,7421,-50056.8211,72325,-90104.2673,-22031,-91740.5320,23147,-33071.8122,-58418,-84099.2740
-85582.5166,89538,68679.7371,-30605,-55689.6175,92095,30194.7833,-97061,50427.9346,-60148,-64024.9889,81103,-2868.3944,-55372,73558.5604,-45005,52622.1559,76587,2211.8501,69915
79881,-58602.4769,-5093,-23081.4704,53149,64352.2392,72892,36598.0501,82908,-46571.1467,26823,-28049.2493,96120,24904.9222,40589,75391.4763,4092,4357.2152,91792,87683.1333
44719.3375,-37509,36644.1987,97491,96061.7126,-88781,-96956.0457,-94312,-4967.6330,-12401,57114.6433,56342,46467.4105,21250,6377.3305,88511,-43198.7072,-42887,-82706.1875,1650
49903,78573.7257,-94249,-22114.7413,-78387,60015.3851,41134,80048.5089,-39703,30437.1453,-36086,-82004.6933,88177,-18116.7486,-34376,-21160.1339,-71336,68489.3619,-32620,-77981.6110
-82093.8139,17676,7963.7050,69774,35502.7704,-78629,-22800.8441,99715,35103.1173,65055,15450.4242,-12900,-12896.9549,1427,-70054.5475,51747,-54534.5003,54480,-56985.3478,88615
73142,10643.4756,15890,-70258.0040,-40404,-90783.1291,-22318,93828.3457,39227,85711.2864,53403,71254.1088,-32773,-60103.2699,-3744,-83648.6784,-10404,-88575.0942,51670,59857.1743
-76979.1288,-7252,-55767.9804,-34192,-9620.4469,-94930,-21299.7822,89955,39856.1820,-38914,-66893.7505,-40195,-75629.2702,-87945,47840.5889,-82817,-52250.2224,43645,40572.1043,-14071
-96401,86884.7789,96849,-29312.5039,66200,-28211.5839,-19081,5822.0608,42662,62528.3051,-46329,88971.1794,52890,89176.0868,83026,-22652.3326,64443,70832.3722,26536,82339.5737
-61666.6862,76594,-71444.8775,11710,3414.8958,-74347,-21289.0135,82977,-31729.9629,45354,67299.7023,44725,-7977.5510,-95724,-57406.4345,62811,-81126.6647,44398,31070.5986,-11238
-96838,-32106.8775,-95104,-66380.4015,70142,-83914.9757,-30024,81749.8546,-58682,-54358.3337,70345,-52147.5091,-77037,-87267.8624,79096,78077.0850,-5555,-43418.5528,-77013,45458.7554
-94639.7151,-59351,99068.0184,-79841,-58670.8419,27128,-82644.8632,-11483,96996.4188,98384,-68883.7164,-81291,38015.5612,29136,85399.6810,-11705,21507.2650,23672,37956.3585,23211
31592,-31309.5561,-76160,86998.1233,-75294,-87469.7966,-91484,35642.5025,-46408,1187.9642,-40336,79850.1346,-40822,-838.4273,-55972,56445.0938,42681,-83633.9256,85167,3544.1423
-5589.6001,-91174,30975.7735,-56699,-58730.5264,49810,-46671.2516,59452,-23273.3803,-61257,-56655.8176,-49366,87476.5493,-60137,-61991.4207,-66510,-11787.4626,-79753,-58660.2077,73518
-77813,-39445.2754,-41979,24925.2484,52958,-98067.7472,91972,-54935.2205,-10886,83760.9367,74447,-41167.9545,-11633,-82148.2515,-54961,60557.2336,10227,6528.3712,14480,3371.2601
7809.2607,22658,-46214.8132,-3756,-74295.1656,39481,74425.4818,55112,66170.6781,-8338,81091.3659,92746,-16549.1742,49787,-23488.7400,24002,73883.0243,1798,-30993.4548,-68436
84523,-46724.5362,78237,16629.5064,-8784,-40432.5742,-93524,-97400.8608,-12876,38860.5655,-21115,97563.5182,95442,68181.0988,-83697,88231.3249,-52396,-27274.0682,31742,51956.7834
39950.1900,6658,-18605.6348,62014,-92889.2005,-52352,-16274.0131,-5273,-26333.8096,-5625,74835.2757,16792,-38811.3032,99169,13557.2286,-4761,34680.1089,-45397,16164.6628,-75383
52691,-22051.8603,-87432,-57721.1017,-16270,71261.1447,-33359,-50073.1869,98655,94211.3109,74131,-26021.1197,-57478,88619.6832,-90585,2609.5106,15005,19133.9815,43056,-78169.3458
14671.7923,33919,-47211.2856,10120,-23158.1795,-52075,-49315.3159,-44863,-5611.3575,-85149,-87927.6064,-48444,11658.0388,70653,-82886.6771,-92462,71310.7507,-48648,-74149.5118,85766
95192,-92452.3753,-98508,-64929.0060,-78417,83356.3014,30518,85842.3913,25617,-27970.6645,-89268,38559.2654,-8362,-96280.6659,-93244,-9688.2442,22150,93321.5370,14350,-97281.2819
-70787.7386,31001,-98796.9763,-61039,-74713.6790,-21253,95564.0786,53882,-78945.7318,-85510,56152.4888,-61209,-6939.6998,-97506,-38107.5572,-81895,5822.7501,-4737,-26970.3743,-59677
10284,-84377.5243,56074,-57580.8887,36956,-13939.8934,65697,31364.1732,29119,49123.5715,-21545,-85597.9467,-25892,-65050.1290,-54236,56091.7343,82958,34451.3866,-15307,71100.4323
30362.3266,9240,37948.8764,-42706,43385.4485,-63901,-45128.9171,19122,24332.5252,88993,50556.5506,73355,-57334.6037,35466,-6188.3391,49107,59341.4607,-66946,16416.8069,-78596
53775,75011.9671,-40403,39297.7239,-48264,-73439.2347,37525,-1634.6637,49613,34410.9829,14014,-68231.4301,-38514,-80786.7406,-42171,-33827.9214,-23335,55310.2094,26176,62775.6220
87032.3113,-49218,67521.5858,4596,38410.3479,72022,-92639.2942,62269,6003.6439,-59913,-68199.0064,-78361,-31620.9708,66911,-11159.1699,33181,-32282.4780,-23065,-62929.9754,25776
95879,-5847.8414,-74788,-22355.0388,66349,-70261.7510,84151,-4468.1380,-84024,-71965.6724,-46787,-66356.7736,-77617,-60722.8406,95069,67336.6605,-67449,-2409.4292,-11492,94005.2930
38334.7434,45649,-41898.0701,-42718,-22007.9266,46337,-90055.2227,-50780,81575.9727,-69681,84379.7910,-75914,88316.0185,-43155,-18695.3089,87188,-20587.5206,98972,-80501.6664,-94737
88749,-85382.8884,91892,-93987.4391,-85940,66311.7463,28516,-10107.4131,18071,-40815.4705,-83812,-3804.1425,-93473,-15656.5468,-34953,-31939.6259,-60297,-75954.6055,47227,-26341.6656
18131.2711,-29233,2249.1698,73132,67618.5470,66128,78871.5705,-88873,77632.9925,-64875,93378.9364,-80133,493.8003,45384,-73071.4241,-41242,-41531.4511,16030,-63044.3862,10580
-17828,38952.2453,-36464,17985.2467,-28192,-65373.3806,-6416,-21283.2169,94954,-4919.9147,70870,7367.5469,-90570,89385.3580,-41376,-24872.1853,35174,-31388.9857,-59261,80044.6760
85164.1618,56489,-31625.6428,-30919,-65714.3404,10107,45747.8329,-49981,-73158.5027,-71547,77428.9886,-3624,-48744.5196,-42965,93664.4812,-40970,81781.9655,96427,83535.9039,77550
65699,72305.2918,81372,-6748.1437,93482,22740.2140,-89548,-99446.4425,69284,-89002.7485,-43634,-93910.3950,-3967,-51352.6904,-54107,59860.6268,54382,-80981.0284,-88927,77501.4937
-40296.4003,-415,-50823.6439,81778,98447.8832,81844,16313.5509,-10450,-97614.3898,1850,60844.4293,-10655,-87590.0373,-18957,-43904.8146,31565,-79715.2942,32568,-52220.6670,-73101
-89143,-78363.2021,-72988,99269.7775,1908,82685.8138,913,-61210.3751,15591,-64763.6663,76453,46248.7276,-81552,-80396.0123,-67929,-74159.0057,28317,-12058.2455,16062,-62340.8480
4148.4053,-41190,-41056.3843,-46603,-59010.5106,19645,-51540.1944,2061,36637.0495,-88099,-87797.4056,84815,58425.0156,-71160,-28948.2784,-25822,-17637.0849,-43453,-46119.5375,99046
81561,-45710.9932,97485,79949.8734,75678,-75819.1357,6162,75852.2665,-43017,-36392.0887,21068,60115.6968,97738,74580.1789,-67881,49298.2058,61130,64269.0388,73328,-66465.9297
84814.5910,97665,-21104.9708,33282,85290.1492,-89037,-38507.2348,-27461,-48457.3587,-41222,92162.0732,-56897,16900.3070,-59247,41891.4864,75569,95120.0844,94962,44976.0778,-10660
43975,71186.3657,43703,30312.4852,-15122,-75717.9293,56998,-7194.0101,51749,86801.8300,56077,-18869.5092,50663,-23423.2257,8921,86309.8399,-47928,-19351.2525,-9778,74318.0217
85078.5068,43618,51048.6131,-43178,16004.1669,-24015,39557.1760,-10510,-1576.8242,26540,-28964.5815,97186,1499.8149,-46648,96612.5900,-57460,-67655.7057,82192,25904.2807,-58216
61681,-39060.4296,5081,53024.3734,99742,80436.6619,88593,-60.6518,47530,8268.6108,-92115,-43403.6033,-70772,96993.5676,-22547,68584.0677,50105,78959.7472,22995,-75084.4973
74582.7908,38416,12155.6895,12882,-81452.2598,11305,-37590.3082,46820,-55396.5786,-73634,3993.7616,45711,35387.3275,-68811,-71147.3397,73161,-87162.1209,-63845,48250.0690,-62908
93497,-63143.6433,-61599,34851.8517,-88875,-53134.9053,2990,-9880.1071,96504,-27936.2854,79325,76243.5140,49173,28475.9288,22479,-38570.1976,90959,2052.8265,14544,2656.3348
86521.3753,-51258,-10863.8287,-68061,-56677.9102,-99869,66014.6687,-16265,-9877.1321,41707,-25239.5328,-78398,-8750.5529,-84127,32461.8903,-87799,-17898.6747,72538,-38670.4528,-17687
-14517,17091.6484,-95381,94815.0076,-61203,46756.6786,-13829,45256.7235,83377,-12480.4620,20549,57233.1101,74611,89303.1796,8806,-27240.7614,-69221,85241.8939,56652,-31275.3937
33312.3899,3551,-68627.3166,-55906,24441.7052,-59089,45772.9303,-78631,39261.7714,81700,-63938.6080,-30111,62805.9243,-73682,88136.2072,11846,58352.8651,-65959,20854.3506,25835
-44897,-49637.2989,-99670,79501.4760,-21375,-65428.8961,44490,-7715.7737,-53384,6186.9212,-35023,-71712.3114,-44591,-66941.2060,8050,-33927.1116,42199,-61928.8349,78712,-59996.8335
-64290.2021,-66755,10988.4483,76365,49573.1903,51376,-56363.8862,8933,-86705.3900,-65600,78880.7172,-60335,40287.6485,-27314,92562.1799,44652,91804.4673,-3451,11007.0846,-91775
22962,35271.9588,38916,12888.1603,-3298,-21629.1615,36153,-33564.0703,-46930,-25586.7617,-76528,-77661.2001,-4477,23330.8538,86947,-16504.6472,-31674,66836.2783,21698,14621.4571
-32713.5322,85113,18378.0593,-75507,-75121.6910,-34331,5171.5387,7368,-64790.4153,-82055,76254.9614,49270,65342.9591,31447,-15767.5090,-3009,-21854.2575,49257,-41693.0974,-45549
79940,73557.2940,-21839,23446.5976,26310,62198.3174,26378,60642.1424,-63000,-30086.7618,86963,40379.3648,80565,-83684.5732,-43677,-78210.7591,66192,-77986.2468,61242,37249.4848
71716.1402,-32007,-48774.0435,33714,54178.8749,79810,-49156.2992,-37394,79715.7667,34195,-14801.6450,99425,7861.5863,-9237,36626.1355,75925,91586.4028,-49331,-61352.4941,81860
73645,93111.1536,66521,48426.7605,54339,-88365.5002,-80383,27432.2512,97662,27546.2996,-94782,74956.8243,21117,-92769.0851,-8470,74457.3937,94597,-42562.0915,-24825,-65996.7664
59189.5759,-72133,-46097.3947,-8302,24039.0840,-32916,99462.1107,88110,68982.7732,90889,-4534.4852,-8435,54894.2896,-63015,-39726.3029,-91226,87501.9160,35835,5976.9408,24625
-14308,1266.1809,-83382,-21831.7116,-2943,-85706.8893,-49746,63258.3145,29878,75777.0727,-73,30928.4372,90975,-94885.9030,-41392,72114.0308,-73466,-83800.1642,87794,-62064.4744
-33500.9023,1456,21419.2256,-12577,26810.0284,-81879,-79710.4085,12853,5237.7046,58415,-87019.1351,77897,59996.4186,-38664,-14543.9537,-76304,93482.0761,34111,66633.2798,-34061
-27959,68177.7143,-92390,92777.8365,59165,80624.6045,-50050,-50264.4630,930,-82249.9842,24258,-3372.8982,-51888,83144.9545,96583,35342.6872,25301,44830.6004,-6946,57767.0938
70578.1631,-62067,-89323.2989,-88787,-40143.2293,-32249,77606.5844,10185,-11171.3531,-3365,-72414.8626,-37368,71598.0179,42985,48358.7172,-40890,31548.4338,59394,-6839.2259,-19743
-5136,47953.0459,70588,-3815.3301,-71078,91661.8788,87984,-75973.9859,11408,43763.4281,72188,-55351.9548,77820,-95078.2196,41131,-19645.2680,23813,28955.1579,-88375,-69044.1449
-95891.1347,85004,76023.9264,33082,-84400.0560,-93223,44352.2143,88699,-42495.5021,-80137,-63997.7816,-10245,43768.0873,-4006,22269.9554,-50060,-59837.6124,75169,-75651.5840,-88139
-54983,306.2876,-29103,-45661.7466,41979,30633.8784,-16123,-34947.5441,-20758,49775.0035,-48784,79863.1665,49007,-44646.6508,-87873,-12687.1818,-85343,94679.4550,69064,7429.0244
93774.9580,-28083,42213.2028,-17670,-31405.5632,25804,76117.1258,-91072,-90692.4717,3744,53128.9977,-57031,95482.6840,-29048,-99128.1756,-89465,-9736.7170,-79580,10977.5239,24402
-16556,35998.2502,-55245,80939.1586,87666,30730.6054,46668,47976.6878,-27524,43085.8388,-48279,26357.0369,-45685,35178.5901,94376,99057.4878,86399,61068.0464,-43807,87302.4451
-4210.5409,43016,75134.9847,55328,-70289.4093,72510,-80985.6266,-3236,41883.2683,-61757,77743.1859,76907,5725.2995,34340,-47140.3980,-39731,40815.1240,-71483,-42425.8450,42286
-8271,-11569.2628,-31375,-68522.7640,-83722,-28243.4047,58737,84783.8984,34675,-34453.1409,-86634,57028.6370,-7838,-50901.1658,76743,-79955.0557,9950,-36624.3546,59496,70556.3340
66648.1627,58937,38512.6425,-45552,-32383.2618,-95404,-21962.9137,58946,69383.8407,50411,25660.5343,-24869,80930.8586,93321,-74512.9488,67235,2978.7707,-14748,-98246.7446,-66099
-46819,-92819.1426,-34170,-71612.9894,30422,407.9650,54164,94244.0364,-43180,-79557.0766,-44994,-39891.5619,58149,-80062.5167,16078,6108.4913,-82500,-38260.8084,54871,81292.6619
-60226.5443,-36103,56202.2234,-33132,-23638.5760,-24118,-15116.2372,11839,30665.8264,31930,-90443.9069,-97396,91474.9129,26965,-31095.7053,-64245,34643.9064,13562,94342.1842,-89775
-23651,-23335.6224,24757,59688.9168,86980,-58069.1137,-4780,-34796.0367,87844,45945.3003,89874,-95670.2829,36627,-91870.2404,-90350,-58289.6172,-72963,-48019.5020,34568,59090.6738
61999.5937,74389,-13695.1984,-34674,-4685.8274,-65766,73453.6705,-65278,63087.9938,-73763,44540.4166,-43117,30578.0018,-31826,89921.3888,20509,-46712.6917,-79536,9559.1382,-81056
99277,45777.4486,98555,23920.3085,77925,-12041.8991,-31965,-89269.3470,-82161,-90108.6695,39405,50966.3445,-4894,98123.9127,79526,48636.9565,-34904,17566.0852,-96043,-66693.2648
77596.4186,-45823,-80490.6618,-97259,-77370.0549,-46187,45089.7932,-93385,70030.6513,25355,24874.6807,89677,-74047.2039,-71994,36094.7603,-67241,-88252.3615,28612,-26763.7961,16948
-17182,-69130.8231,34538,-20307.2275,-96021,38730.2484,-54811,-16178.2147,-2699,25872.4377,57513,5848.3722,-36564,79412.5452,70092,-70514.1366,-80313,-85245.0268,33609,-7943.9878
78528.1743,34972,8755.9733,-99569,15392.7780,84114,-70376.8091,57759,81060.1911,-3387,95377.9476,50739,-48793.4451,22473,98551.2242,63709,-45427.3668,-27198,25632.4328,-46665
31929,-7616.2488,39324,74837.5204,23350,-43148.1000,54028,45751.7781,-47376,-70513.9561,76637,-48886.1545,10489,98404.5336,-41973,50114.4594,18847,-52068.5659,-90688,98343.7815
13691.7641,-28478,-28465.8801,-47478,-28471.3016,70612,-91639.2163,-41241,-70132.9694,63101,-27819.2249,-72741,-95614.4258,15093,-33933.7346,96848,-84262.1935,23136,-86130.8624,-51867
15689,-84054.6747,31381,94055.6310,-32608,-68245.6232,-16725,-6831.4142,75509,-77363.8001,-26390,11564.5276,62959,-97902.8167,23084,61367.3398,30923,33956.4039,-77890,-86684.1061
-86437.7565,-15837,60960.0641,92313,2267.1359,-48178,90138.3577,-67376,-30605.4924,-64015,-77374.8937,-1135,93037.1698,-42312,44126.8882,-46551,403.7183,97551,-24130.5269,-39853
-4971,-87358.7144,-46036,67314.2438,-30110,24175.0226,-32029,38587.6682,-74096,-21588.2188,-28329,43421.6898,-39638,92782.3767,-93592,65151.0495,91174,-76942.4760,22534,-61981.8085
2869.1958,11434,31348.7911,45269,31427.0111,70724,-69863.0676,27655,3932.3998,89437,51332.7186,-6273,14396.6143,-51641,-69417.1704,-36831,-75070.0022,-71943,57535.1658,-59633
79535,-15564.5393,14899,40508.9561,-53938,73887.4396,-5204,-62903.6627,81529,4293.3247,-19730,-96185.3725,-25331,73335.8712,-53948,-45847.4209,-22771,-96483.3471,47103,-35194.3328
49712.3448,-92228,-24801.0194,-63364,-5830.6155,16051,-54635.2343,6113,-43020.7176,-43505,-47394.5700,-78286,51208.7788,-68172,-70088.2906,-75346,-49630.7221,-17119,-42378.6243,-81021
-13381,-65776.7594,-51838,-61985.4709,-86647,71531.4544,-6542,-95180.6406,-61988,-74103.9678,7714,65367.9093,-30010,-52325.3434,41983,7301.3211,92888,96392.9005,-66421,-14822.6908
41609.1184,-56253,-13046.3674,-63430,91769.3236,77721,-74636.6882,-1733,-26191.2028,-40414,48440.7508,53342,74474.8820,84174,-91500.3913,-45675,99766.9764,-4120,-20326.8032,19931
-95671,-13650.7696,93156,74371.1164,22936,72091.4908,-15010,95266.5647,66575,-97706.7987,46543,-79655.3848,-66253,-33115.0704,-33343,-41576.2370,51595,28750.3742,29460,49004.2785
26321.1259,-4358,63602.2545,-57864,45694.8434,-40275,86218.6931,-93183,-39759.0738,64977,9773.3802,-86040,-34709.5459,-87508,14089.1408,-63839,-57290.0903,13947,75218.4865,-28665
53912,-2041.3941,-63838,98640.5258,-64697,-82923.2761,-85198,-50401.8659,2695,20583.1995,-34078,6921.1858,-96338,58503.1891,-16740,-35224.6518,75307,61941.9992,48516,-7380.5165
11408.1196,39190,8052.7167,-82823,-53475.4784,-62512,-86443.1442,-56738,-94077.9380,76373,40637.9090,-32673,-5573.5069,-39878,-29411.8064,72891,69317.0822,-62659,-58121.3572,-68281
33677,879.5331,-26538,-57383.6497,81605,48392.9480,-29544,79156.5584,-81594,6685.8814,83944,-35265.0038,88128,-16656.6483,-81383,63926.0083,36800,-86487.2577,-31794,-60780.2179
-6502.6648,-24297,-76374.5482,-47880,-71496.0214,-84308,-48655.9714,24806,-49491.6724,-91222,-17123.2208,76661,-3158.1558,-29480,80018.7655,-5964,12654.5322,28276,29850.9340,-44862
78487,43777.8159,17831,31618.9808,-31086,-57382.1070,91565,-27613.7309,-70323,-16025.7120,16038,-92269.9488,87412,-74559.7260,95489,20605.9210,89648,-52825.9348,-69360,-38834.3209
19533.6649,91261,50393.9145,-42641,-12475.4490,-19282,-4946.1040,-58346,-7827.8120,25752,-61892.7075,-43249,13856.5028,-82476,45453.8511,21580,-63280.7165,-66742,41507.5603,-35599
31634,-91117.3247,40903,417.1783,13679,-41185.6533,-92618,67547.1264,79626,41245.1551,-27675,31618.1251,16839,-8909.5090,73283,92933.6548,98017,89178.3390,87906,44992.3440
-94311.6154,-34148,-12827.4431,23100,87755.7826,-91454,-62655.7586,86023,53208.3059,72449,40896.8931,48664,3593.6982,-41256,51979.7414,2575,37007.2543,91527,-51066.1332,54284
734,72063.6915,98769,19332.3098,82468,3668.3774,77787,-30831.4052,-10808,31443.0681,-28570,55810.5222,-88108,25862.9015,-24751,-76274.0805,-2091,-14156.6196,-10864,-16183.3161
33637.4551,-56913,-42281.0032,-59355,-10671.6299,-18059,41160.6272,-94228,27055.8317,79829,95206.4187,-24286,60559.0787,34152,-2750.3843,-62242,-61882.8127,55475,-71016.2589,81714
-94628,68299.7440,-42404,-20604.6480,39305,-99999.8374,-99806,59170.6749,35264,-64258.2708,87826,17324.7085,71385,-90582.3534,60056,-82395.1596,34807,-61351.2616,35064,-59956.1001
-68648.1751,82457,72618.6801,-1238,-43093.4313,-12456,6137.0282,94587,66860.9242,-85525,15174.0310,-40026,-98537.3761,-11058,-2582.6038,-17042,87815.0936,-45500,9724.8815,-15864
-4456,-26235.3154,-50506,96113.1046,-56731,-92534.6488,89460,91024.9990,-59185,-33329.2911,60633,48800.9308,22298,-62367.9789,29501,-59884.4907,-22395,-94668.2005,85304,88632.3511
-6719.8511,5618,-82897.5579,-29768,-10264.2697,-12132,-33879.9915,-56527,31003.6107,77858,-94138.3169,-79365,-282.5896,-27857,55798.4432,72038,56247.4789,-84607,-28380.6772,-63652
-27600,33603.2778,20882,66357.5974,81110,-69938.0802,-19064,44292.3682,8982,-66845.3700,60439,8671.9606,-82826,-84605.3854,2179,64232.8978,-76143,85280.0276,98662,88387.3340
52605.8911,86527,-76375.6204,-22804,-77765.7578,-93378,49029.1629,48145,34239.6649,79246,33831.1342,88717,59625.8028,90137,-40336.2578,-80238,11853.5431,-25477,80733.1048,-2274
-70967,29985.9300,-66967,85151.8194,44048,-84224.6199,47163,84692.2212,99463,-13840.1992,46361,80133.7859,17472,-70609.1871,78500,-57958.4044,-72709,-83105.8920,24092,-22859.6577
-48509.9736,50451,-73702.0455,36638,38045.1973,-15673,-99256.5872,-75491,-25278.5085,96546,-97557.4655,-99070,35696.1440,45741,94666.0936,-91668,-52534.8305,-30724,18051.7030,-12813
-25300,9212.3565,53495,91558.6369,-69937,90596.1995,-6436,-7159.1635,-20698,91776.8820,88604,14610.2678,98175,-26306.0726,92911,-82458.7133,49190,-23359.6854,-95703,30255.1320
45767.3112,-41677,20064.4901,-74519,-29845.4811,-37433,-77999.8165,-91848,91183.9333,97517,57136.4590,-36157,-94709.3781,75279,90900.5913,-63435,-86804.7491,-40809,-44341.6443,-70962
12371,-35731.2250,88088,8846.1140,-76649,27588.0646,27321,2744.0083,-50402,-6685.2438,63623,-26000.5556,-5378,-14768.6220,-88435,40958.7676,98951,4696.0008,-57563,-76367.9092
6835.9242,-11699,-93163.0420,77742,-10305.5845,74998,557.7176,11968,-64830.1421,71082,-54383.1368,2363,84007.0074,45083,46160.5694,-56786,59724.2993,90739,10369.3578,-70356
-12559,-76715.3433,-67728,-58154.4817,-70173,-56269.6112,80050,70471.0708,33789,75871.2818,45790,-88345.9538,95536,10263.8470,-75104,-69687.2769,-7801,8345.0430,50577,7868.5463
-95520.1990,72159,42809.3611,55357,56138.4442,-30333,-3389.6314,61704,29563.2196,-18891,-57929.8906,58165,-76060.1486,-68958,-99265.7449,-77868,-70320.7269,-78698,-82597.6823,83773
-53832,45929.0681,36055,52060.2769,-67936,-12738.9431,-1414,-33044.3767,-1167,78248.9965,-33920,98793.4938,-55742,77167.4842,-69619,-32577.9120,-44177,26369.4955,24643,-5156.7322
74288.5121,51799,91985.5421,-85690,61816.7918,52619,61167.2859,-70730,76094.6184,-58916,30019.2050,-45338,436.9140,11851,-50633.2451,-55871,-2233.3761,-89959,69240.8797,-20758
-66559,-35873.1162,70042,-58317.0312,-73797,6861.3981,-30654,59115.9557,-30649,-66135.4280,59116,70822.5499,70224,-46409.6843,11572,-31513.1574,75098,-15020.3321,-47731,-42860.5959
74994.7687,31824,-2203.5194,91192,-85895.4067,65516,81621.2050,-85931,-28827.7682,-7419,70219.9642,45288,-19198.6407,30794,-57193.7196,99007,19706.6811,-34215,-92029.1960,-41825
-16451,-15877.8385,95247,4410.8749,-50672,73988.4077,72551,-19906.3237,-46349,-36348.6983,-83993,37103.9539,7478,-91983.6154,51804,49652.1898,-65298,-13928.8404,-15430,-66384.1239
-47101.5761,42366,96854.7593,83456,11803.0992,-65612,-27642.7247,-56201,-69291.2011,-93510,93991.0803,55211,-83914.9652,-47073,89495.3409,58020,13629.4390,-24055,-48799.8657,10282
-33886,96835.2641,-64996,-54445.8729,-4680,12501.6215,-92286,15174.8959,-55991,35479.7575,70643,-90307.1757,99589,85977.6405,-27921,50800.4060,-78038,-52230.6081,53539,-73725.8781
29787.4171,-20598,-63485.8584,67721,31021.4924,35168,-85574.6668,60864,-80652.5212,43410,93869.2867,96154,60712.5343,-94971,83044.6742,-87699,59509.0538,-24426,-53928.4681,-36110
-6204,29413.0136,84100,-76772.3199,31246,51490.6684,-1643,-13104.4933,48674,3464.7013,-82838,2747.0425,3212,6573.1051,-74738,39233.0154,-5473,-79987.2191,-77177,62035.6469
21346.1785,84546,15565.8189,-67365,42078.9560,27166,27626.8893,77913,-11417.6746,-14933,21643.6901,94620,-26407.1639,53470,-80016.8295,44983,39309.6316,-78887,28417.9795,35385
48719,-92728.5156,-15103,79881.2894,37514,-36057.8503,81793,40295.7956,6983,-57790.1782,-73635,-24605.5775,-95214,-52751.7926,48185,31086.4627,-12673,81926.6631,-1695,-98914.1483
86728.4779,-10343,-24281.0893,-50497,-10432.8983,31618,30298.8257,40405,-96346.8074,-88970,94974.6562,-70910,-45731.7232,51083,79720.8819,9461,-59257.1550,67686,-23194.0145,-52166
-46622,58441.6987,-63130,39980.2078,79309,69734.6725,53724,-18992.6012,-46466,34215.3460,-28971,7886.8279,-32777,-19324.5162,77543,-55668.0259,-40633,3621.7681,-80160,-69929.4335
53470.6919,-48285,-27415.6337,-7112,-98803.9728,-15600,76024.3927,90427,-45111.1954,-25826,-56976.2852,31943,-54035.4448,17293,-25543.6164,-43555,65094.3246,44380,-48352.3679,-97522
-98477,-51704.0455,11199,30880.2670,-25138,-10194.1851,67104,-80438.3036,99061,30013.8506,90579,3566.3995,-76533,4976.9927,38535,-53531.7084,-80395,54929.4642,36141,-19167.8230
-796.1971,54811,4130.1730,69006,34408.9435,20627,93189.1491,47776,-33549.1571,-86944,56447.5228,38270,62379.5000,19896,82956.8473,-37578,60855.8974,60120,9451.1537,74415
41288,52582.2344,54228,68411.5778,-24891,-49592.4463,-57589,-51703.7049,-70927,39131.7926,-51050,-12965.1540,28223,-7635.6315,25385,98891.2528,-49276,-60570.3906,-86928,-83795.2817
82402.9503,-3660,75660.7273,-92347,45419.9267,-54810,21806.6110,78,-22736.3745,-46394,72459.7456,-51317,-47381.3051,-53484,-57776.6062,-59945,5352.8425,-84081,-28100.7431,-64771
40229,26860.4837,-7432,-40982.0380,70921,51683.7791,-47739,-12280.8778,-17009,-7211.2487,-92423,41752.0308,-21547,54284.4528,-96839,61313.8439,-33297,-75510.5741,-1845,21223.2952
-84191.6782,30771,-90507.5613,54760,97910.0361,69322,-72904.1443,-30887,95578.1341,90959,21551.1639,44952,37771.7427,-42586,33229.8241,92598,89960.7143,-85073,-73617.0550,97886
-19132,-11039.2484,29295,-75368.1086,-67303,-83426.9565,-79776,93890.0350,23201,-5335.7573,82821,986.8800,-66739,32929.4659,30968,83009.5574,-1216,7776.2052,44271,-82011.8825
-38133.1512,66758,66683.2094,58332,241.5516,-33445,62933.4636,14439,-44045.0433,84138,84537.5167,-99353,-42916.9913,-21146,-67653.0296,79588,-31178.1456,89527,-95899.7732,-31645
62845,54693.7554,-33411,53689.2973,-39023,-32717.0754,-89265,-76166.5656,8377,56531.4912,63153,32603.1508,-7964,-16925.4691,41870,-29460.3269,-30406,5645.2212,90931,91972.2184
-20280.6219,31897,-58305.4238,28261,67656.5292,50048,92646.4822,-72518,46493.5527,-92370,-25077.1529,12886,-82742.7588,55484,61141.2124,-54507,-49287.9896,-36818,32848.9343,95017
93177,-29025.3716,31022,72099.6984,-67741,79570.6420,-8131,86770.7959,-88323,50906.7356,-56690,-47233.0955,23745,-53585.7576,68204,-28348.9793,-85492,-32869.3835,61862,-4197.4434
-63855.4509,43372,2775.7880,76355,-15534.2789,9168,-8974.4976,840,47731.0053,-59837,77321.3934,63940,72523.8726,-78012,39749.0989,-14983,-51381.4472,76363,50251.6582,-85179
13379,37704.6827,27179,29529.6423,-66213,54699.7782,-49646,-63563.9443,2007,-40547.1986,-58686,88469.9163,-61725,-10893.7775,-27147,76383.6140,-80133,83478.8417,91121,-5378.4168
-58151.4166,91983,-64017.4136,-42439,-13235.2051,742,-49543.0264,-39669,-26363.0162,2723,8526.3223,-24280,18329.6075,-93606,31984.5024,5275,-79567.5692,24979,-36314.6218,27485
-16457,46321.6600,-1324,79384.4276,-44121,7220.1467,-82169,59341.1876,-12101,-97825.1974,-26153,52681.2878,54856,-82611.5593,91918,-34556.0091,-82531,-57838.8560,46577,-88495.5929
-56837.3871,-75152,-99579.2041,-73909,76151.2961,70306,22993.2489,75223,57876.2807,-47013,62046.7417,78904,-19263.2544,3458,-46987.4719,-67557,50620.6967,8786,-89042.7780,66364
69886,-38729.7597,-72919,54190.0599,-92939,-89794.0225,98793,91793.8895,60338,-33313.3736,6687,-31011.0693,32942,92563.1597,-89999,50156.2250,22710,74073.7800,94832,-93658.4271
88307.5929,-4184,6971.7388,57258,-19999.6967,-2545,28483.7480,62336,18973.9860,97602,-21205.1258,-94814,67991.6068,-18833,70206.1838,-94216,-74721.7993,-53068,19026.2955,-76285
24653,-13609.0684,85785,38319.5679,9770,73935.0509,-68470,-71688.9465,-62155,70426.1013,-69005,-58201.1501,-71075,-95270.5579,19524,-84607.9892,-28820,12459.2569,-98745,62291.6226
12838.1377,-58834,76582.2474,-65070,-21919.6001,-93709,65054.9724,-84769,24463.7245,-3329,-39438.4016,-64642,35797.5811,43908,89978.3755,88712,-38054.4906,94217,48882.1905,-63820
-8662,-57350.3716,32176,10151.0896,-78063,31170.2060,-22211,-1593.9523,94000,-54931.6078,-9985,-90459.5272,8646,-39709.2210,72147,87161.0341,28626,29724.3437,43565,-93676.3862
-71423.6094,52523,-76696.7665,95408,19385.6234,-88985,58114.9334,87517,-47953.8605,93926,-84969.4319,38821,86246.4904,-14337,72579.8086,71240,60093.4417,-20961,-16854.7045,-49707
-66512,11992.5188,-91595,9134.3015,-37725,21212.8928,-50743,-10434.5386,-33787,-45012.3430,43559,-24566.2167,63107,25303.0800,40777,82795.2908,-34153,-49082.4671,15792,77200.5134
-3712.9587,67108,55076.1563,-47273,90124.6568,71359,-18046.2005,-23939,40381.8672,61239,77441.7528,89980,-89644.6507,19466,-16826.1752,-70213,95111.4877,-21403,45236.1995,-3989
-55486,-58507.5772,41750,8845.7761,18225,-70731.8971,-15734,73472.7197,55227,70829.8227,72007,84605.7654,24131,-56643.5835,96165,-38729.4003,-54608,38613.9585,816,-16350.5823
-97920.8100,-90494,9374.7541,25309,-21943.6784,20418,79810.3517,36550,56549.0568,62910,-27223.4770,99344,44719.5667,-81879,95000.0027,56352,-70556.7236,58559,-40297.8567,-50623
36340,-19075.1183,-28845,73684.8966,-39056,-91152.4453,-24663,-13583.6143,-63148,11275.2089,-50660,-71125.3183,-43867,-98704.3147,25941,-682.3482,-46229,22980.2413,-32380,43044.2076
37570.6893,5421,55368.2513,-75094,-43396.0217,-7760,12109.9352,76402,-28617.2464,-24274,-60988.7555,-45863,-64377.0480,-40075,10020.2812,-8244,18837.2958,38465,-89679.4439,91011
90893,-65003.6127,-47546,-87450.9886,63288,-1933.9478,-45705,-84144.3219,-13676,59317.3133,32300,-92379.3322,-99253,-62267.7910,2221,79046.6329,-44300,80443.3616,-74782,-61916.8086
7621.3857,-24240,-78798.1595,-49514,84274.4682,66045,71847.6490,76564,-2.7092,-80023,25603.6162,-80846,-49463.8569,-64004,-60580.7617,15781,91330.9361,-15434,66934.7699,-48942
76505,75251.9110,-87026,-69940.0347,45452,-8907.6727,-81003,532.4994,10538,-35302.4217,72488,48942.2359,81140,-76389.0851,-43076,-80807.9052,36573,47376.5591,-50034,59006.8905
-27986.3460,-24334,34219.7557,-48847,-16464.2412,93354,96066.4490,-38233,-46410.0751,-23069,-70289.4628,56,-42173.1473,-67553,2525.9064,52217,24959.1198,50901,13535.6315,7473
17662,-73504.9218,95294,-47457.4650,6793,76230.9043,98087,78379.6815,11634,8216.8617,72985,-10336.1055,86011,49357.5792,37045,-81054.9918,-85781,56485.3567,-24623,-862.1804
-54977.6567,-8874,34316.4138,19558,30166.5349,75628,96884.9419,-47502,12371.3069,-53805,-32274.7841,2686,30702.5937,-67018,-4983.1021,89340,9862.6250,25474,-32591.7488,19713
-82051,-71325.6667,-4648,28771.8637,88404,-99734.8813,-50326,99838.4240,-2530,57797.6040,79620,-47025.0422,-38651,39030.2506,31380,23074.7189,27128,15948.2846,95439,-91326.4604
43816.5394,-28253,-14520.8249,11721,-32096.5179,60497,-89641.2579,11048,46546.3708,-97137,33664.1681,11812,14257.1238,-55057,51007.8049,-35260,-62707.9512,53743,-63964.7170,-96599
48217,-58675.8515,-77281,89395.3975,22757,-3198.4385,-69390,48644.1271,-94376,69441.7338,-93056,-65316.1650,-98326,59462.6953,16483,11800.7615,-314,46117.2608,22975,83717.2658
80500.6867,-36697,-45415.4369,-23186,9015.9425,76833,-87212.8240,54472,-8217.7851,-23336,-42536.6063,65089,-91512.1350,51846,-82392.6235,64566,94194.2218,-35065,40131.7789,-80159
5735,-13333.5446,-94298,46645.5465,39415,-50642.8975,72683,-1258.6800,9514,27147.6247,24973,-1617.4129,55529,-88378.0017,-29229,22611.9156,-46635,2293.7194,55025,5838.1665
-68241.3237,72824,-73582.4825,1253,-25829.5191,84902,-66234.3261,-48693,-69487.5102,-43,12707.8441,45358,66743.0755,97088,-59699.5840,14240,34201.7713,49604,-4540.6002,188
-20826,-89615.6294,11082,5868.5372,82443,-67277.3803,36656,32664.8531,-29346,-20204.7977,39404,-60992.3008,82769,-83093.3078,-54124,-11017.9198,-40485,27467.0001,-40668,-41389.3676
-16172.1542,-85483,-789.4411,74069,96931.7287,23676,-32140.7050,5603,26382.9165,-69828,-21718.0423,-40657,-7162.1075,-76352,22590.5349,-17787,-66773.1028,2334,-34043.6604,-80766
81403,-94910.4014,-87501,-95930.6227,3532,68935.3843,76148,-25996.0601,26137,12123.6070,37670,-53846.3354,63718,-43665.3746,-73221,-4177.2034,57793,75464.3073,83027,-3122.9670
-47252.6777,-98076,41505.7780,-71761,-63297.9785,-32973,-59982.8035,23626,93622.0836,-22042,96377.4601,-53261,1124.6570,37861,42768.5073,-58830,-28479.5898,32668,82953.0394,52340
-47207,55368.3988,81630,5379.1207,98574,-18409.2909,-43051,60744.4090,63150,50476.1535,-8148,55639.9132,-24054,-23883.4858,-44434,-53804.9278,-15876,92856.1412,-89708,74702.1667
-23869.4527,89805,49430.4888,89451,67816.1984,23486,1640.0524,-17320,5195.1811,61994,91999.3515,56454,61985.0251,75620,8115.6119,861,42013.5884,9017,39758.0648,83736
-43159,11986.6631,54751,43406.9902,1248,-84115.2460,7630,-38768.5902,-26895,81848.7540,91123,52999.4921,67526,29992.2195,91881,-56732.8089,-65002,-70189.9191,84944,-5562.9278
11447.6953,53669,88471.2185,-63979,5342.8094,41001,53322.3704,81948,-79391.8813,-73511,-42432.9854,-94557,-19457.5026,127,64921.0782,-42015,99116.3577,-43440,-9100.5547,42694
61369,-74776.3421,3129,-25165.8013,19842,-8206.9269,-13219,-36815.2239,-74840,-58326.6246,-13110,69653.9963,92797,-30084.2752,52334,-40173.8022,11770,24921.7161,-79937,74181.0949
-14188.1747,-10242,35175.3746,-68678,-30970.6788,4523,95888.2437,-25343,-21491.5152,29827,-98305.6285,32375,-69978.1925,-79657,-7184.8918,-80188,-2215.9985,54860,-60409.5702,-63901
12837,569.3069,55884,-74117.6709,-49973,-12229.1389,32357,-13409.9891,-57452,54177.9088,-89082,-46360.7912,42397,-65064.6110,-12191,54006.3435,23984,24536.3284,25828,93210.1533
-93954.4523,-25368,94329.2404,79818,4664.1987,37905,-4589.8728,-11291,2316.7629,-35724,62588.7254,-27272,88345.5788,-44886,15699.9164,-1334,-47659.6787,-29698,-94366.2191,-66413
82426,-58651.3237,-99332,-81485.8195,44038,-29732.2185,42518,-61325.0794,88141,-66486.8393,-23988,-11089.7639,45708,-74397.0493,31446,24747.9007,59896,-66477.9510,77456,62726.5395
-98110.6710,90349,10091.7599,19745,-49351.8901,53502,17022.3976,-16552,43009.4836,-46079,45953.2062,-80202,34656.5988,-968,-6018.4365,-72402,24590.4324,53703,9387.0604,33684
36611,47171.7825,-45864,-43421.2816,-7235,-87386.7739,-31847,-43214.8310,94652,73334.4600,-15246,83141.8084,77147,-85087.2448,5867,41285.3472,-7290,-18408.6977,86282,-78593.3199
44642.6503,-54227,-95948.5527,-11469,98954.8406,-67037,40339.0617,-51326,-94896.2728,87035,67574.3259,-87503,-68323.5226,8798,-68878.0373,96235,86915.3958,-87140,-83783.6012,75413
-48191,20256.5352,-92361,-57240.2846,-48231,26776.2297,90121,36748.3122,61950,49342.0697,18738,76080.7941,51704,-78203.5925,-22295,-34000.3794,-54952,38518.1019,69765,89912.0776
84409.7955,69725,61158.2000,-42732,-60583.6568,40630,94906.2450,11772,-48239.8446,-29192,688.0684,40601,-91974.6514,7444,40099.3047,-13720,-34628.6024,-93545,73187.2542,-92993
-94109,-37746.7615,-40991,-55502.4916,33007,-38620.2950,74273,-17120.7865,-49977,95668.2808,36063,-44074.5087,1016,91710.1849,77557,-18089.4299,-16139,32787.2923,-17824,-72734.6978
85797.9958,-89334,-25300.2925,1810,-16431.1520,-79570,24164.8730,-45758,-18343.9217,38355,8062.6008,24270,1763.4576,95503,79386.2897,-8473,-57804.8577,-10692,-65750.6444,12190
66941,-9379.8860,18577,-95954.0541,30928,-41140.5399,-48581,-37165.9226,-28360,-51007.4339,24196,-17231.5201,-72292,20562.4777,70042,69268.6124,55541,-98974.8803,-84829,-75117.5232
-46338.5847,29826,60115.0607,48086,-52278.0918,-47166,-70590.0479,-39420,-87436.3196,-67151,24895.1604,80398,29303.8374,34663,-84795.4348,19731,-59202.0777,-57439,52408.7326,23455
-50672,51831.8149,7644,36648.5385,40309,-3015.0347,-24743,69969.6022,86614,-83972.1971,-56473,-18089.8729,42642,75960.7152,93160,-62774.6511,47610,-58294.6224,-13869,-93143.4088
61920.5098,-85165,-77667.2843,-34779,62035.3777,-19693,45871.6925,50287,-6192.7523,-58185,-28956.0415,57320,59362.8240,1563,10942.6696,3091,87598.1548,81176,6007.4479,88415
-24490,-38810.6864,40559,3076.0111,87801,-61592.1950,-90406,-67206.1920,-68419,2529.5430,-29934,96802.1758,-75559,25688.7028,66817,31853.2760,-31680,5830.2971,34994,50251.1724
33811.2825,20841,-67922.3111,53467,-32188.0119,-23464,-36826.6972,-19956,-98752.1133,6272,-84781.4290,-24990,99178.6493,322,32512.5049,42746,-79688.5955,-78707,86508.6429,-24813
-8646,-21632.0510,38071,16078.0031,-38972,-30942.5673,-43312,-80653.1832,85518,3111.7428,-58143,-72326.2779,96253,-99864.7231,26328,-10829.9925,41342,17938.8862,59812,33475.4526
-87102.6331,74156,61113.8013,-76986,70400.0569,48790,-46980.4675,87350,40567.7518,80099,45559.9374,-18214,72030.6061,3042,52959.0672,72686,90790.5959,54111,-55195.3589,-71121
-93189,68585.1841,-60497,-94089.3137,35588,48626.4201,-34450,-98048.7693,51602,99044.7299,-84943,-73001.8813,-89005,87188.9512,-45340,-2380.9847,-45249,1310.3903,-63826,-23375.3744
-77436.6182,-64587,-80356.6688,-44650,-50654.5917,748,89627.5172,67277,-73531.1321,52295,-43112.9582,-65401,-86132.0372,-59192,-13973.5938,84198,35708.4644,-68642,-95955.2112,90720
-19952,12442.0536,-73984,66258.7586,46019,84173.3836,88342,-81456.5849,83680,-70624.4794,97733,69976.5001,-90644,-83304.9075,23295,53678.9012,-45086,-70282.3617,-35608,-4381.8373
56512.0422,-26007,-75086.2386,-36935,69615.1668,26123,31881.5848,-37882,52840.6540,-25309,96860.3293,241,10552.3835,63321,-93744.0806,42253,-12411.6684,12934,-16832.5256,-19777
99417,-92070.9845,-75270,-30932.5917,64452,-8398.7685,60992,-61069.1125,41461,-71955.1608,12382,53701.7506,1018,-70240.3210,-10762,-89372.7095,-90469,86250.3784,-28058,23124.9032
-5135.3817,55715,68580.9078,-32363,75257.6553,-47259,98390.7051,-87289,73226.7268,-71268,-51171.5857,9724,22351.9501,-23357,-202.3115,57527,-46417.4950,82889,-90630.9875,-57112
-24559,6026.2454,-76726,-79286.1643,72377,-79866.0511,78294,44992.5875,1302,37203.7839,-58418,18215.7005,22116,-99001.9701,-33207,-79413.8048,-5520,31702.6705,-19269,-66733.7166
-77269.2937,55334,58096.7615,-62437,-59828.7423,76333,16663.8420,-76266,-54906.6427,85094,84685.3859,-83918,-79571.5664,46602,1505.1588,88912,35231.5578,32854,-8958.1552,-42277
-22279,-10160.8648,53663,94143.4700,30142,-41102.2939,98766,-4757.8039,-71025,-59390.7199,8812,99358.9120,87378,41244.7164,10437,-90727.8788,14228,-84780.6716,79214,-47684.7033
82294.0625,-31720,88365.4426,-42642,-91708.3065,3154,-59923.5472,76470,16649.1615,63612,-35144.7801,69238,-46322.3022,90880,15671.0728,58000,-4713.1951,51622,-45985.2090,-38263
92947,46109.1654,51276,-42484.6849,38865,88133.6404,-58384,-17815.9480,-60175,16818.9784,-85787,-85783.9680,71560,-47789.8231,-63048,55880.1713,75320,-54234.4811,-67483,34430.0430
-41381.1842,70966,79954.7212,32622,2137.0341,63002,-88587.8676,-93573,-67714.0991,-24990,-54201.3831,-73842,-98479.7977,90135,-84790.3962,23010,-26356.5229,1071,6590.8923,-5690
-50261,-49975.3627,-63055,-1064.9764,95973,31492.9713,41958,-75250.2779,-98805,33660.1385,61793,-51295.3302,-64472,-48939.1962,35629,91340.6507,-49682,-98858.7858,-43215,69431.7666
40538.3431,-39273,-30614.1449,11872,-57886.3541,-12343,15174.9073,42463,-39244.6720,91008,24242.3043,-40969,-48819.4625,-47648,4807.6368,34028,-55707.3104,7872,84880.7091,40517
53624,13711.0207,95097,-34942.4391,75763,59695.5035,1232,29527.5175,44826,97281.9015,-50564,-51597.6400,86633,80235.3161,-67580,41011.7065,-63336,85882.3535,-18577,-67047.5578
41622.5908,-92520,-61652.1800,-28921,-17478.2264,-81773,47099.3186,17772,-43604.5149,33414,74278.7579,-54154,26807.1548,-91760,6549.5759,-81003,90384.1678,-22135,-18620.7967,74440
-85035,-65097.0983,66661,-27861.2817,20571,34309.0363,24407,94519.0286,11546,-60899.9834,-7057,69941.6662,-80190,22213.5386,24200,60835.1334,35401,26457.7053,-47560,-69627.6801
52479.4633,-75033,-54085.7598,-7835,54937.5349,-66114,-86444.5778,-97887,-29496.3853,15730,-39834.7396,-68108,2844.0922,25880,43788.2028,37253,70288.0352,51438,-66464.5461,63902
-50237,-37450.5218,94333,-74490.6595,54575,-5015.6459,43092,-55088.5238,-43833,-86785.1354,13497,42423.7850,-18338,-93807.5585,-47813,77924.3100,78053,-19385.4423,18971,-66878.9908
65849.9679,-33145,69586.9670,19119,-16780.1984,-27556,82254.0354,-10277,-38409.6885,83413,-16284.6015,-15988,-40816.6378,-3456,59133.7364,-30231,-37150.3553,-91902,32241.2504,58687
37100,-86632.9848,-90375,68321.3509,-15382,-45487.1607,-158,-49167.6202,42545,75855.4027,75861,47947.0148,73146,18423.3366,68047,9980.9663,-51575,68182.4074,-38093,51350.7892
30597.6027,-33304,-58341.9047,98237,94394.0587,92862,-14459.0171,-87780,85756.6772,49836,67554.8941,4210,99083.2541,17015,21632.7156,-45783,-93932.6509,9202,32219.8865,-43003
72421,-70940.7182,27709,-69460.2333,21654,29697.5970,78926,5826.6340,-5185,62776.4180,80644,52566.1974,-3909,-46384.8679,75016,61780.8510,-79322,-16539.1720,-62490,-34459.1509
87557.5296,-64794,-50781.3399,27604,51641.7053,-72875,19585.5615,79402,-55939.3339,-1428,83629.3481,-1615,-14402.5081,-60462,97374.5625,-85547,96071.9574,-31280,47147.6432,-82843
-54231,-47477.7543,32337,81152.1716,88319,-74794.1493,-19245,67738.2212,42929,-95938.1537,71805,-92779.1021,-75346,33848.5420,71158,76963.0029,-28640,28731.9981,-71680,35231.2373
61125.9538,39830,73808.4659,16215,75840.6790,-35693,-89940.1169,29642,76226.1365,-28706,-92334.5927,-68,44307.4187,82782,-97795.5896,90307,81261.1964,-26744,8895.6783,1618
74885,-59332.8933,-53118,39903.6370,70916,14988.1784,-97861,24595.2501,46816,51158.4024,58507,-93155.0721,7789,-63040.7592,-9383,68252.1795,-24668,69618.5715,-26060,76209.1958
37306.4109,63451,-47374.3766,28704,-96595.6959,1111,-39319.7841,83968,-87993.4694,-57289,5249.4118,6366,-2944.9005,-4119,29308.6111,-20606,56082.6087,43533,6451.0619,-69887
-30088,-91.5363,-79348,7143.2975,5827,-41464.4362,80212,88989.6284,-12636,-91200.8903,-73994,24514.2341,-7863,4917.9462,-38494,19035.6451,21661,73017.9056,74613,16325.5358
89991.8604,36194,46980.1557,45775,-6900.5841,-32501,-18931.5297,72842,51875.4564,64758,-79521.1247,-30333,20611.4465,-33588,20565.4694,62592,67116.6996,93388,68579.6892,-79415
-20979,90063.4464,92044,-49764.6725,36342,-2664.5881,-98249,-91008.4040,79631,51990.4249,-45009,-87752.8697,92840,-4027.0487,98758,-68503.3841,93136,85809.5518,26781,5784.2998
-87088.4667,51092,-3686.2860,-16528,-17061.1649,74068,42673.9501,55186,-95646.2417,-31139,-57708.7880,47956,-83670.7775,-95737,38749.8813,-170,8611.1086,27785,80465.8063,59209
-12165,-21383.0629,-71558,-85933.9375,46304,-70738.1655,7192,89508.3151,58708,58861.4567,61620,46579.6071,64923,45186.8405,52214,55311.8316,-70947,-23587.9462,4089,54822.1419
69075.5221,-45915,-91395.3104,-97573,19773.0230,-77661,27433.4599,-20001,-15715.7207,30910,79634.5450,-96131,-59049.1477,-92574,37252.2390,13830,-48819.5009,1414,-51234.7294,-32353
46410,-56848.6776,-39689,-1110.6703,-19106,11647.4668,-33862,-8766.3826,-11535,17269.9070,78859,70532.6280,-6112,-5606.0668,-90571,65070.5382,77595,-59523.3747,76743,18780.3457
84046.8817,-76558,97586.5153,60235,43947.5805,1345,-46799.9342,10453,-67056.2150,2985,-48864.1432,-27672,30735.0737,41063,69685.7461,66719,-53669.7284,6615,-2455.3644,-83070
42003,-21208.9191,8953,-86833.0026,51266,-63904.4283,48929,-29334.7754,-25072,40207.0501,60582,7793.3773,-82838,41581.6872,-57412,-35472.5452,-58315,54618.6505,-43261,15522.5538
-20718.2777,90962,-87943.5206,-7788,-21594.0669,-43759,-99982.6022,30131,-15380.8002,52206,41660.0153,-77629,-27139.7893,73088,-19252.6410,64958,70783.8927,-50281,-87731.1510,67384
-15323,-63629.5923,44342,98355.3104,-70537,17814.7413,65170,68792.4527,-74587,-11024.1208,-99221,-10690.4558,44348,-26483.3218,57271,31652.5654,-51653,-19053.5607,-10189,-22060.5325
12905.3830,97650,943.9043,78779,-47538.9967,-42220,24228.5938,-15608,92117.6384,47518,25678.2638,24020,-62536.3469,-18631,97760.0774,-91241,-91839.4848,-81525,-10351.9822,-19760
-99216,69426.7419,-35285,-86018.4444,-35935,68302.4842,3019,-1026.2729,86799,-97818.8877,4202,-45919.6068,21966,22274.9923,-57072,9183.3815,-65735,56659.2623,-75750,-15791.9781
-33069.0695,-46603,55342.9186,20072,23343.5459,-61703,-72384.7924,9505,74195.9001,62239,-33651.5845,56923,-53695.7409,-83389,48533.0279,85230,10301.6439,43949,91377.0162,98291
-47979,77589.6359,-33534,-84094.1690,-74532,84982.2770,-5729,-19049.0016,-83468,-15699.8615,-56268,76427.0320,-46363,-65580.0243,-47354,40620.9584,-78607,-42655.9034,-59868,35889.8416
32129.0779,-25200,45592.3300,2936,-61028.6525,-57984,84075.7791,-48751,-37363.8633,95595,-3116.4610,13765,-62178.3726,61840,98520.8364,-55939,-49966.7155,93974,87284.9807,9005
-89330,-99841.9224,-52174,85169.0760,86734,23586.8086,76481,73328.6641,50806,12829.3541,-74922,-84619.0471,43618,27390.8726,-49480,-54330.8976,-32887,-41002.3029,80029,25100.6856
37239.7189,-21058,55030.4173,-10649,-14161.7098,-5619,14190.6576,20517,-27819.2916,-98113,-19024.9417,73901,78925.9348,52932,65947.7807,-5066,-28886.0200,63781,45933.4272,-7598
-80991,-24709.0640,-15571,-57815.2712,-81217,59387.5529,-55083,-17264.2695,57258,-5156.9731,-52113,-65404.0100,94595,43145.9645,-69412,23689.9473,-59856,11681.1346,47797,-75809.8601
21264.8247,35071,84814.7295,37645,-34913.3006,-76700,-33435.4402,53939,79566.8457,77206,80050.7608,-89260,41299.0177,-48360,27582.8441,-85858,59444.5143,86283,-18455.7561,-43805
65011,-90714.8626,50098,-24602.1632,-55671,-40399.7253,62770,-33072.2082,-4199,90003.3584,-60775,94429.0583,27741,2664.6856,-780,45972.6221,-34078,-74780.2383,-57316,78841.9467
3481.1344,-25995,-27682.4594,-29035,-97684.3739,-61518,35752.6899,8815,57718.3269,-27299,-94312.8612,38196,-6028.3530,72428,-28407.8513,89805,42181.8259,-95562,-76031.0374,16975
-39214,-35762.3855,31587,49975.7848,-2905,-93782.5511,14883,-86201.3314,22426,-10714.1711,-11591,58981.0133,7282,46111.1167,37676,73149.8596,40400,-87031.3599,-40261,-71993.9964
-41915.9388,-97358,-2205.8237,-56158,-97916.8627,-56530,-22093.5382,69098,17591.4412,7169,-26241.4060,-724,-35575.2197,49203,-24693.3634,-13678,89630.9127,-35484,-94436.8503,71312
-48554,28547.7120,1259,79606.8430,46085,27649.0867,-9969,59255.9427,55709,70201.4810,57084,-33283.9993,28820,-34056.3395,61979,71239.4569,18041,56526.2113,68318,-2357.2275
16054.7358,89786,30858.1554,83651,-67179.5059,-76960,-34384.9036,53941,44950.2614,-3979,60720.1886,-82122,40176.9590,-97006,-95944.9626,-72223,65093.5350,-78195,61275.2066,-70409
7903,-13767.4616,13754,53294.4266,-62490,-36170.3012,-61662,-49280.6641,-9828,-85539.6656,-25791,-83211.8968,5659,54549.8109,94678,50492.9441,54581,-32465.5535,-94355,-26169.1990
31544.2822,10007,28512.2640,-95069,6165.2867,-90309,53326.8636,79589,58081.6367,68314,-87751.0083,-23051,21336.9551,-96720,-16501.2563,86780,-26211.3241,-84467,91224.5538,62283
-50845,41596.2873,-93506,80650.0925,51989,-79577.2859,-90247,-29531.8157,49036,36552.8062,-8890,3638.5602,29826,-45933.1307,49236,-21705.4438,-9671,41371.8262,40237,96013.4233
24234.0965,-48419,97409.0894,-63240,-5670.0828,-34205,-61464.8675,-21774,31241.5817,99315,30956.8504,67292,-25109.3406,37527,27362.7188,-18105,76411.8161,34710,-36221.5834,-536
-97542,-81015.4255,-94322,15258.2882,37244,-76468.8097,-85452,52523.7187,-1629,-23411.2769,81155,28719.5095,18700,-61084.9042,74796,-29805.2633,51014,69561.5014,-54112,77048.4543
30608.3504,9007,-232.2429,-62329,79402.1795,64205,1140.0821,-83725,-61707.8205,-55287,65450.9220,43646,-92329.9746,-99564,-79933.9602,58303,-55662.4159,36351,68751.5071,60574
26052,-59550.7683,-44343,4914.9258,-2858,-40187.6692,24401,25741.8696,29151,-37562.8997,46548,68704.9892,-25591,-58362.2364,36399,94032.4918,-74401,18623.1338,87165,-79637.3963
-7522.1227,-71922,75694.0972,-9438,6422.1416,-69571,-61800.0401,-30246,48079.0684,9602,96061.0033,-52043,49678.2170,52089,26264.6445,46480,-81374.6540,87222,34077.2952,-84308
60081,39932.2701,-45503,-11548.6092,69764,-20652.8086,-40753,-27277.0672,-52537,77718.8403,-47010,72292.9093,71161,-64487.6088,-24596,-8650.6512,41079,76118.1282,8997,56956.1125
11216.8474,-3442,93549.5652,-72691,84574.8733,-8542,78039.6904,-30468,-15057.6639,16920,-11970.1744,97040,-48.8145,-29483,-86864.6008,36160,16318.0261,-94564,82539.8700,-16426
52054,71363.1384,-97689,24664.7428,-16313,-70126.5296,24607,95910.3194,94274,8624.9174,87951,-13792.2995,-93807,74201.9769,38523,61637.4008,-46731,54494.4895,-32484,-10729.4831
-26695.4824,-88276,99924.5577,-62820,6796.8136,97678,61234.4041,-88053,-27322.0284,-11020,-94356.9801,10968,-36768.7465,-88686,-13512.7236,93572,-70520.1959,-92095,60057.9204,-30508
38770,-37678.5616,-77622,44349.5007,-104,-90972.5629,-78838,-12280.7639,-51433,-74595.4774,65967,-1043.7438,-77951,99252.2250,95210,76958.1570,-10185,22751.2678,34207,-85546.5641
-29501.1469,44636,21539.8081,45420,-64220.1301,9542,-66366.4133,-93018,93147.7944,-38251,-77155.8352,41328,-20874.2959,78152,49463.6941,-36344,-64972.2150,57397,-45316.2945,79668
-29469,-69239.1843,-27240,21554.5626,-56098,-84242.1725,-24024,-29680.7021,53628,-96505.7770,52075,-92451.3814,99384,18145.1253,-9887,-23833.6761,-47917,96289.5434,-69119,-14359.8153
-23591.7999,81243,71974.6769,9555,-55552.3498,-59134,-37011.3478,18290,30035.1971,-20534,-68798.5201,-8890,37737.4719,2833,27943.2064,91501,-75867.0432,80957,33340.3733,73962
-89923,52024.2477,-81492,69465.7343,-88003,85377.5877,-28660,-50433.5302,-98470,-51533.0585,-98282,76733.3628,11771,87848.0088,-88704,92419.6171,-5098,-61529.6307,55166,-43615.7406
69909.0833,-71672,-46473.6121,-81255,-59443.2198,-23142,8722.5960,-48043,-22095.5593,-46197,-43718.7395,30597,-89805.2481,56898,-14717.5472,81763,-10314.7103,60086,-86033.4048,89941
-35697,-1179.6462,-85572,-48673.5988,-74713,-3119.2184,62641,-54219.3836,-62642,-10386.7968,57068,45684.5958,-66094,40772.6179,56029,-97990.2195,16358,58434.2925,76221,-64741.1396
5395.8760,22652,-6372.7337,-9111,-38912.9117,-74577,-88526.1887,50593,65140.4994,41761,-46643.9686,-90211,-21758.4560,44118,-88716.7869,2880,-84859.8100,96751,-8462.5623,-72189
30945,1077.2510,-12192,-19447.9483,78102,75449.1078,-76280,55421.4103,-34430,-95269.9585,56707,93041.1225,-61761,84222.8133,41014,92944.8571,-49914,-32114.9773,-72235,6743.0936
62353.9478,-64964,-14014.0835,48622,85206.7367,-68908,-75184.7646,87685,88782.6593,-59328,75157.3374,13587,-67562.2419,-3638,-76895.4282,-64203,51655.3126,57565,-21871.4710,-25220
-74205,-69174.0924,-41997,12609.1554,-14382,46843.1286,35893,435.0151,-9563,14516.2947,-92688,-22227.1045,-76758,22000.4727,-98563,-21979.8474,-19956,-8903.5705,-41716,96105.1220
-68957.5152,-68732,-9253.0684,67687,-49398.0542,-87176,-20384.0611,-37468,-7764.3022,50253,-69626.6145,64271,35941.2541,-45678,-21283.1845,-28634,-17027.7575,-89989,62734.5568,-92529
-33983,-77687.4978,92945,62315.6680,-70223,-38207.4483,18601,46864.5367,-46367,13121.6934,67898,-54570.5630,-51765,-94893.4391,87364,-56395.4914,22903,-9536.0589,62233,-28663.6028
79402.7321,-77125,5042.4967,-23835,47405.7562,72017,33532.1137,74111,-88463.0335,-4147,93935.7240,-25921,-64009.8192,51029,31260.2270,13614,-69017.0269,25739,51130.1062,79347
-73422,46223.8943,19449,88788.7794,-12973,56702.2386,80989,-37658.2137,30737,88203.9052,67475,-61618.6704,97747,30586.6626,-10945,-11190.3169,91915,21282.1236,-32113,20280.2324
33770.6500,-70415,-59898.3171,-42925,91896.1309,44535,84498.0477,-21889,360.3349,18819,-64062.0127,38542,25021.0260,91722,-81048.3574,32635,-12002.5659,28071,-4511.1412,-71900
-19833,59530.2872,80283,75719.6718,61529,-6676.3081,26365,-46556.2548,-54101,-41880.3693,77942,-35403.3112,79231,-99999.8153,22550,-1360.7945,19259,36471.3090,438,87615.7740
43920.3492,62690,-29690.8795,22828,81463.6931,-19560,54144.9226,-76895,66837.3789,-31004,-63033.1016,-53141,-18542.5053,-24612,55581.1562,21391,-65909.6996,-47380,-81188.6665,-67112
41739,-25366.8002,-86294,-17191.6899,-60064,-86281.6276,-44352,-88169.3909,1744,14338.9615,76692,38743.7506,37893,23345.2042,11411,-24137.4124,-45218,-33194.7928,61914,25111.3438
75864.8664,-33107,80928.7781,74983,-33268.3614,59436,-74470.2408,31319,40757.0555,-27504,30073.0640,74058,-44291.4673,21371,88405.9969,3486,73618.1192,-76911,-75870.9583,-48564
-70995,-33269.9784,47504,19159.5304,14476,27834.6533,28723,-32297.4985,-38526,44025.5516,-72175,-37401.4795,67150,99428.1795,-16131,-62032.3723,-87465,5411.3668,-90569,13537.5245
-38921.1725,-79174,-62436.1447,82408,-87488.6607,54957,21406.3425,1166,-80794.1608,-54512,-48558.9145,47710,94543.3826,-12353,-87918.4464,97755,-25534.6088,-63093,33629.5126,-17490
61171,46949.5932,53319,-97538.4941,30021,9847.3541,-6303,-97238.7397,50783,92960.2132,-5937,71485.5278,5471,-48779.2104,-3848,83593.7634,-38305,-29195.3284,46013,-46733.2965
34641.4898,-85333,-75047.0124,-13494,2466.7932,-4387,71628.2551,70982,-12864.5588,25017,-2053.2509,63185,-57597.4493,-47591,-74278.4257,12896,-61270.2644,-53471,-8927.5346,-84634
-40146,30248.1149,-34374,-82174.8927,98521,-14479.2684,69424,-26062.1308,-34529,-22921.7152,-43911,-76369.8974,68022,93060.7392,94722,4914.0409,21912,-6738.9645,-67477,-95635.5940
91053.6934,-82585,93513.9550,54576,-24783.7239,25687,-23840.6304,90254,-88214.6612,46756,-83282.6308,-46385,92559.1730,-82299,23731.5391,-6937,-46308.5130,-91979,80817.0482,25364
-2719,-2064.5343,34797,45752.5348,5959,50348.7480,98307,37322.0709,14096,28737.9462,-66740,31929.0652,70959,65146.9878,-86422,-44968.0099,77640,28685.2161,-31991,-65779.3067
-99693.9353,51356,74476.0400,-79974,40282.7937,-64255,-92571.8623,47618,-39888.1210,-88697,86941.1091,67456,-42444.7394,69584,-45734.5186,-33073,-71833.1304,-7760,-3086.3522,88825
12912,-55832.6279,-97897,16367.9055,36235,-61365.6423,-36093,-96773.6434,27862,-91548.5048,-22516,-37808.1055,45724,14009.5162,-13212,-25631.8444,-6305,-53019.4608,37516,64340.5003
-17571.0589,47742,-34666.8003,-4804,20888.5455,-71204,-7327.5230,-1972,-30243.7038,-11246,26820.0307,90845,38417.5687,8844,8281.0709,-46496,60814.0910,70535,23367.3648,19226
-2200,65763.3569,10946,-77091.4859,-59303,-22358.4432,-15670,-46990.6777,-68997,42808.2177,54416,44596.9409,-5847,33605.4108,91274,-11888.1041,-30460,27133.1563,-9530,16085.2070
-9194.6051,61038,-25160.9647,95336,-54823.5847,-55715,-89882.3861,30926,-83305.8370,88335,-86019.2266,19156,-19311.6393,32836,62014.5561,-76550,52915.9646,62579,-65262.5363,-43836
40986,-21778.3282,-27439,38733.0470,-1471,66131.6888,-49242,-46260.2376,-71886,-49477.4612,34406,14585.1569,-89109,-7699.8211,-57717,74040.5062,83329,-91063.7552,21947,23358.7364
-57327.6368,-8307,-42983.9569,91735,48809.5369,35491,-81744.5359,55387,-94882.1891,30639,73485.2201,25106,78048.7769,4994,33429.7367,-30062,-69215.6759,19590,8643.6315,-80125
13981,-32489.5104,16093,4695.9302,-96142,-71324.6766,-30885,-93829.5814,77176,28585.8121,70974,43122.6210,-19248,79279.3715,36184,-56155.1223,-5762,-27214.3367,72732,-24975.1441
94065.0718,-32499,-88345.2646,-89427,-19004.4801,-92153,73237.9455,-89742,-21116.9364,39052,-8580.4380,-57616,-98667.2350,2177,-51114.9359,52007,-98933.6705,-36527,-68374.7686,-22521
38368,15801.3339,-94233,-13663.1442,77518,42857.1759,97661,-24228.3645,4040,-73898.2122,-93909,54874.4657,-11785,73669.6910,90963,-14196.0984,-71477,-33363.8004,77820,69963.3857
-32276.5340,-21747,-45034.1404,-89904,-95348.0696,61290,-57789.1502,-26896,-76059.7222,-35110,94713.0639,57161,58198.2849,68586,1949.5378,-35100,80506.8192,-13147,84366.6192,-51622
21005,17051.1364,71857,65105.8650,-69892,-41460.1984,-2072,-66550.8557,-57076,63296.3588,-98023,89489.0165,-52335,85489.8007,89881,33957.5305,74059,77904.7955,83480,48424.9359
-4701.2195,25374,12361.1457,53207,-32802.8238,96817,97876.8069,91303,-29370.4664,-80677,-79669.2749,10579,56603.4684,65111,60074.8109,37495,57649.7910,64877,90737.0643,-26288
-83935,66473.2367,-54999,-80580.5287,85945,-74866.8230,37304,-71482.2013,-84546,90442.3071,84844,17099.8515,-71008,-65799.2188,85235,-91772.0439,69261,49723.3265,-80148,-7472.6767
74342.3290,-71839,-41048.8769,69710,65543.0661,14345,80122.3750,78366,-47363.3044,-91451,-18626.4100,-72450,-57862.3293,4519,34089.1215,54123,91035.2966,1976,7257.8695,-32819
39292,59706.3071,-90159,-2467.5485,39737,-22216.3796,14661,-61909.0863,87788,-18033.4542,85742,-30538.7693,-29964,68774.4626,27847,-22221.8159,8921,76536.8480,72530,11533.0900
29245.3605,88006,82958.7793,-91380,-68761.4521,-98452,97327.7710,-43246,65191.4633,9403,-71468.7860,-17904,87194.0630,81071,80883.1349,-72966,-79508.3573,94325,-42583.0747,-90325
95392,79424.7930,49705,-7133.8127,-48713,-84580.4881,25482,32087.1199,11192,17.7798,33739,87469.5518,-68728,-64163.0386,-54059,-22578.4127,-2233,93707.0999,98075,-71086.4315
48332.2232,91278,-75989.6061,49381,16162.0787,97989,-44903.3555,-35969,71810.2156,86360,94235.3951,-61162,74847.8940,982,53074.1685,-13611,-41250.1071,-36468,83128.6805,-99782
-76919,-33251.8078,-20102,-37489.5961,-54967,-12998.4290,-30800,82981.4658,-1253,41085.0506,94105,7700.2339,-10025,-69759.8736,-13938,97485.7623,-44358,-64867.0750,-23278,12038.4273
-58272.5047,92106,-41707.2386,-76584,-81072.6346,64514,64344.4400,46217,63968.8745,-17775,74374.5939,-74463,22058.4361,-34939,-38853.8763,-4583,36163.2039,12544,38784.2932,-49041
-63026,-62555.3758,60063,98278.3715,-73920,45704.2483,-67931,20850.2046,8760,-23792.8227,-43831,-34424.9961,27732,-11679.4434,63225,-94646.4924,50359,49647.8285,-82967,-73414.7079
-14233.5285,21436,45728.7326,14644,75595.1899,67490,-64495.6764,-67533,-90504.9247,-18405,71759.6214,-44210,-8848.1249,-86695,-82142.3336,60587,21755.7281,-72208,-52035.6570,-87152
29341,-25220.3016,84333,45197.4042,-83248,64012.2836,4310,-65379.7806,38195,54139.7935,77588,90780.9716,-48419,-38262.2455,-94977,52530.3035,-9942,-48376.6776,7290,-81076.8034
-93068.5483,21426,67582.1132,14274,-71699.0025,62507,74724.3343,18640,-97473.0727,-74730,81071.9472,-8996,-20100.0301,72500,-91817.0998,-25515,4474.9300,-60765,72100.1298,62663
-56159,-98319.9655,-2548,15728.7529,88791,53193.6778,-5714,-72163.1760,-53346,-21554.3222,31339,64280.2258,-66592,87044.5264,-87801,97610.8419,34194,-51972.7099,46068,-70360.6196
-97333.8386,-23947,-58345.6364,44890,84168.8295,86272,25680.4020,-42143,-82027.2964,-81282,86633.1725,13481,-86943.4899,-30764,1924.1679,-41528,-86677.5922,-4651,99125.4922,89784
57487,14252.6571,-75437,91157.6014,-59766,87762.0166,-11937,-88040.5021,72845,-51181.1155,-21978,33621.7284,85516,-24617.4117,-4956,27085.1279,25425,77975.4406,67392,79726.8063
46744.1859,43864,58975.5421,-33804,-32360.3217,46111,67126.2591,15135,-3821.1911,-48540,18011.9738,-74426,82057.7756,-91182,79940.7254,71143,-62835.0886,-5630,68763.6980,67202
-71752,19858.0748,14763,-6441.7705,-17230,-14748.6443,41301,-75178.8394,-50932,-4520.2758,50538,-1984.7133,41048,-27465.4173,-37738,-41721.2139,76970,-49437.6651,-23343,-90093.6492
-11564.5901,-84721,-21809.1194,9154,-29033.0820,62692,1504.0136,-14796,72351.6824,18196,-91798.3356,63929,22788.1590,-23301,76770.1049,48796,77968.3816,-74984,-35118.8628,-71113
-96016,-13192.5725,17602,95944.9879,-7775,52883.7018,-96825,47193.0888,44064,20014.4034,10677,-53658.4303,65360,-28863.6501,-81340,-61873.3183,64969,-65049.5011,-24161,80866.9526
58936.4540,70839,62613.7323,65460,25121.7758,-94320,-63927.6124,-5099,-36475.6416,-16335,-69689.5685,-94184,-63709.4623,-77118,51517.7000,-55721,74872.0372,-97987,97155.8617,19685
94007,8025.9322,36387,36048.6878,95202,-55581.0426,-63315,92482.4493,64105,-81472.1459,-75707,85327.7304,22025,69683.7799,67372,-27362.3722,99084,55414.4677,-54770,-931.3129
-87909.4487,-32479,70513.0189,-54525,-59927.2611,97123,-67840.7854,-4667,99761.7421,76121,-3927.5274,66185,-17238.9648,77102,-25022.1008,-16940,-19982.5360,17835,64739.9049,-10182
50951,-30139.9855,-64121,36782.1658,44637,74241.7712,-16100,-59132.1366,32678,68145.8443,-96599,98243.7385,-3362,13668.4018,-60465,85700.7279,-57432,66812.8500,-92098,42475.7109
-25617.2732,-25454,-67500.1626,-43089,51242.7324,-21765,44648.1572,-41780,52772.7125,-60004,40501.8044,13978,-28348.1268,47085,68813.2574,-16674,16203.3437,80079,-85833.4404,-23372
15319,-9960.5295,36901,-23180.9249,-71516,16046.6364,7900,-66198.0575,-86809,96297.2680,39058,-82517.9931,30650,81455.1142,51027,65470.4865,-77712,99551.9966,-71656,-45908.3722
48754.0797,-14809,-36596.7940,-67827,82143.7437,81152,-94718.6623,-71359,-35743.2714,-62706,63015.6495,-55134,49121.6263,-9596,-90534.2803,-37209,27862.8834,-32871,69692.2417,19255
-71031,59720.2789,47292,-11058.8727,13187,-27545.6388,-98639,19581.9769,87403,5759.3810,-72165,-94060.2837,52806,44469.1335,30963,39200.7066,28822,-70514.1412,-1300,-46391.9574
57069.3969,38844,-5806.3977,-32824,10268.5184,71362,791.4826,52695,-74058.3343,-61626,15267.4494,96306,-26063.7948,18448,96101.1558,-45973,-25419.6544,41270,5105.9049,-63001
-47788,79608.9809,6687,-45305.2495,14218,-22393.9041,-8300,-17855.9909,61248,-31766.9670,-5571,24389.7140,8454,-15722.0211,55952,54799.6342,26187,16235.8570,-50646,14193.2565
2685.5440,63903,-42175.0875,-9292,70658.9454,-61765,45484.9860,95948,-80569.2212,-28490,1798.6938,-82404,4571.7944,26394,-68780.1895,-24124,11272.8870,9149,-51645.7555,62701
23615,-28677.8514,87975,94628.1054,-96969,10443.6624,37865,39356.6492,-2724,-85039.9809,49637,66720.9941,-68129,67551.2234,94633,13179.2328,20503,-61849.7302,-63126,-42970.8915
6566.5146,-54278,5945.1762,-11766,-28797.6014,81865,-15316.0155,-90603,75018.9549,49749,57937.3205,74107,63299.3694,36083,-93459.7802,23017,-69066.7544,-68688,-26729.6853,-8889
18542,37882.3877,38313,-44208.9344,-65823,75144.1566,-60149,-44840.6012,-29158,-70623.7951,47225,17779.1757,28810,5809.8721,93010,-60083.1175,-50969,-38124.5602,61604,23814.7913
-31222.5889,20903,-88681.7525,-78805,-51902.9484,-20554,-49614.8418,86152,-87656.7635,-7395,-81002.3087,-50344,-11813.2119,-59745,-26110.3449,-36800,49777.3119,15986,43432.0469,27624
56242,-6504.9149,-828,60054.8078,-97253,12905.4766,41136,-41285.9150,6330,-28630.3422,-67401,-29622.5691,-39208,-20302.9278,-58804,7815.8893,48337,-27982.6791,44295,-46690.6579
22421.3183,-37293,-782.3864,-5454,-73527.0249,-14158,-6332.3024,-30029,39015.1446,-10047,93506.1659,38332,43934.7664,-61104,71000.9082,-39091,-50238.9905,30556,15807.9179,45129
70408,98378.3420,-21166,37298.9709,52226,-2612.0887,-32194,29416.9603,70192,19437.0443,-12871,-8563.2465,95176,-52418.0164,-49800,6983.1658,-47765,53930.7473,-42525,25467.3551
84767.1372,-64139,-59153.2323,-34859,99457.8921,-77159,26764.8301,-61813,-61434.6284,-35544,21432.5163,-55938,89629.0422,-41358,-78692.0955,64332,8850.9468,-86752,6583.2194,-70171
81486,-64917.8187,-94094,-99607.5144,-54883,-58789.3265,-43,-51832.0079,-58730,85245.2632,-71817,-99916.0959,-31444,37304.2902,-32501,42909.0644,-64092,17320.0465,-97487,33735.6462
-71186.3368,-35012,976.8037,26322,-89164.0040,81077,-89074.1252,-30738,-76193.5936,-39385,-2183.4033,90211,-6250.3498,-25966,-13321.1944,53056,-81400.7113,-15032,43407.5719,-61548
-24336,-43025.3872,-15771,-56887.3618,-21484,-49033.6682,63110,59685.9220,-94063,10109.3826,-1143,66422.2315,17337,-92911.9547,3947,-60175.3878,-32848,96811.2599,-70566,86123.7963
42152.0508,-59260,85596.1078,-42286,83265.5676,-33506,99027.6292,31928,-34458.3334,3709,61622.3870,-23708,-15086.2439,-39814,-39950.1172,56861,-15265.4544,44538,68509.1137,-76898
-69295,-43332.6172,16470,7711.5012,-92060,-75775.7146,-45258,1961.4763,45122,39519.8229,23940,-81710.1176,56933,94216.5932,-28696,40212.6587,-52302,41063.6973,97018,-81900.1619
-6077.6412,-49044,84139.3422,88953,-21937.5256,-74441,-56417.2370,57991,-46037.8021,43937,67644.4645,-73421,-87022.7345,-26271,-58152.6362,-17964,-26030.8667,-46498,22504.1126,-27085
64189,30513.8373,75599,-4765.6127,55443,-97507.2568,-2100,37117.1142,64831,-10039.4504,19368,89608.9752,-7622,38909.7634,95310,50895.3324,87308,64185.9096,15067,-99672.4158
15071.2898,-24859,-30789.8903,57802,-63982.9629,85721,51986.0748,-91567,88158.7368,-63068,50971.7178,-21566,43305.8430,-45018,60693.8152,51841,-20257.4205,37226,86916.0162,76466
3576,97369.5423,-90389,24745.6814,-20050,90724.2741,86372,-19541.7698,22061,-98512.8629,69976,-6405.7296,51637,-25748.7195,45120,-62600.1370,74394,-52691.9085,-16155,-96602.1673
66202.7580,10707,6378.6597,64859,29887.0279,43884,-23455.7968,-55193,55903.5931,62923,-31801.6586,75211,-26957.6702,-26913,21629.8475,19116,-68002.1243,-54221,72934.4345,39290
72285,95439.2523,56670,-99188.8746,-34065,-6543.0464,24532,-42410.3901,-35654,-48027.6510,-25524,84398.7371,59203,33414.6938,-30022,3328.1456,-29202,-22962.3225,64303,25718.8660
-52338.4455,-44944,-22702.8247,-7844,23610.4100,16242,-3913.4849,95411,-13574.5718,-17510,34956.6489,20640,-72883.9602,27605,-32362.1123,-82488,-15020.0408,-9112,43328.7262,-48343
-34903,38379.8307,-14406,9289.5317,74031,-67494.5522,55861,-69337.9885,-45656,-55094.7493,34655,74800.2566,-31496,16182.5205,50693,-77625.1628,-94866,12842.1265,-85004,-38682.0728
23751.0962,37188,-26374.1989,96250,97270.1463,72282,1953.4386,-61661,61762.9521,-70958,50988.4436,3720,77313.5655,-4694,74105.9368,-27746,-95682.9899,66532,99543.0679,21012
-49151,47408.9226,-57599,-38959.8618,19712,51356.7487,56248,-28741.7879,19836,98021.1950,-77927,12532.0122,94286,27476.2393,35778,31021.9261,84890,-90120.5643,82633,-23796.3883
-23611.6020,73248,-30444.4619,72494,-61778.2037,-27811,-83499.8595,-4263,76309.5097,-92242,3310.3909,91352,-29110.3497,26789,96629.8562,9153,-54471.0102,-52178,51481.2133,36094
19090,-19432.6328,17840,-22872.0129,50296,-41484.9720,-16727,53640.7311,-618,-23719.2389,35868,27443.3553,94215,54161.6471,-37079,43359.0947,-23718,-15889.2728,-72991,-56643.5187
-39020.9502,-9671,-70137.8922,97971,89059.1882,-56160,8679.9357,82570,-48531.1111,31960,54494.2280,61291,-86760.6770,-30028,4812.7145,95401,-74426.8284,-8469,32497.1605,18612
-1378,57176.4888,-6377,-65400.5068,84923,9165.3845,-49870,-29458.7313,19024,-80265.0884,-40606,19910.1608,-26270,-97495.2617,9422,36519.2543,4274,99136.9871,-10909,91061.5864
93746.5905,20027,-57130.5284,41788,261.5900,55972,79043.7509,8777,53109.0221,-21976,-23391.8354,2966,72496.3148,72742,56995.5057,65945,-63671.8807,-79787,67433.4157,78082
33890,91027.5700,-22750,-35588.9589,4259,40161.9411,72213,47152.9761,-59496,86542.1185,17054,-44970.6311,-91942,50672.1331,-96665,-80045.1715,59831,58494.7771,-94373,63319.0978
-20671.9095,-59837,-60666.5094,-52359,-25177.9312,47930,4707.6014,-989,78407.5025,-42494,-19.4885,38344,-77042.6368,18211,83176.9424,93500,-51536.7450,12799,17458.3579,73679
-86009,11451.3409,-30838,48241.5235,-40746,65559.7521,-87238,-60832.7735,-62742,89310.9634,-27009,95448.9682,46407,-34228.0459,-35219,-56713.4586,-85506,9879.2239,-3214,-17045.0743
-67420.2091,76529,29900.4283,-82602,-35733.2801,92405,-27815.5684,14730,-68059.0860,-97729,-69312.4233,-83108,43249.5742,-68479,60084.4341,-44396,-22887.7715,-39121,-51525.8460,80350
59302,-8363.0967,-84545,-13455.7896,26794,-24369.2325,79929,38850.2623,-90792,-69717.5260,-88681,-62131.8587,54659,-30557.2106,1050,87610.9134,-18326,23657.2244,72558,21818.5462
5116.3099,17544,-66276.3636,93955,-22891.9727,37416,67271.5847,-30566,-90993.3644,-39413,-90638.3106,3278,-26350.5518,-65149,-4645.3076,25018,-44532.4668,16953,39426.8770,67779
11720,-92232.2971,54238,82946.4079,-70971,24823.3233,-36498,7395.0407,99737,16747.5034,55607,81660.8215,-4257,-52114.4482,-47059,29567.6523,-69193,1749.2186,69515,-62767.4972
34753.0182,-13049,-35560.6006,72437,40506.0560,-77454,-54444.2032,-64464,71570.2648,63558,-26198.3024,-35747,66732.0316,46949,83409.6213,62839,-17405.2491,-18595,-45680.8501,-66548
51734,-6561.6633,37672,82356.8168,66656,87290.3498,-62021,-94931.3652,-33347,96022.0514,78913,54108.4326,87899,81218.4804,-9884,8418.0966,47375,-46642.8971,-58661,-65531.7218
-79574.7513,27810,-44984.9982,-48462,49115.0266,29647,47572.3778,18102,-16104.3063,-62313,48143.5207,6164,-88536.6855,-13116,-50695.0476,-9729,54516.0783,-80328,97145.4460,22138
-41379,56824.3470,19845,85256.4988,-42750,60004.2112,-18376,19744.5689,34357,11675.5997,7749,-75327.9573,91359,-88645.4904,71922,-47704.0804,25132,48552.3576,-86673,-14389.2352
-31973.7246,-72778,-69920.5005,-91713,-45833.0006,36496,-17018.5125,-49206,9345.3855,86153,41888.6814,-53165,-73640.2064,-94513,-50996.2392,-89524,32624.6152,-16448,20359.9252,87419
98123,-36836.6472,-70244,-72653.9495,80180,-83636.8750,57886,-54582.4701,43839,-46922.1217,-65139,90392.1461,-72468,40620.7129,56584,22052.0063,83982,-36745.8632,98816,-86835.3738
-47111.7511,48539,-1440.2098,-48152,7864.5435,-75212,-75215.0090,98990,45672.1254,38558,4368.0626,-10759,-49916.8805,-35386,80102.3678,71906,63597.6131,40754,55811.3133,47041
-53485,14041.4336,-79576,-27644.8619,80487,13111.8590,-59631,20137.7701,-74384,-98160.5614,32440,25128.2473,-42283,-31467.6177,65301,4060.5230,-56965,42539.2687,23693,-89293.6441
-83877.9156,70797,-60154.9975,-59652,-61061.8110,59075,-23101.5489,-25407,-13305.9194,-12213,52646.0022,-83778,-39681.2955,-92425,-90463.7362,15355,50045.6980,81037,26990.9464,-44028
-97565,31511.1799,92252,-65055.1517,-69067,-43970.5101,-36254,8570.9340,-37843,88432.1447,49659,37427.2549,78047,64690.8723,-31310,20331.5427,-92735,39385.2981,94739,67312.2712
-54099.0221,97911,25449.1766,66798,60063.4913,65660,-53576.4527,50167,88386.0388,-32205,-27008.6548,-96003,-99704.3195,52945,-81278.9920,-30490,-72440.6588,12210,34387.0011,-78859
-96592,-27835.9003,-61104,71398.4636,42380,86633.3817,2052,48403.1716,-48086,77668.4387,16630,57945.7052,-61928,74537.9072,-5673,-85045.2463,7414,-93501.9479,7596,-87876.0684
-43380.0321,13855,-41205.0592,51228,-46347.2972,-12112,-23481.5939,88264,99340.6049,-45128,-52918.8936,23609,37363.0604,-65575,-10147.8460,-2330,-98151.7034,-19058,30837.0404,-46617
-44999,4133.3078,-39973,-92514.2380,54462,69536.3342,-90410,-22378.1354,91512,-24456.9857,-93752,-10129.6051,74880,-11222.6590,-51242,-1366.9274,37137,4549.1448,-54565,-67996.7022
-72937.0074,98903,-52875.7247,-37378,-32304.8831,-83634,-74752.8751,-21051,-44093.8342,-50333,3682.8156,52497,86149.7339,-18786,-2500.3956,-68964,79023.1779,-70279,-17677.8851,-30062
35533,77533.4919,64481,37223.5049,64427,79632.8875,34692,36749.9790,7858,-51131.2225,85832,62080.7986,-81903,4541.4232,13342,42591.9327,62977,41448.2709,18753,-44425.0064
51755.3688,79144,43713.3454,-24476,-9867.0003,-62241,43192.6730,46316,88110.2416,23299,-61211.5802,12445,11156.6788,-41774,-36344.2287,44722,13258.5798,41800,-69538.4982,-80274
-18108,-30825.7845,-13291,-97714.8972,-69218,98034.5045,-24754,82876.9839,62420,5985.9352,-88380,-22086.9495,-5180,98661.8219,-40792,20575.2795,10173,27994.9431,71557,25508.3086
-16244.1990,90051,-30786.4303,44379,30813.3146,-80422,85811.9930,-55417,-31514.2903,87251,-58871.9413,-68029,54222.6380,-86628,-49736.3105,-23055,-929.2086,30440,-64554.6098,-5898
-5233,-42269.4032,32271,-98634.1249,-26433,-17889.0733,-82731,62000.5209,21921,20134.8184,-84468,-2158.2666,-78038,10061.3956,-10624,7792.2053,65557,1235.7900,-2784,-40402.1706
-35862.1088,-27339,-60148.4872,-16857,-13225.8132,68763,76217.4216,-53688,-8083.2841,-15570,-49322.7999,61539,57670.4451,-96026,7200.2973,76649,48014.3190,22694,-76799.9893,90041
-92442,-50545.7358,64320,-94625.5592,91183,14319.4022,-32456,87985.2326,65789,-71297.4987,-80638,-48106.3084,32942,-28269.1686,46790,40720.7625,38637,-33089.1498,88079,18380.5774
96279.8825,-54841,35742.9123,-87013,8407.6314,-67369,-34881.6823,43735,10944.8508,75948,-19654.9870,38893,-30388.1564,-22437,-60284.2575,-62379,-3466.2071,-3110,-89562.9235,-57454
33891,33964.8135,-38794,99527.3717,82715,14447.4860,-47415,93903.1638,-74106,-86097.8909,41303,-30940.5656,81555,-23911.3622,-27288,79612.9977,33795,-9352.5239,41172,25386.3334
-93765.3008,-72611,77450.2543,51703,-96117.4192,-49384,52663.1122,37149,53558.5689,-16811,62233.1683,53652,14778.1849,94123,97450.1620,18358,77595.4845,32056,-77038.7768,58775
-82863,-68001.4558,4474,98152.1217,49958,-92389.4330,83846,-97357.1970,-39538,-72951.3825,-45971,43470.8414,-82775,436.7015,55015,3744.3497,-68750,59597.8362,-56778,4915.9928
-72618.2675,-39090,-7625.7760,60692,80369.0325,-60369,88599.5384,-30147,-51542.3917,-83176,-22863.8297,-81624,-76446.0367,60243,-181.5461,-38629,-99521.0294,75112,60089.9929,21475
92529,-28487.5332,-74092,-10912.3338,-19767,-20335.0648,-50738,4138.4338,81536,-62209.6731,17144,-39754.0710,3075,93203.0094,-78848,-18472.7379,930,88795.9741,30550,-91232.8504
84158.4550,3701,66583.6677,294,6424.5320,22469,-28874.4352,42462,4334.0497,66691,34180.4579,-78201,79772.3110,74504,90382.1117,52409,86216.2696,-5627,13088.5263,-88865
-84176,26273.2844,-26726,53043.5776,37895,61648.6923,97921,-39030.0512,-94554,-36458.5753,-24774,55284.7617,-39327,-51314.9440,37457,12733.9488,-25307,93236.0865,-20511,-4620.6193
54303.4385,-62563,79860.0912,43432,-88463.4181,46206,37436.3697,51880,60182.4292,-83266,6877.1380,-85416,-21822.8038,-38852,-12235.6092,26455,-65340.6881,62194,-21706.5256,85729
56501,-77545.0518,-83555,-51254.7914,2390,96966.2240,16010,67288.0036,-34418,-2349.1591,59652,-93612.8889,-15267,49720.3843,24625,-13321.4319,62948,-40943.7216,78631,-1744.7187
87434.0820,10865,-15443.3002,-79413,92923.7841,70170,84517.0131,85509,-47422.6782,14140,-20838.2517,12219,30397.1721,18616,68667.3801,-15542,35370.2742,78457,11857.8144,-5846
61602,59191.7632,-60838,85567.9039,-87756,97049.1187,-13754,-35534.0597,76899,51453.7011,-94549,32432.6479,-20664,56369.3067,-18466,80293.1353,-55535,94687.4707,58173,16217.4756
72633.7440,-52364,28924.5918,60927,809.2106,81353,-9977.4966,28575,73325.7792,-39108,11500.5015,58168,-76275.7576,-96139,73206.6318,-83632,82245.6954,-27860,85154.1071,-63622
98721,-43151.4732,-31236,40427.2646,-94691,-11619.9588,-35725,-47170.5565,-36440,-55958.2726,-32919,-72359.4044,72404,66199.9009,11642,87102.3269,62154,30707.9465,5852,-37750.7544
79040.5622,81948,24750.9358,-7244,-91819.1466,56584,-98791.0825,93028,34483.8357,3891,-28937.5724,91125,53168.3530,20660,-16936.1574,-97821,-29261.9896,-65970,26803.7050,54124
-16521,19941.4979,-59196,-73015.6018,14343,-4483.0683,47813,-7077.6648,-96267,-68670.3648,55896,-43876.0292,-56971,-33639.1217,-60423,-15858.3214,50987,61390.6247,59197,87150.5793
22647.9683,-41117,-32713.8070,-22676,38383.7032,-70979,-73251.1343,60662,47698.9881,21750,-55033.4875,-36884,-58512.8786,-16142,93713.0513,27943,77553.0367,91352,-17062.5243,-96537
40538,-45636.5327,83809,-84867.6303,52502,78259.6430,-82559,97608.5600,90372,-33703.3698,-83397,77047.3215,64565,7947.0296,23709,26041.9748,-68163,56489.5102,74227,-35180.2193
78922.1922,20681,585.3249,12202,-67748.1430,2782,-59492.2799,60270,-7037.9098,44156,-61095.6696,-11536,76430.0552,53550,-84769.9535,22803,29796.3933,97054,-51565.2310,15079
-22885,54403.2582,27179,58935.6313,31747,-4523.1414,82245,80272.3840,63312,17428.9586,-18465,29624.5505,97771,64486.6581,-19833,21067.4381,-344,95379.9014,-45774,-88175.0502
7640.2094,47888,-97243.5174,-12625,84685.3801,21820,2258.8102,10017,-13147.8597,22349,56262.4733,-54902,51493.8276,-45395,5079.2943,-56950,63249.0680,46277,26224.9602,41794
24154,25730.6120,-51901,-12161.2421,-23130,-20621.9974,47925,-55419.3771,-65837,78451.8832,8895,-65981.9882,-6530,-73612.8306,-78724,62401.2755,47468,1497.6972,40402,-66274.4249
55643.3010,18993,-76017.4339,-59918,88814.3956,82154,-56992.7576,23975,37801.5305,4810,-68618.1728,-48011,-94286.3800,-6409,88568.1587,-70614,-67557.9993,-91947,-7444.3627,45654
-41919,-78440.3406,51203,81559.6212,-33637,39858.8911,9447,-62111.2335,-10869,-46328.6796,69518,77137.8134,-73034,68741.6661,65820,-53144.2941,-83887,89750.0719,-96725,22225.6188
85434.3561,27809,-68095.7567,-83878,66525.7258,18658,19118.2307,38344,-34423.8698,759,-76490.2823,-72572,75841.7943,-11517,-30475.1460,83154,5974.4654,-13833,-88164.5969,44823
-20291,80570.5576,97223,79860.7198,-15827,-56985.3310,12650,-28224.5048,50570,9561.0220,-28525,-99182.0580,46248,-79212.4356,-10384,-64522.3931,-9668,11370.3704,65577,69297.1169
-49977.7161,-1678,48478.8899,55164,-57368.9773,15824,-23992.8833,-17797,79170.7469,2669,-76103.8973,-48803,56568.9806,16860,-43135.9370,33176,94377.7168,50940,-57482.2506,38311
-1980,39763.4717,75765,4651.5959,93413,-86036.2061,60264,-18715.0270,-27807,49229.0102,77063,69004.8791,38156,22760.3755,73178,61781.1933,68348,70300.3580,43601,32024.7443
-57572.3206,91966,48542.7819,-41635,29952.5388,-26020,-67950.4285,-49271,96845.9791,44308,-49269.0494,66159,90003.6125,-25678,-32452.7527,53661,-61049.0987,21812,7268.9721,-10546
-4966,17324.8041,-63903,45973.8343,82278,59681.0000,-2539,93531.9752,1297,-40979.2826,-84216,35068.2003,-98664,-83232.2975,-92668,16569.1146,-2390,4189.2641,89903,-89256.3487
85077.3114,-607,89527.8566,-25543,-46588.3633,16778,-57656.4958,-16931,-47225.3679,-64065,-96103.3710,-36310,62778.5869,-73033,65954.8157,-23098,-28883.8839,-82502,7460.5242,33313
-91742,6895.3858,-3697,67335.0317,69006,-99116.4035,-37630,-62947.5805,26739,93188.8670,15391,-53191.2646,86137,65747.6783,94767,-88232.2100,17156,23663.1070,-59216,83448.2486
-37025.2713,18132,-24392.7202,-94798,36698.5374,-67065,67640.6010,75367,-78270.8137,70113,-7383.8035,16112,-48210.8350,-1067,44349.3236,93219,-50198.5187,-32509,82550.9101,25396
-62171,-39314.2493,-39167,46923.8164,33920,-48599.3960,44938,47006.3724,50131,-27536.5708,-63352,467.4373,-55534,-73394.9203,50824,-99679.5593,-84606,4234.3689,-38162,-73153.4769
-25086.6926,-14140,-41033.1863,92228,46377.0479,41115,-75638.5473,4943,13161.7608,-11925,33903.9316,62114,94416.1065,-37560,-3606.0751,-22495,-23787.3661,-91961,62902.4941,78905
-86297,8947.5201,64279,-34096.0133,-64785,47260.5691,73464,-37435.5142,-69939,-19662.2502,40520,-79320.6183,71338,-73411.4814,-5656,73882.6713,81762,-35517.9946,-19219,48231.5227
60841.2716,-4504,71980.5571,71811,58462.3188,-25258,-63569.3779,10984,7375.9858,8666,10403.3121,-63925,15210.3485,31411,-62112.5324,45732,-52908.4838,57508,-93489.8837,42698
73807,-57441.7774,92496,-82563.6108,57356,17244.8783,-28420,51286.7523,-80776,-30702.4559,-43193,73463.2666,-76497,-71719.7782,-85774,27525.1868,22427,-39580.8642,25375,44223.4218
-88638.8329,-12679,60999.5028,91998,-96086.8964,22881,-2263.0281,41388,-41866.3665,-30508,29549.8859,1586,-53956.5659,75958,93298.7080,-69128,-31608.7456,53740,-82624.1749,27384
73788,-86806.8439,14897,-5177.3087,94949,-23830.1336,51736,51403.7994,-66774,46123.8750,-375,1565.8106,56006,-52801.9326,61110,-95315.5713,39320,55260.3062,62183,-84692.2502
-65763.1940,-14869,-57870.0541,95290,-14596.5949,11927,-11167.9924,99684,38000.1937,-32180,9883.7632,-76580,42912.1937,60371,-24709.7941,55232,86164.9053,-45177,-70575.8031,34575
-21913,52154.7664,56246,88999.1390,-68212,-21924.0210,18430,9645.6595,-86725,-99704.3937,-42571,5800.8754,93897,-21671.7839,37835,-56286.2968,75042,81553.9125,96143,-439.2637
33170.1821,-23047,49310.9358,26282,58224.5223,-48298,73637.4192,-78946,57830.5632,7115,-16622.5442,-34372,-72390.2214,28683,-12028.7969,-25895,-23499.2083,54047,62778.1591,84829
17918,-89601.5020,76783,-55262.1243,93220,86776.9973,-90013,77493.3353,-39123,25237.3068,3208,-16148.1503,-31955,-34648.8155,89113,25762.9796,-46374,55405.4517,81887,87703.0367
27197.8190,19446,21410.2844,-81992,-48577.2961,-7561,39001.8968,-42934,-86222.3553,-62640,-45664.5822,70321,2347.9752,98189,6795.7129,-32950,7907.5346,53550,20611.1483,-45751
48854,-3359.4774,-61152,56579.7402,44040,72716.8934,-61406,-36399.0561,-67118,-80885.7244,-50557,-6962.9765,-42847,-8577.4470,-91235,82455.5267,74453,-51736.2432,73180,86404.8670
14553.3772,54633,45418.0134,-93828,20386.7729,-89827,-66625.3617,-14162,-2844.9510,-51874,77004.4691,-37219,-11218.2674,-58974,-28771.1436,-77243,250.4114,36762,63109.5000,10170
-52847,-91146.5536,68320,28605.4821,-30915,-52982.3973,29002,-91165.6180,-3635,4367.8770,12929,82468.4556,97701,48978.0725,19356,-37093.7908,98032,97616.2946,63476,-65163.0226
-7328.6222,45283,19151.5704,51892,-69189.4820,93743,-6881.6607,-47283,85752.2133,88398,59197.8847,-3038,46570.5248,-62864,83185.0820,-84229,62880.1434,-84141,62834.7883,1128
69094,21710.4038,83271,-79834.5872,62623,33906.1540,-48965,51846.8600,3488,-96291.3238,-56363,17107.7622,58969,-78920.2087,-1842,-22677.3273,85819,40928.0792,44357,18989.2682
-42216.3171,43637,-49422.9652,40797,82945.1283,-20723,-36170.4986,22123,15574.6649,60227,63015.2594,10823,37811.1540,30387,31110.6138,-4871,-18264.4223,-4341,22366.1858,-2570
99539,63135.3675,-90684,-3551.3409,-83236,-82655.6504,-72210,1624.6277,44349,-26100.7113,20710,-78050.3539,24864,49370.2308,82629,67465.8888,22514,-6068.1441,42182,-21123.4469
-88202.8645,-2591,-83835.5264,46455,8598.4280,24274,62533.3032,-30106,-87244.4830,-27445,-85276.0867,-62149,-3250.3173,-88387,-63408.7087,72854,-72760.2155,-61732,68409.7628,-43106
37331,-56478.8040,30038,-92665.3274,-2704,75530.7265,88010,54721.4557,-71952,-34530.4483,-11147,46346.1367,80082,8457.5360,97365,-47713.6654,-98176,53729.2301,44073,27010.9534
92126.4238,-15165,-62669.9264,82539,-159.7524,-73592,84646.2624,-21196,39064.1296,72980,53811.2988,89707,-5028.5743,-43181,-45823.4041,-38346,71972.2870,92493,-23229.9285,76992
83607,53916.7066,10534,13941.7551,-30156,66510.1539,-64242,52045.4498,5997,17360.6752,-99419,-74586.4103,-68529,2211.3145,-29254,78019.2228,-79762,34951.6556,14192,54128.3190
-20556.1361,-78939,59426.2412,16481,-49879.1954,80848,-84106.9440,-74434,-26891.9172,5464,-57061.3052,94837,-99876.3470,-61103,-36199.2047,66870,-10936.5095,29212,-17935.1597,-54876
-61455,66316.3507,30878,-69807.9406,56995,61911.6604,-77352,-73183.0628,-6092,87759.0360,-40409,74643.9997,98137,64525.4151,-72270,-50705.5663,-10951,-49625.8380,-45948,4041.4644
27400.7914,-5355,91267.7198,-55145,90934.3475,47867,51968.1227,4194,18062.2055,32448,-91512.2919,85348,56474.5974,-12368,-70616.0890,-19445,99889.6248,-75995,36190.0316,86756
-35280,24793.9237,50156,95720.6574,-1180,-7421.3695,4773,-60309.2955,-85114,12872.4805,32239,68646.1395,47396,-51491.5406,-95770,-32363.0193,34020,13048.6634,30264,15246.3871
-95780.4768,33055,-73130.3761,-26534,-91979.7909,12395,-10359.4074,-31223,54393.6506,-50610,-36081.3187,-66512,62566.3566,30934,-13704.4237,69518,-84415.2851,-74795,48336.3120,90334
-47736,28425.3182,-69272,-29790.9288,-38012,-57881.3387,64565,-27306.0096,61804,23674.9779,75898,8558.6164,58711,5620.6822,-32027,-16557.3524,6014,88019.2214,4267,-77338.6916
98557.1356,14205,-40801.0010,72659,48192.5619,57219,92828.3713,23928,-18007.1600,-68050,5460.4573,-46426,51824.0683,47448,34301.2852,-55312,92275.3747,-74588,4571.2406,94122
511,74651.2098,67761,69606.7007,83312,64022.1895,70786,-58379.7059,-8165,-1192.6159,56049,-12916.2759,38158,-39191.2180,-18654,-41312.7883,-83315,98193.8142,87903,29048.1354
-89041.5517,97910,-85489.8106,51162,70290.5057,16951,8502.5534,-42298,-76772.5518,-34380,38711.9938,-57804,-56746.8406,61087,17008.4952,70884,-54840.5655,99059,96586.6501,17800
48512,4606.2635,-31274,-41911.4047,-42876,29738.4341,25254,11712.2259,-53565,43583.4818,-89906,-43376.3525,11007,373.2894,-39855,-51016.4545,67799,93182.1258,-31937,68968.3457
-74026.2084,33344,-75394.5672,-7979,31413.1031,-70630,54396.3920,-59885,89830.8129,-59733,-66926.1873,92121,50198.2874,99877,-13143.5874,-96320,2025.8535,-54931,-13384.5477,-87196
6096,-67424.8240,-33871,78171.4654,42807,51164.9419,-99320,36969.4461,47156,45912.5567,-69468,-38338.4377,79789,-82040.9682,99159,-59385.6276,-36406,-11661.2477,46018,97781.1452
47960.5258,72361,96506.9207,-37186,37370.4388,-42493,63750.9849,-28540,92573.9263,-46517,94313.3390,55516,31834.7870,-11211,19984.4558,58616,-14920.5223,-14833,82485.9202,28466
-16771,-77272.9462,87777,-54015.3749,-90335,-99085.1429,95928,34455.0453,-74704,8810.7439,-52845,6505.6830,73654,52970.1043,-46405,-82398.7691,63195,3659.2637,-45536,-1597.1600
12593.3380,72684,34224.5383,-78557,96688.4597,-78534,98808.4062,39785,-898.5722,26069,48226.0736,54792,-49470.3279,-37802,-73080.2077,-79144,-61595.8924,18558,47991.5589,11296
1685,46633.6849,-74044,14507.6439,-12076,5761.4411,9552,38999.1486,-77163,-29084.0187,82067,59507.8968,66490,16408.4954,-45870,4647.1196,63780,74448.8797,-45978,-5334.9661
17463.7040,60468,-12691.1230,-65524,31595.6294,-79375,85744.4369,3208,-56888.8681,-33858,18361.4976,-75785,-75596.2884,-29227,85486.2396,89262,-81111.1461,64785,75123.0531,20595
35223,-16534.2403,72158,-96978.1956,34993,5445.9557,23028,13958.1590,71641,62951.2562,-24999,60535.2610,31731,106.4359,-76157,-69709.6374,-55169,30436.5212,-85008,-85274.8234
14586.7071,-31383,47253.9365,-44591,7330.8161,-31491,28531.3044,-60140,-37371.9203,46622,-75056.2571,94670,13783.0781,97958,65741.8267,58717,-55110.2839,85945,-77298.7320,-79863
-37840,67904.4531,40304,-10513.3621,-19149,-89158.0546,-14163,54835.7729,4894,45351.4534,-31219,91814.3249,89297,-63552.4223,-47578,-43954.3518,2872,19633.7491,28118,45095.0266
23655.7305,40512,43110.6263,92833,-59757.6889,-28068,-917.6446,-86866,-94875.4179,15257,44264.6354,66531,-32129.0167,39020,77456.1788,70334,-94858.9551,32034,-74212.8156,-89639
74146,91383.9543,67984,6614.6665,-47640,-42427.6753,81521,15491.9420,-1198,-80184.9711,-88665,56456.8277,47732,96458.0410,-44660,-55073.9817,8660,-72114.6226,-83521,-80687.9898
22606.5108,43302,18789.7647,65096,46690.6022,36307,95962.6417,10339,64252.1552,20662,95640.3060,-69050,9037.8391,38885,46053.6262,68348,87574.9918,-31993,-58854.5984,-78604
86722,-96515.4675,-10488,-72614.6878,61803,-84090.7680,63079,64883.9427,35970,-85653.8585,-59833,-55688.0000,-79994,-17095.9092,-28009,7097.9423,89245,-2997.7403,-44404,79454.0066
39472.9165,23331,52719.0637,-7339,-51160.5413,48913,20499.1658,67159,91641.5590,54200,48209.0321,-49097,-17262.4852,-4723,93846.2023,29360,-44800.1692,-8786,55363.0674,92499
12871,-72495.6916,1282,-69367.9706,55504,17361.7649,-84978,-50997.9681,47234,7232.0260,-61435,-71545.3288,19646,-42756.5728,-30444,74530.4575,-88453,-32841.9635,40355,-27487.7067
-32233.5833,65438,-93918.7534,70958,-88323.5555,86045,807.7762,-37228,33959.8119,17185,-61885.1353,57224,-91219.2705,-76234,-93671.4187,96371,29258.4542,57493,54714.0130,-65112
51766,10264.3670,-72776,-96929.3689,72577,-2845.7219,6619,61351.1352,14169,-33236.5445,29262,78955.8806,-77449,43806.0945,15235,-8456.9710,79499,-68827.5294,-75183,72221.5701
35948.9107,66085,19636.5044,-29005,40010.8642,25222,137.4020,83779,-21487.4175,-87520,-69517.6899,-17390,-98309.5447,20233,-9175.3741,78190,-95432.9687,74120,-17581.9820,65801
54560,-99593.4873,-42080,62761.5474,23472,-85105.3618,72149,-48980.6977,-36212,46896.0762,97328,-6613.4826,-31153,-20442.2998,29085,-49026.9564,14117,21687.7075,-76915,64013.3679
62213.7715,-46923,25588.2518,80795,33115.9091,-82488,91297.9169,16021,38280.2629,-39540,-79267.2861,-51408,-1174.5187,-61727,-22796.9450,29195,54588.5576,-63939,87194.5757,70809
-33200,-59429.3522,-11518,11021.8174,-34167,5881.9674,74242,85510.6146,-28047,-70640.1224,-31155,66208.6475,36876,-28620.5069,-54212,14641.4177,69800,7433.4305,27158,73241.7033
-91438.5632,33911,89304.9725,31696,73538.3684,-9002,35351.7649,83367,-76567.6673,-88663,43525.0273,31175,-14819.1408,-57,56468.5146,-77801,9599.6831,23293,-30551.2592,-51081
66718,63926.7435,-96269,-15868.0968,-17664,2623.4176,46050,-84155.7190,5589,-84916.5700,12275,38842.0388,58570,-77809.0753,93777,-39983.1465,52187,80217.7680,72747,-17098.8382
-11011.5531,-8924,-73684.6297,-19645,-65618.3786,32161,46508.5455,65102,-25028.9293,-65982,50331.6948,10597,28979.2349,-66989,41527.2920,-85437,51173.2844,65467,-44496.0362,23570
98143,-93031.2539,77148,-99481.0945,12484,-35936.7646,-95889,-70774.7004,-71393,-69062.5469,91118,-5622.5471,-82555,-53821.9831,-1788,2657.4441,2654,12715.1803,85412,64185.4672
-85824.0230,-929,-29343.6249,23078,32474.9512,-87868,99447.9976,-38154,-59243.6336,-67028,-27640.9876,70065,-64659.6654,-90967,85784.1887,-17869,-90313.9423,91278,53542.9095,63028
35367,-1821.7229,93648,11596.9611,-99219,-53986.3574,50413,-53471.9904,19623,-64260.7713,-77491,-30018.9908,79147,-86420.4064,-5689,23410.1418,-42020,41102.2937,-741,25205.5337
59767.3500,-68368,-28740.5871,-92720,-41686.0628,57053,51605.3752,4991,87462.5116,-24748,-87113.3879,-40560,14779.9777,-24695,76305.7560,-8595,47623.8082,78363,-5966.4652,-50499
-37944,-62877.0922,69392,79318.2879,20772,-2885.5636,-97539,36345.8263,-72773,2750.3250,384,48122.0426,18126,37371.0890,2769,-33137.0723,-23880,-55405.9942,38899,87244.3135
33777.5877,79183,-26953.5454,-59737,8660.3913,7172,-75003.3626,-43368,46899.8956,-35695,43540.9708,79284,-73119.9918,34801,-1976.1542,33372,86313.5792,-49470,96903.9420,37821
53314,-13264.4568,-30890,84074.2937,-94747,-82813.0179,-31102,-7412.4085,-61682,-84213.5825,37992,8682.4167,11280,-3164.1353,87764,-55768.1445,74851,-34056.8320,-59724,-97610.8128
48008.8898,-7320,2125.9956,-13937,97695.5595,-38881,11139.5970,-75209,68870.1331,70279,-41272.6750,-38835,-52643.9486,81736,-18802.8647,965,7865.0199,-88871,6805.7479,79880
64461,-19645.2645,64425,-6163.2618,34963,-21504.9675,-30326,-22409.8600,-2123,-1173.7028,68346,93075.1264,-73026,23485.6400,63078,22889.2814,52599,-29226.8037,-25115,82791.9163
82716.8034,68595,73464.7165,97461,89198.6543,95315,7856.3402,32826,-31687.5651,64272,75964.2275,-68759,871.3570,93801,-19059.8297,6672,64514.1230,17951,-88986.8370,-60052
55325,75972.2156,4250,5749.5985,58057,-44941.2723,-2257,76656.3633,92276,-28595.8198,-73633,55173.1327,-97092,-87969.2019,93010,64132.3225,-82005,-71212.7189,-97174,45243.7679
-885.3216,-87221,-60297.3782,-98605,-39963.6775,24360,-44027.0907,-58368,-71654.5792,77945,-16979.4209,-91324,14859.0198,-50674,-90840.8425,-62595,-97142.8979,78837,22165.1127,-91442
48385,-51137.8650,-84800,26491.5443,68614,-96531.5715,-37989,28978.5315,95184,68006.9431,61327,-30908.4249,-7553,53173.1266,76362,54929.4954,-35427,-76751.8178,53963,-54993.4485
-31525.7471,50652,69619.2517,-35282,-42598.3066,-27269,-11088.0177,26388,-50398.0639,-92452,-68830.6175,-89045,-61970.0251,81002,-43645.3586,-71046,-96476.0449,-31089,17885.9089,66130
-97884,-26299.6906,70141,-29170.9426,-20496,-89982.9128,73691,74643.4240,10247,-13019.6447,-23879,66334.6682,-47109,-93201.2585,-9773,-30316.9282,60798,83657.4250,-86483,-64972.8717
97358.7906,-91840,-84807.0823,-98810,-38871.0635,58776,-98322.2561,-92997,28852.4953,18133,-64185.0158,76655,-62785.9482,19309,-98886.9292,-85892,23878.1094,42678,-47031.6746,-55762
93364,-40870.9119,93091,84975.7917,-75365,21951.4380,28576,-765.0570,-32523,-28008.0519,72132,-7627.6330,-41347,3996.8594,82324,-70122.0701,57559,-47653.3428,-36425,18308.4778
-57384.6942,-53048,-56471.5696,90649,89140.5724,-5255,61436.0018,-66260,-7703.2442,-9541,14075.8588,-92749,-59706.9769,41434,46149.3751,45730,70630.3131,25521,-76599.5141,-63065
-67538,-10001.1612,65391,-28072.0959,82468,23142.9622,66435,16521.7753,40363,-28681.0309,-97970,23956.1406,-57512,-67736.7469,94299,41056.4086,91887,95524.4993,-36339,-46144.2004
44851.6547,-97695,-82460.4571,-89729,-85476.7174,96157,82611.8774,-51225,-90771.1441,74704,66779.2029,-3338,30013.4787,-54846,11677.4084,77186,-96902.2248,-76998,-41311.1577,-21882
-90109,14092.9409,-72247,60053.9203,-18387,33420.3289,11198,-7037.1657,-55925,-52697.4589,68462,95775.0349,-68750,8288.5090,-27450,30061.8706,62652,-2855.6739,71408,92731.8214
77547.8202,-52656,-7731.2457,29001,46358.4049,83630,18929.8054,86875,97686.5153,35980,-97815.3644,12955,-43406.7879,-75134,21523.8266,-27759,-62582.8489,84485,17257.0431,50022
58979,-24130.1494,28767,56930.8482,68682,-35147.8659,4400,-96972.4530,-66143,-80335.7244,94619,82774.7719,87996,63822.1751,72621,-9970.5038,-75095,-89199.2129,-16494,-93768.2816
-8093.9636,11847,-34590.4613,35904,34232.9603,42643,-60014.5536,93167,-16660.7045,4303,-64153.3418,5069,-48473.0784,65444,-97833.7386,24142,89037.7808,28022,-70259.5395,63531
82983,37998.3059,23328,-21691.7389,89683,-51799.2190,-6484,-60777.1181,-24295,-75369.4978,79378,-70817.4747,-90985,31997.5544,59764,-20018.6733,30685,15322.5351,-57743,70771.1557
75209.5227,-63273,74342.1159,-50712,-96109.9583,9595,-15144.3152,-68547,-59970.0353,59737,-42661.6940,99836,-21487.4161,94431,-63900.9041,12477,-77623.1722,9034,78442.9051,-10995
-19282,-34436.2488,89671,-85859.3868,-52123,-49858.4890,-94412,-25016.2553,74692,74678.3989,-93342,-4310.5971,68020,-78881.1431,13516,78507.9247,-98209,-69563.2599,75691,-22713.6476
-46227.1053,-88669,25222.8584,70360,47956.9446,31289,-75108.5870,83906,-70781.1009,-52953,78516.3593,-44711,51019.3330,-44591,89200.8951,11892,40722.8263,-34590,-77154.1504,16902
-64860,31880.4286,-1416,-66221.8240,71628,-69171.4547,98332,55383.7030,-73559,-6214.6142,-51974,-35465.4681,-23538,31710.8385,-40140,60609.8006,64794,81990.5360,-58125,-96197.1318
49358.3217,83998,-32106.3830,-27402,87732.3877,617,-82844.0890,-40483,-48251.8829,-76913,18238.3756,-47934,21910.6798,-32703,69293.5130,78917,-87571.9420,19430,-62797.1393,-12893
-58216,-42699.2311,-71038,-51539.0143,-3783,-62058.7020,97737,97458.3756,-35801,21779.6957,60415,24134.8049,42974,-8502.0442,-90615,54517.0541,-63811,6875.4318,-41858,4122.4923
6041.4565,-21680,92327.7733,-21158,72469.4309,31298,52167.2310,-98928,15332.6632,72341,-11377.9101,87260,80436.2575,-93686,-13324.8324,49320,-90732.6516,56947,-48389.9307,378
-143,84836.9240,88413,-90425.9281,-48997,-83471.7683,-55551,43386.6029,-42716,14576.2914,-67319,48158.3563,29181,-59842.4897,-44540,39410.7088,-43097,-13576.2212,26989,47658.3863
-60699.1866,-96323,49210.3877,-186,73776.5943,22009,47540.1163,72934,59751.9745,74471,-17256.7860,58885,83370.6266,-82149,65250.8526,92464,23035.4755,-9886,73672.3851,-19119
52661,56113.9045,-72764,95598.3618,-2314,54966.2976,-50996,-84460.8626,26616,-54526.9457,-56237,11361.8961,99303,-44318.9391,-26427,77971.1518,81213,17279.6955,92472,-11527.2201
-33246.4330,97489,-18891.9988,-58992,-38595.4035,57580,83877.7418,-97373,17795.7261,-79427,98495.3680,6903,63708.0929,71026,-96763.2397,10041,27293.3732,-30522,72276.4277,33261
-88396,-15951.0679,86088,-51340.1559,42238,-89066.6700,33771,-87114.6245,41310,73047.1665,2298,63775.7018,84184,43262.6778,9171,55865.5058,700,69464.4038,-50394,-75218.2867
-3506.9879,27054,-61376.4641,2042,-12185.0752,-9520,-97691.8209,-51590,40385.1323,-5303,-37650.4786,-24641,-9883.0409,-803,-34807.9847,95539,26130.6125,82524,75800.7327,33659
64252,98531.6474,25465,55580.6271,52266,15279.4438,61198,-22643.6511,-33487,30761.9156,-46650,76477.4565,93494,-92816.0743,40043,86562.2387,11489,-50997.3407,-19576,55212.0186
34669.2019,14323,-69928.2598,8653,64448.5759,-48743,33460.1034,29093,-31406.5628,66476,33819.5879,7127,-17587.7174,-85591,-96936.9399,-11640,-6788.4605,91671,92345.9802,-36748
22666,-37340.2419,7936,94430.6255,81494,40445.9143,8055,-40186.0779,12446,65079.1218,28035,24283.6954,-50101,82788.0199,-37317,-886.4349,-84792,-90936.4531,46254,-45576.1962
81475.2803,70322,61467.7240,-879,12818.1457,17068,-87281.8502,-13279,54711.5757,65305,19025.5495,15061,-48916.2134,-74139,11430.7600,90738,-77241.8990,-46332,-45107.5940,-46007
35301,66064.6332,-82059,-71350.4836,7167,1104.0530,-79034,-40216.4450,-47464,2752.0269,513,30730.7404,-66431,-29030.0539,77902,22949.7044,87465,65776.7865,-88625,65358.9816
-42113.7050,56164,-25379.3539,17052,-47610.9563,-85510,39891.6494,37819,-44757.1394,-58800,35392.8861,44128,-92053.3728,-83882,-89972.4754,-56334,47815.6489,11439,-80890.1667,-61107
97093,92984.3965,331,63243.4393,-35844,15436.5562,40907,-18329.4140,-58104,74154.1992,26644,-6454.6684,-51159,97069.6882,86564,-64183.1565,1690,-16506.3688,61422,-11506.1583
-46236.6280,-42732,-31422.7676,-94198,88870.8568,-73914,24527.6756,-16944,86791.2009,-20712,-33359.8040,-658,27492.9963,89278,33136.3400,23097,-21367.7899,-95967,-35022.5977,28120
434,-74637.9035,-97912,-4142.4436,-21736,-61388.6841,5278,31825.6618,80221,-13078.7291,58426,40713.6085,-34202,-30834.7872,-3597,-21357.8082,56413,42233.1873,-87783,97066.8461
-71554.5024,71935,-52506.4851,27944,81405.9766,71519,91513.8425,-83326,39908.7068,-37341,-57934.1020,55142,34618.5739,-63054,-57482.0188,-5926,58766.5921,-40954,-94153.3021,95173
12800,49815.6269,25581,-38783.2228,37989,25752.5620,-6886,-35141.3247,-6216,-43108.3182,56882,77276.1678,-61223,21008.8033,99447,-15981.2857,-61149,-37788.7110,45996,-71952.7206
-92715.2642,81183,61786.2279,-89716,6547.5655,446,-90240.3675,59796,516.1352,-57425,81260.9606,34524,-55835.1288,-98116,-83614.6059,57408,42321.1168,-70120,-6036.0166,84379
-39644,-32702.5479,-77166,-30709.6246,-20787,-40797.3227,-84156,-96177.2609,-87356,2452.0443,40477,-99065.3703,-88767,-34857.0369,56884,37690.1462,-41884,-18433.6057,48970,-28882.1299
64839.1966,-96876,-76276.9023,-43794,82739.6930,85831,-19558.8566,-5493,59811.9309,50312,6490.5448,-19452,-19872.8209,-8089,33608.5601,-1876,-45230.1248,92497,5241.3106,-61302
24342,-42482.7699,-89022,-61743.3864,9659,-61365.1221,-2627,-89299.5312,98000,42308.0509,12032,62342.6993,-16990,-71630.2930,78855,-11309.2563,68047,84129.7651,65818,-79055.3371
99138.7754,73781,61971.1010,-2244,-22370.0837,-90634,44964.5561,98269,74543.4431,99965,60967.1900,69049,-1447.8721,-4170,-84276.7005,38030,97686.7045,-70618,69219.5494,8258
80731,-35630.1327,-33500,-43550.9861,-13380,-6713.0673,-97232,-55558.8279,-95111,54505.5953,17447,-29699.9468,-29544,-53113.1596,-79450,-11132.2414,45874,-70244.5784,77496,75335.4803
-42696.7704,-61751,-65932.8653,-10558,-74349.6163,97929,68790.3233,34953,53791.6861,-68020,-75445.6125,-65492,16890.3700,-11240,3887.3119,16350,50247.8146,-96606,16433.5526,-89679
92296,-95526.6365,8261,-92497.0325,-94428,-1224.2941,77533,-40977.7794,40885,1325.0470,-22739,-26473.2881,79012,-38258.4054,-54540,-65948.2002,-96943,77900.6231,81053,-36105.1784
-8949.9787,-51411,-92513.9807,66442,17216.1211,89350,-6260.3065,13520,-40706.6329,8212,25887.1358,-17600,-568.9847,47440,-67172.0649,-96143,41079.5142,29588,22281.5864,-15971
-23889,-81650.3302,52692,99648.1822,8020,45395.2401,92689,21410.4993,-27120,-18254.5723,-43477,32320.1717,-79174,91136.9992,-6046,-75475.2003,-8456,-56602.0145,-47117,-18634.5272
44086.9731,-22213,-53401.1641,62895,10204.3722,216,-70808.6786,-54201,-63106.0731,-14040,-65542.3541,-17867,91142.8032,77189,80085.1982,34407,-65100.3318,99176,80887.1064,98109
-75729,-65775.0067,11801,-77767.0177,-39807,-30009.5445,-8861,49624.3849,57205,-16836.4042,51049,25091.5351,94833,73196.3331,-8940,-2298.6275,-74253,-46666.9625,-78466,-44360.5720
41088.5531,46700,-50360.4055,41383,91128.1487,-43132,20768.2280,95262,-80303.7968,-65922,-13560.0245,97018,79131.3734,54412,-39753.3587,-6220,1172.9858,-5342,-38941.9446,-52533
49179,24899.2929,18189,-70657.9484,51503,52443.0647,52974,-73618.1312,6438,18070.3188,-15580,-47846.9175,25717,-66119.7414,-58690,-17372.3093,64077,-21162.1414,-91450,-61862.4626
-87971.4661,50817,55573.5539,-81303,97645.8771,-92697,-70527.5027,-2511,14977.8318,26612,-6747.0620,-67821,23473.2332,-7089,91522.8736,-29570,-95852.3269,15269,94930.5187,70077
-25274,-85438.6169,-18217,41965.9742,92425,-59839.2341,14586,-79129.3556,-79631,46991.9309,-8806,-47267.4140,72995,2256.3439,-78355,39413.2368,-51909,90218.2675,84368,-88798.3732
46103.2314,667,23358.0416,-48655,-87532.9505,89601,71467.0389,7122,76693.8353,-68931,18512.1640,-91803,-40098.2838,28488,-30767.8882,-40738,-16128.5344,31350,58686.5312,67165
-9084,-44332.8401,10780,-41751.9620,89726,-60144.4139,41570,84849.6211,79849,28500.5567,65975,76575.9393,-60774,-68764.5523,-57267,9675.0448,22261,5798.3401,-37033,-1416.3005
-95841.6252,14916,-71283.7237,-514,88279.2795,92976,-42089.7553,50745,25109.3294,15723,73764.6714,96623,31268.2394,62903,81104.5944,34563,42833.4240,12529,-87274.1457,71054
17343,87388.6905,-78279,-590.5398,36788,-42367.2815,-28684,-55471.8041,-48345,-42885.2037,-62686,-32068.1950,-17589,25564.0890,67907,-57759.8032,58695,49568.9397,16759,-89267.1893
-85373.8859,-14009,-23902.6418,-66478,48876.0625,41214,-24223.7977,-70289,-96581.2033,-6078,-75781.7245,9228,-65492.5037,-95029,64952.3324,-99384,-29722.4771,-4145,73200.7170,-58715
-89820,-31759.5427,-15805,7549.5523,40271,23587.9147,90890,69109.1915,-94274,54487.6842,-78138,10272.5440,68001,27060.0867,15947,-43796.7960,29708,-50762.0026,4281,61532.9006
-25034.5938,-33756,52911.7061,-25688,-39807.6542,-59203,94422.0648,45989,-97025.7777,-186,-82290.3526,41292,-5150.3961,15046,37437.4619,62300,-46517.4597,1040,-60895.3112,12806
-77238,50281.4892,68214,19307.0964,-20496,51073.1996,-77961,-85429.8806,-50977,-96698.3471,83854,79985.9875,-15120,-39786.0514,-19323,-5908.1989,60349,-80235.6804,93715,-1022.2687
-2340.6320,56902,12997.1242,5313,-8261.9615,-56184,94098.3304,60072,-7189.0294,80090,93999.0844,-5182,85561.0972,83923,-38644.8304,25241,23788.1804,-38080,-32820.0360,76925
-94539,-72831.1909,86233,50884.8672,-12258,28066.2742,-81923,-12870.4500,-87088,55654.9633,-71896,78183.2020,56979,44388.4050,51538,73520.0710,-6317,-57706.5822,-45645,-77389.3585
-84086.6556,43237,-38830.3300,11697,87403.5196,4156,-23881.2677,-41136,77891.8898,-56663,-73788.5217,46491,96937.0167,91869,95519.0025,91873,79057.0637,-93091,81657.7794,56409
15878,69512.0179,-76272,28010.8060,-5942,-68803.7771,52041,54972.5069,63418,-20020.7309,5320,33513.7215,57840,-23783.9387,15046,-49686.8975,-89675,97966.9325,-61967,-29094.7919
70826.4626,-5233,46522.0009,-94080,-56082.4093,-2938,-33348.4233,64868,-88722.9346,67914,21021.4040,17323,57381.9487,-17664,50314.8725,42138,86078.4567,57890,61020.7203,-53291
-1179,-1854.0681,12865,-2210.1981,-26627,83685.6822,52394,-25950.7204,26536,-44094.4937,-43168,85034.8050,98853,-49018.4190,-51006,-77863.4727,17862,14211.2493,36951,-51482.4057
-28850.8823,19309,-34892.6029,-17170,76095.3701,49413,-60262.5994,-41818,61385.0938,39251,21174.3455,44419,-43549.7624,63984,-14058.3277,-15287,-94554.0640,-8860,-38214.8062,46790
-21246,-96970.5865,-74264,-95992.1274,-17097,-46247.4560,55663,98152.8270,-82561,-33344.5778,-27302,40187.1936,-9172,-2632.3472,-88418,29694.7142,-66475,58562.9360,-50211,-75607.8571
-73675.7226,-76647,90825.0151,38322,-34703.9767,79969,-25023.9143,46844,-42131.6107,-75882,76685.0089,97418,39864.4760,-60284,85487.3823,-12462,65965.2252,45026,74709.8206,-60472
78759,-77395.4613,82311,14388.2036,48949,30657.0621,76911,32004.6104,-14359,-9977.1789,11584,-52262.6910,-95047,-37327.1390,7608,79412.1771,77015,-81658.6717,61374,-73443.4854
-11736.6551,-87540,-74342.2314,-66483,33928.7499,-9942,22593.0181,-70059,-86818.6824,-45383,51634.8032,40769,81226.7867,-77054,71732.3965,0,13455.4294,-21258,88867.0898,15162
-27465,-27248.6816,15484,11891.2152,12649,24441.6310,-76,-10715.4152,-21579,780.7904,-58265,-67583.6275,-33455,20449.6064,-53211,-54176.1570,4958,-9745.2599,-92305,9206.7328
-22014.9133,52648,-10262.7822,-90588,12410.9985,49103,13785.8891,78698,-99431.3609,44221,-46328.2541,-59468,85721.3898,48863,75814.5220,77579,-24057.8702,-26955,-73825.2265,22515
-37278,97466.3523,1260,75644.8041,-96199,37576.8785,60780,-53453.9832,54436,-41040.8141,-21187,12573.8821,-43343,7917.5635,-77492,-98434.8679,40165,89672.6099,53405,-87894.2595
-91349.8498,-35063,-8956.8962,-33822,41167.4726,80118,7611.8088,97702,50598.1132,3385,81731.2426,99024,-45179.3912,-81228,-6747.0363,64107,36522.8460,67898,-37024.5750,-56881
39879,20768.7854,49204,35676.1508,-52624,-16814.6624,-40444,-46639.7605,63621,-29350.1530,27753,39793.9721,73759,-37762.2427,68424,93165.3045,4860,10704.1625,-60362,-7460.0248
-41326.8493,70517,-56731.0722,-70811,-19304.1410,73,70449.6027,52743,83327.5313,81048,-76343.0335,45663,47875.0667,-55171,-66195.6729,-92547,-83811.4603,-86455,14625.7151,86206
55486,14564.3958,-70556,5689.1006,1949,-77077.9700,-65949,84167.6943,-84257,46000.4116,83576,-20070.3490,-2585,72425.4005,-56510,-38532.2292,-35789,-37799.6822,15048,-59731.5704
37303.2888,131,-27406.7537,-93027,-43797.6868,73949,71621.6719,-57791,57892.7625,45551,-14504.4985,-95882,99472.0123,93835,70750.0607,94689,36476.9005,85441,-40223.1760,38798
-97553,53171.9705,-52179,-17937.1419,-74894,72129.1013,28144,51244.3550,-65633,64697.4449,81613,-52495.1301,22031,88152.5373,38743,22803.8541,83894,-91974.2614,-28750,-69346.2766
-41463.3431,-85196,37791.3424,-82046,-3018.3092,-29490,35084.1828,42068,32007.3635,59047,10124.4051,-58576,3740.7676,2088,33189.1858,-10639,90142.8249,84578,53956.4436,-54996
57755,4512.7377,-95054,8816.7616,56737,31881.3750,-61304,66621.5825,-62335,90582.2252,-24069,4801.7340,-77835,-32639.5064,98752,-17750.5119,-34903,-71312.9844,-68405,60582.9837
82679.3290,59193,-58700.3503,-53668,11868.5704,-39626,-27782.8738,-77924,6108.3515,-35911,-24724.4930,45447,87073.6531,68278,-15999.9028,-38523,16084.7760,-38646,-7679.9279,53795
80519,-26827.4526,-66150,49749.8099,19630,65458.6028,82192,42293.0799,-32013,-20177.8952,28309,19916.7284,-97130,3950.8756,-32624,-89527.6536,-20678,16020.0947,86315,-16536.5059
94982.7490,26810,-46590.1495,36452,64321.1348,-44734,-8423.8743,-32724,61485.8630,-27421,17181.8068,97142,-27478.5937,86706,23742.5669,-43806,70590.1511,-15217,-19460.8964,81019
-59374,77901.5602,53628,-74780.8360,71591,29418.3514,-66699,-24102.8408,59370,-72402.0647,15388,35712.4262,67638,-24696.6769,-38273,-83514.4907,-16231,27968.3395,16498,95019.2732
2109.1629,42374,99808.4913,-88201,-79175.5974,-44243,83587.4832,-3827,-869.5768,68858,98655.7381,9859,-22161.3814,-84317,-17952.4836,57906,16037.4638,81238,-63574.9266,15969
5131,66893.8437,-3133,-53356.3358,37355,83800.1158,73985,-78627.0266,66258,41179.4078,-70826,27344.5203,38161,-52759.4497,73810,-91575.7304,-39026,60520.4491,-62858,-56474.3621
-97038.0378,76675,-41353.9052,-80549,-6524.6097,34128,-65243.4778,-93337,-28701.8497,14442,1514.0636,52899,76856.4238,40900,1327.6902,-52105,62868.5366,-89061,16128.4589,74593
-5830,24951.2796,86515,45417.8829,-81701,449.3328,-66223,-15908.2075,-68775,43075.7113,13127,5903.0685,-99116,-10814.6561,-43229,-60508.0379,-97352,-66232.3253,-94016,38334.9934
-73285.2703,63396,21119.6639,-49450,96576.3905,59686,-28831.7707,56392,76842.5464,85571,3404.7759,42124,-42133.2016,-33907,-49565.8563,39614,82584.9173,73123,-66676.8679,84961
-13110,-10671.4721,90425,-49895.7183,58041,26310.6124,11301,-2378.4807,67203,28455.0992,97226,-54132.7029,-11646,67527.4178,-68931,37773.1347,23696,65135.9596,20498,-55362.5815
78180.6526,-14714,-29427.2991,-19391,-80403.2146,-77044,-37511.7360,83699,-87153.8780,92660,-37293.0649,-91260,56219.3994,-87214,6624.5752,72435,79292.7394,-87652,45575.5235,29109
-824,13622.1637,93209,-66763.1098,39112,-23458.7704,45349,52516.3188,-41130,21238.1687,8406,24856.4906,92717,26836.2568,-15462,-59421.2006,16354,25619.3913,92171,-84803.5027
-99998.8327,15092,-79847.1890,58862,-3249.0556,-17546,-48674.8724,71858,-34404.4793,-12164,53658.9409,36316,-88024.4416,-4175,-50392.7561,11149,-6676.7128,-72538,7283.7834,-25752
-23107,-93450.1669,-48341,-1048.2074,5471,38210.7684,29326,-31663.2225,-58609,56520.6061,33466,-60019.5161,35109,18212.2356,-41129,49366.4280,779,51117.5274,32937,12325.7250
99011.4022,-92986,41268.7719,6434,64107.9332,-31119,-17971.3566,-19311,-31575.4640,2874,-68584.8153,-61896,-94484.5837,-92965,-10178.1856,6278,-65758.3734,-45723,62637.0047,-36887
-90004,-98561.3781,-46411,-32149.0750,78745,53326.3232,92408,-57647.7304,-85775,-60637.0939,44527,-98449.5200,-34820,53759.6746,-82345,-97078.9605,-64527,57304.1779,46106,-61454.6094
-49873.3543,-10693,24369.0196,-79177,70424.7412,-46489,22980.3554,-97617,82451.4942,44212,75576.8812,-55081,-6472.4126,5057,74645.1589,46928,90371.1415,19376,-2021.8745,-73001
-13022,18119.1807,53580,-90670.1931,-17843,60236.5129,33300,33512.5185,6941,1990.2294,62911,-11089.0842,-49973,37836.3801,79299,88323.0062,-60588,90164.8959,57782,51889.1709
6870.6340,-29783,90477.1971,-31300,97348.7789,-82396,40750.0506,-70601,-13377.0647,66437,8783.3115,-89699,-87356.4226,-52280,6147.7359,12974,75721.5374,-5936,-21147.6503,-85754
21976,65703.6702,-88931,-76449.2935,88525,75478.9278,-47282,-60199.6003,78612,-85262.6403,94919,-7513.8775,58114,81244.3888,43050,85744.9090,19482,-85097.1081,34771,-11879.3687
-49442.9460,-5648,38950.5886,-98981,25195.0927,6362,78318.6219,-22559,-18382.6231,45849,33878.6802,-85981,48048.6097,86806,-26936.4320,21303,25850.9813,53486,-78184.4931,38195
-94809,81754.7288,-18449,62577.2433,66188,-36864.3756,72330,20778.8861,-63365,87666.4416,-70235,3574.8678,76661,29011.5341,37295,-83269.8151,26127,-52386.0361,-53207,-21257.1837
63072.4106,47187,-48638.7645,-54477,-82693.2403,3380,-63500.8136,-46702,42608.7433,-21199,86664.4186,-7478,5533.4177,-89518,78488.2945,64681,5634.9963,-10377,95339.8121,75165
-73690,64122.2929,7278,13810.1950,64183,-41514.5837,-75804,90360.9948,50069,91263.9328,51137,99830.5495,51946,27418.4900,-10178,84360.9455,-24754,-96857.7882,35471,-49855.1137
81317.0055,-47885,-36983.9924,-44210,-12832.7202,91380,-88224.6069,-83869,93701.0913,9958,-90647.7150,-76291,-74935.3875,-69440,54397.2970,36455,-36791.1910,-60179,92883.3902,-16955
-20954,-5647.0605,-59511,-146.2229,-73745,85818.6676,-39571,-11347.3810,-67167,49496.4358,-2844,-6542.9092,10710,-25691.3559,15611,-17679.2630,38183,-45295.3945,95147,-91971.6908
-84252.4920,94367,66165.1268,811,-97740.7902,22217,19488.0042,-27086,918.3896,40469,-91996.9175,27547,-66056.9542,13602,51928.7334,13754,72566.1785,43879,-19403.5059,70578
954,-47283.0945,-51558,51765.3084,77770,77395.8926,-40157,33164.1708,-9397,64566.3928,81572,81917.2258,-46887,-64846.5591,19280,-78308.5329,-51308,74924.9780,-12699,68442.7116
-61694.9543,-4861,-40834.2821,-90506,65734.2663,-30586,15896.9532,92436,55618.0734,37920,-43713.2776,78999,-48766.0634,-67852,-51587.4594,47801,25418.2919,4553,-91211.1956,-5252
7804,-38626.7208,-26523,725.2905,40728,52855.3804,41727,-17611.4183,-5702,-63353.6356,-11994,64309.9164,-99642,-99681.1987,91062,35844.1857,85844,5099.5951,-18985,50534.0061
-57937.4999,-67096,-57063.8482,-55697,-97021.3368,41337,95154.5287,47080,72925.1271,43884,99848.3599,-49930,97634.7538,68097,87675.5987,98619,-73519.4883,13508,57599.0530,71916
-32476,-45941.0047,-84512,76046.7166,-9338,-18252.8420,-9913,-97319.0093,69566,8480.7944,-73592,9832.6010,87178,-60594.8239,7802,-98703.8279,77807,69770.5120,73417,9828.2627
-30144.1927,48542,-17847.1123,16537,-26609.1507,-92485,-22313.3916,-39634,-93874.0188,-90462,-46714.3094,-58940,51573.9649,-36691,86261.0849,32304,-23665.8180,-25498,16026.1049,-87982
-94290,18270.5791,-35907,-73672.6659,65821,40319.9009,-60401,-45076.4216,21201,62401.4242,17359,-62742.0624,-70540,-13050.2206,-85317,-95684.6391,-79893,-41796.6992,81468,-52891.2450
-21641.6428,23026,-15103.5657,71034,54507.3168,7575,-6995.6723,-3859,-30722.6912,-197,99362.2400,-1486,15621.9535,-91458,-63860.3557,-96079,-80662.5080,-79440,-47536.6588,-48717
-48731,-65771.2627,17059,92542.7932,-92640,-8651.7065,-50880,97870.0741,-42388,19449.2532,-57951,70703.1811,16197,-64453.4583,-93557,-30214.9760,91875,-30806.9892,18079,91019.4897
21315.8574,5953,-16932.0470,-19155,-59991.1260,-61697,11025.9232,-64252,-52230.3045,34258,-49961.2728,76652,-18798.5114,19813,-23728.4863,82563,-26963.9992,-92764,35768.0141,-21983
-93051,-24506.2191,51546,-72575.7579,-85328,-47018.3391,58038,-84300.1764,53206,11371.8000,-64283,26650.4097,-73734,48146.9480,8181,42794.7128,24789,-12608.1922,-75434,1624.7323
-15973.8245,-72530,-43312.3082,82867,-81598.9937,-93102,-18868.2075,-34811,-98032.7609,90274,-92672.0496,-38477,-9468.4546,-17158,62882.4280,-36235,15071.9109,-8146,31136.5144,2149
-18951,50813.6798,89156,6867.5608,-63692,-98588.1439,45174,61065.5745,63689,25416.9115,-63774,76415.3436,75689,-97587.8382,73857,44519.9590,-68750,81676.6688,60715,35624.1589
-18812.5437,-33752,10621.4874,76103,75087.2820,24888,16455.4146,79948,11668.6281,7537,41262.9847,-99236,-65160.4052,23166,83232.5963,71763,-9534.4259,-76136,-37199.4526,-93456
-81967,-22096.3136,-42640,-8441.9332,30668,35925.6796,-2670,73731.0935,-50640,57082.5035,20749,-98346.4654,62505,-64528.6505,-21809,-47604.8719,34145,-96266.2934,96644,84566.2560
58342.4554,88178,14870.4611,-36379,-20966.7982,-83257,20263.9175,96061,89133.5317,50733,-25492.6459,-29700,86803.9476,-50200,-36688.1876,-88648,-45948.0539,47503,52047.3370,39921
60571,78510.0832,9888,-99055.8071,-13822,48497.0661,73611,-19140.1748,16218,-79579.8483,93188,-41467.2273,24192,52207.5799,90782,-54072.2569,58850,-45553.0098,29591,-18540.1585
-13657.5035,76237,14551.8428,71621,24493.1248,-50555,-49833.6768,-86801,-17082.9662,-13668,-826.9588,8854,-55975.8675,56225,-70924.2997,-51735,62227.3250,35861,31850.6224,-111
66387,-18162.2970,-97138,-17971.2533,-2591,14849.1961,-7782,47909.5259,-44178,24055.8659,-40506,-55626.9141,96801,49646.9701,74486,43157.1622,-12037,12516.3895,23963,-83594.2849
-8177.1670,82499,88233.1177,-44196,66004.8420,18909,49059.0178,-26360,99019.0734,-29582,12158.1895,45037,43261.8907,15220,69089.0766,-68339,-87699.5128,-1028,37654.3204,16990
9104,-59438.7145,41461,-21726.6106,96143,59557.4364,39016,73217.8937,-20761,-9654.5445,10293,-47406.0989,-84499,43133.6076,-4602,71782.9410,5896,93327.6809,59351,-97399.3908
-47207.6641,-48652,-45862.2784,60360,71901.2706,1331,-10589.5897,-6551,-50808.0955,-5997,94502.1863,-29291,67308.6928,32298,-97482.3062,38816,-31685.4447,42955,-18203.6130,-70024
-63105,-75253.4294,-31956,-87563.5938,-15154,19982.2606,-93389,-44439.8450,45900,18580.2367,4245,43638.0338,54738,69928.0882,48877,41396.7302,95206,-61521.4590,98392,86794.6936
-78136.3894,-36350,53909.0586,42762,-15403.4182,3216,30195.0047,-9194,77574.4520,-66783,-40318.4005,96645,-24512.3655,70604,-45627.5507,61311,98853.5627,-12546,-92806.2870,-59760
20677,72503.8639,84087,-87936.4535,-47727,24258.2371,-84557,-28885.7340,-6251,-53327.0044,-23937,-84742.5567,-36696,43813.7595,-39735,-1030.5201,-217,4973.4197,31413,-53496.9658
-80042.3364,30057,24770.3936,36121,5590.8452,24838,-96265.8177,26183,23484.6914,97275,78030.3841,-91028,42453.3244,59266,-92508.6639,46781,-157.3966,29053,-56678.4496,12464
20269,64175.7155,67691,-47290.8458,74303,-16912.7375,97691,-97946.4886,54612,-47837.7594,42795,-1012.6108,-36364,-96234.3636,-58391,-9009.9466,72471,-74864.9591,-40223,66027.9550
42045.5733,-65991,91833.6836,29943,44204.5101,-71198,-34336.2399,8998,-86163.1511,-40267,59178.9185,-39575,-805.4843,-14683,8402.1538,88297,-12481.7018,32009,-20664.0506,-21535
57595,31902.5723,73553,-37587.2232,55754,54891.3795,69049,29012.6470,-79758,97326.9543,27290,69911.8126,-14020,37626.5278,-28148,-91424.7333,99348,-45955.8581,42969,-80313.4247
51946.3139,15553,12958.5961,-80247,25979.8611,-35139,98253.7839,-61486,-19606.5325,-26096,64343.0934,3765,72955.3857,-1696,-87705.8004,10558,-87298.7560,-32088,-42431.7313,-87550
-87911,28494.1510,15853,24551.7721,38831,-99277.9666,-46530,-8805.6882,-72650,-60871.7044,-42027,-22666.7893,58862,12707.6527,29114,-511.4905,-87249,19178.0998,69969,97402.8918
-34667.5802,-26723,60377.1339,86727,-28966.0820,49526,52864.1315,-55166,-71958.9835,-48259,71878.7228,64417,45841.7382,-21005,-46052.9260,-88867,-58649.5301,-84080,32613.6769,-14704
-46573,31145.6835,-9552,-24127.8676,-73239,-79894.2250,-66229,73139.3524,80334,-79817.0172,74611,35913.3665,-74306,72220.0625,11646,-68555.9156,-36583,4821.1175,58241,81250.3381
59019.2964,-74146,-66012.3940,86129,85839.1453,-74794,-881.2962,-7036,96257.9479,34786,77044.5711,-62784,51671.4983,-426,-19044.7249,-23705,-26953.0190,27809,-28614.8169,-95690
-97350,-19217.7207,40963,51898.2336,88439,-91495.9872,4337,-65024.5262,-98435,-59131.5904,9835,87188.0695,-7028,-93685.4124,83589,83567.7998,-57199,71165.4244,-75609,33379.2118
31491.7541,-19976,-6184.2060,55633,87863.5588,-28653,53872.5624,2456,-28768.8345,-21873,-54295.5526,-39690,78630.3986,65446,-15214.8356,-5523,-68191.2999,-39435,98195.7910,95894
-7629,34933.4533,23441,-81818.0252,26450,26551.5240,-17010,14086.7634,-37484,-31845.1240,-9150,20979.5210,-35646,-36999.1146,44660,-64629.1111,-70214,87044.9224,98119,98175.8096
-170.6987,72000,-62410.3261,-24278,-80598.3112,-40586,-74595.1114,-3161,-71280.9117,12030,77572.3465,-43,21304.1386,46407,26775.4327,67877,17882.5035,7281,1030.6644,10710
-79785,-50503.0328,-7808,33557.4542,59703,6984.0838,24882,92216.6761,34880,50686.8779,31930,56705.0437,72343,22742.1895,-68045,970.4464,51595,-33578.1986,-20321,-75622.7967
-2973.2470,-54293,62552.3753,4866,-78497.8779,-26000,-21336.7456,-80187,-10650.9133,75620,-50699.2459,83806,28378.0344,-37092,-5374.2397,88752,-99417.4977,97212,-83919.5034,41422
-92553,-63217.6879,75875,-53930.0767,-88053,44945.6158,16515,-49961.7904,12746,-48190.9122,85638,86989.3120,43815,65188.9549,-67904,-31025.5869,-98881,48253.3678,-67470,63394.6561
-61162.1440,-9121,94145.5746,-83528,-69767.9962,-39790,-48021.2355,8130,84135.1607,-80734,-25313.1086,48715,13526.5201,-82753,53427.3582,97661,14403.8939,42169,83453.9950,-10405
5958,21620.3062,-91837,-71102.0457,23763,-81420.4883,93023,84415.3151,96795,-55742.2065,-24507,-54110.0899,-18473,53201.3372,1391,-78158.9749,24173,5884.0069,89218,43967.2800
58666.1545,72068,-29480.0812,18151,-79992.2699,91863,-54600.1116,-54765,22050.0083,-80782,-62537.6729,-92814,-40333.2555,72212,27673.7160,-87980,14572.4791,70452,-55864.9757,-21361
65256,70724.0660,59541,-30317.4066,72749,72852.4444,-33517,14053.0982,66224,-91467.7124,-84585,20169.2570,60787,-12248.9566,50830,28679.6852,-47112,-27767.0717,96981,2638.7849
-84121.9894,28306,66116.3778,81862,-2959.4327,7963,26341.1058,64200,-73819.7882,30798,-33375.8341,-3347,64462.1156,-39467,54666.3566,25789,68577.4796,-42577,88949.8226,3529
20035,-44645.8760,-85060,-91678.8495,11862,-37279.3772,-33616,25056.8845,-81228,78722.1477,-56375,7057.1058,19588,-39955.2428,-12290,-71762.9138,67277,-4683.7748,-76044,46179.3663
-27214.9892,-45592,-68156.3381,24558,12483.9446,-25065,50930.3896,61183,8311.7538,-33696,60825.6624,83406,-2151.2021,-48401,84681.1351,-17639,-1103.4611,-67452,74984.2502,-19167
-55760,30634.7074,54224,-50192.0974,592,34695.4341,1655,-71851.0224,39621,32726.4278,-32922,-38199.9839,14102,59516.0229,-97777,33943.1519,26724,21118.8072,-52781,-10654.4463
72641.5256,62937,-78559.8267,5922,39718.2565,-27377,37965.0870,-66863,23969.3799,61280,43011.0284,-43939,-6375.4154,-88189,-43304.0524,-48683,-64286.3183,-81849,-52566.5777,38332
69818,11776.4499,29229,89129.9405,-52615,-4973.2809,7246,-82709.4190,41430,-34372.4489,-81464,-10195.5895,25573,-97977.8686,-5007,62661.5657,11803,93685.3831,-96434,19968.1834
71931.7969,-1235,65916.7953,-19932,56757.6610,26256,38307.2265,58385,-11837.0519,30902,-13933.2661,92821,48675.4992,89421,-16725.8453,-24053,-4535.2406,71147,-35514.9868,31154
33192,84885.9720,-26048,-84218.7553,23000,16979.3149,69036,-80702.5247,-73309,74003.9945,47144,22672.8546,79066,-60487.0327,29143,21509.8596,-68929,-95269.2315,58350,19123.8108
36965.1296,-18153,-54925.6042,8241,-69297.6588,-96265,-84128.3190,63859,-9297.2998,-52688,31017.3189,55105,-3204.4849,-571,-52804.0451,-24194,91181.0326,-36028,-50585.0663,-15907
2639,75389.8810,70399,-19798.1253,91351,-67347.6652,40379,52219.4366,-98680,-43176.9206,17954,29041.1088,41979,93558.3412,-44839,60649.0092,-34027,72175.5680,48507,-72155.0253
7425.5801,40006,33018.1221,-64804,-38822.4431,65826,-3406.6388,95955,75600.9466,-23301,2247.8100,-10517,-1166.6715,-4685,-97237.6222,-68226,-96704.8823,22702,58100.7316,52815
-8338,-94888.7200,79526,-69351.4005,-87333,-28605.3200,50939,-30478.9791,53929,1897.7649,54853,98187.9726,62519,5260.3011,75177,-67941.5074,43545,-61641.6614,93960,-35001.3754
90283.4397,-98850,12127.6740,-54166,28914.6033,75609,59866.5804,-72289,95950.1234,89303,56085.1355,-36661,-21576.0725,-39984,22110.4644,47096,-84370.8734,51799,-82732.1656,8742
55105,13687.1578,-51488,-81027.2235,55992,-4743.5505,-66808,-28447.9072,77585,65768.9296,-76840,-30384.1458,72737,-5266.5402,74738,71974.6251,88010,-39896.4383,13913,-20261.0359
94882.7173,-10411,8853.9198,5848,-98969.3834,-55918,9179.7596,-36562,41421.9573,-59277,42536.1604,34030,-95363.1071,68301,-69438.6421,-39693,-60438.6925,-91117,1329.2067,-40736
28302,19591.3819,91301,51091.9650,8258,44700.5225,-76560,76886.0458,13114,26444.3810,-29091,55894.5795,800,-76288.1316,-3241,73407.9907,-79884,-86598.8839,36503,-8795.7680
-35968.2321,-47564,81447.3626,-73257,-72430.3016,58327,-20500.2690,34309,-79584.3161,72055,72819.4061,-87237,81485.0445,66392,62804.1191,65464,18029.9645,-27331,-48753.7261,-55039
28287,72147.3211,84365,61799.7307,-14609,42238.1236,82585,63542.6280,44498,-27398.1903,-64304,-63436.7014,-88251,96013.2649,-81364,-37042.3352,66240,91824.7051,-99347,-44397.1561
10918.9414,-56522,-19962.0217,81313,-41788.3155,-4244,83295.9305,26721,64207.7251,39541,83904.3863,-25055,-83157.9317,61271,-74389.1374,16498,56078.5218,95153,-39727.3467,21236
-27984,-9573.8892,-54237,-47077.5018,69112,-54506.7059,97487,57369.7971,57867,-82572.8475,-37714,30179.1770,40413,-31983.6353,-31178,63372.2045,28861,-45087.1077,-60216,48044.6082
31739.2301,60140,16082.7850,73121,97633.9466,-60916,34652.5300,69851,-98379.2601,65051,40932.3548,-75559,86853.9825,98641,-87137.6802,26869,-82089.0278,34860,22053.6256,52295
-33836,-3148.7039,49007,-80915.6107,-87375,-92381.9009,3663,63025.6307,88806,99273.7651,74782,8849.2281,81049,68357.6964,-87759,7657.3257,-94982,-96283.6634,74477,-53580.8692
61958.6652,-5010,18368.4698,57553,-19251.3253,91112,84715.7976,-14215,77890.0304,-81991,-32157.3072,63358,75866.5057,-15949,-25684.7342,-57279,-80840.8128,35670,47822.3795,-57379
-87791,47856.5320,-89210,33577.8426,-55898,8256.3069,-32476,52915.6246,-43114,-37092.5980,19575,-70035.0592,24742,-19138.6550,4157,91903.9006,-64599,-80101.3632,29677,-78619.3527
34278.7866,79863,-21582.1934,51108,-62175.9168,44999,61137.1811,-71881,-36929.9965,-32633,-80960.5575,-87851,-31712.3155,-49443,11388.9361,24174,154.0006,-28477,65209.2678,-10119
9126,21369.0009,-88719,-90718.3218,-5468,-57438.6347,-40063,-52904.7258,63394,-7773.4901,85624,21235.2185,3586,-69917.7368,76749,70759.5124,53160,-10686.8778,41697,37838.9308
94057.6305,97025,-37184.7441,-92574,-25546.4898,13330,-2426.0445,-40570,58098.9071,60937,-42087.9260,-99214,-88204.5154,1468,-15709.8808,-40899,-70722.9598,38454,-32646.3035,-8289
5019,6339.4032,-24038,28575.3531,-70069,38253.0642,51089,72968.6180,-74478,5637.9856,36134,78355.5818,-49805,52772.4532,-9389,-67899.0538,-53957,9447.1211,25707,-7361.4612
182.9592,36668,44561.6967,-75504,-92067.3272,-55065,-13121.9626,-76982,-16169.6317,-52036,89703.8872,-55980,50219.3129,-77529,-79501.7901,-60558,2671.7760,-90401,97643.3447,-10625
66781,85018.4028,-13537,44653.2199,95717,-92027.2262,-35890,74946.2773,-2771,45397.0266,47494,92688.0694,-743,78899.1578,74127,-72245.1966,78940,-78177.0975,-51323,-43626.0202
-53143.0676,51085,12622.6981,58221,-58341.9197,53384,7208.2971,41692,46010.9324,38001,-38593.4627,-15239,59197.8396,77975,-26024.5326,-94159,-15779.7926,57783,-15785.3984,71843
-80711,61929.8051,32087,-80624.7675,-5607,80440.5413,91073,12274.0046,22046,-81756.2727,79447,3224.2900,69980,31584.7506,58197,-56210.0347,-1596,25921.6313,-89058,-11689.8829
-39229.3059,83133,25281.8414,-44919,-67837.4666,67320,23651.4855,32801,14709.8156,30952,77932.0996,-23160,-57519.2760,98347,890.3230,-80473,-4090.6817,-86202,33660.7865,77342
2059,19022.4845,81148,12269.7657,81042,41389.8618,-64142,19023.4816,22220,-79934.1487,393,96551.8606,-73421,-1862.7445,-2502,72425.9297,-6571,44753.6803,62227,-4107.7592
94072.1364,94611,46799.8762,88448,-93679.1254,36006,-82072.5886,-44252,94483.2174,-14472,-2853.7518,50770,-90276.2931,54343,-45411.3141,-71998,-56254.4170,-54273,-86654.8903,74732
6659,-50289.6080,-1683,30349.8402,-8223,30056.6236,10658,-76000.7215,26044,-36604.2334,53134,96146.7225,-32769,-17942.1134,-12413,51210.9037,-48747,-36748.7783,49706,49968.8562
-22114.5584,68016,81181.0856,15559,63608.5682,24342,29433.5352,30992,-61558.9507,-122,61439.7561,87617,-91451.9460,-85196,7133.1213,-70245,29662.2872,-36161,-48247.7045,-62583
-44501,-67065.4560,-1232,-38190.8258,-68882,85121.5573,55223,-23124.2504,50924,36593.6622,12041,72773.5471,18667,93758.2836,74125,42400.4396,-94010,49422.8289,-93920,-67462.7965
99958.3921,-30854,95302.2631,-70848,52765.0225,7413,-84326.4559,-74880,46145.3633,-14796,18940.9637,70494,45129.7559,-35442,49149.7257,-98167,78084.9298,93376,91390.2380,50966
30960,-69094.0424,27497,31041.6193,-66885,-2010.7229,93022,92017.8088,-54765,-63990.9041,-25139,83588.0090,-74477,-57447.1454,37874,39037.3620,-50111,63262.5071,-5730,73393.8751
68041.1946,-43612,68741.7182,80879,-33990.3659,-47551,53385.6033,-94302,-11010.6961,50887,51515.5917,-660,-27592.1276,-14657,-27642.9250,94764,81798.9925,-31847,48517.3274,-22283
-57984,34264.8412,-15039,6890.0475,-8266,65361.9626,-78924,-82546.0787,25160,96479.1162,-21545,31705.8147,88789,55373.2515,6433,84789.5829,66920,6083.5325,-71511,53876.5867
-58967.7690,-45135,70636.2760,-68965,71260.5125,-87959,44034.4640,-93846,17327.3097,30410,85953.7658,96644,-36400.0371,-68082,-84071.6331,90164,-98484.9528,80471,-20380.5917,-12331
7755,-50002.7858,-91820,31131.8508,-69944,-62997.9411,-34838,-19879.3721,-77462,44192.0413,60309,-5061.5998,65792,96832.7493,-79811,34767.9509,-77264,38500.3051,-25476,-56531.5970
63658.1166,35029,69636.8570,14315,-35963.1427,-4463,50278.0095,43274,16853.5471,-97865,36697.9699,61414,-64455.7888,-26831,7092.4882,-75992,32537.9417,87544,70350.2978,59813
11798,-67398.2842,-73365,62372.7787,-22593,18642.3928,85353,59984.1763,3936,95410.2781,49006,34675.5914,30126,75860.1732,70849,21755.4552,-78782,20460.7149,6023,-36966.8418
57546.6101,80940,-57568.7191,83600,-63614.2892,87229,-94839.1105,-38445,-79962.7375,84062,63473.9584,10546,32800.9673,-49210,-57787.5041,-70889,-11939.0836,96002,-7627.0552,30786
-85166,-75380.1331,95737,-70657.7170,-73262,-82865.9384,-79229,-27586.3863,-25364,-55855.6583,-28967,-75748.9119,59311,43023.9040,18557,-41103.2249,74436,11979.9384,924,94612.1522
-87205.8929,26764,77253.4892,13137,-55337.1499,77480,69164.7194,-44492,20540.0436,62126,-19799.4164,44844,-19185.9962,66167,81555.4662,74253,46690.4155,1224,-84357.1773,-49185
35288,-85129.5756,58179,-93036.1836,-68817,18548.1723,13373,89575.2499,97866,2163.4670,10396,-67845.8038,-55672,-36696.4813,-39875,-99496.2867,73993,-51539.4265,61075,44034.4695
23507.6314,67256,56473.5743,90540,-33756.2668,-92289,-91788.5413,56543,80421.2312,-11616,-64729.8402,63796,-12471.0772,-66041,-54168.2046,66497,65917.1090,77240,-42612.6673,-26816
7293,74548.5397,-79106,52954.1479,22720,89599.9053,-83340,40293.0023,-32117,75930.1712,72965,-41067.0343,-35647,-83281.0692,18169,-51253.2000,39377,76542.8444,-75897,-55545.3411
43901.7700,47727,-54152.1026,-25973,-67192.7277,37235,21657.7165,-68345,92035.7589,23859,-9221.5350,2060,-62176.5874,-69720,-21456.4661,-33745,16722.5354,29205,19770.0256,29102
-47171,-50563.6182,-9259,38957.7554,86935,33451.6043,-52029,-17669.5908,-51228,-47563.4574,-72780,-37419.3143,-31636,-96085.6217,23590,94460.4633,-98452,-80897.5340,17381,19787.0394
-52145.2629,-46812,99712.7049,-26550,14776.5867,-31626,-43666.7332,-92545,43303.0530,-24872,76904.0406,-10731,-37198.3820,-48234,10591.0441,-47812,41971.1808,-95156,-53616.9329,71584
78171,7088.1536,-66819,2785.7221,83085,-16376.0218,-29258,9858.0874,-84360,-6032.5991,-70661,-54682.4129,-60563,10747.7546,-94616,-18983.8905,41719,-4335.2080,-49688,-83090.0213
-82780.8657,-60464,-74947.3736,-55826,80723.8834,-94098,44308.1889,-45561,98800.6031,39361,-98363.3244,46111,-57120.1498,-13593,95617.4284,99908,-50844.2381,15678,51253.5997,85863
24745,85052.2965,74569,41460.3682,-70762,14930.1969,-7637,-57033.1589,-76407,73470.6770,3483,94646.6157,-992,65489.0760,-80249,77737.5712,-52999,-53329.3996,72416,53012.0384
42217.4866,20602,-57877.2716,-75170,44982.9005,-26881,54328.6161,74916,10342.9959,-6892,-62279.2667,-69524,-47401.8061,-83211,61380.7919,-59770,71229.2169,-24837,6241.0480,86887
18201,97694.0143,-89457,-71629.6393,-29025,5593.1491,3923,-47578.2914,-39802,-77593.5291,-3182,-82902.2256,95662,43572.6095,52336,-88490.6921,34948,8445.2980,-86408,-85736.8413
-53371.0565,-41261,74764.2724,-69174,-63121.5398,79187,22196.7669,49904,-38710.3715,-61888,-29197.8329,4105,-54913.4171,-21123,75946.4091,-46394,-32514.0087,85378,-14495.6292,-8452
-65479,92233.1230,-80461,-10519.7715,8883,-76287.9664,39082,72219.6819,-22588,5242.2852,20947,41535.2870,36110,-60932.0701,60931,26692.3051,86595,-22417.9226,-36493,63892.1884
40091.3821,-10216,-21437.9845,-24233,-76576.5836,43454,-53576.5957,17090,39440.3125,1417,-53770.9472,-13992,84465.4631,40387,23319.1081,29507,17060.5880,89014,50104.2742,2302
-97452,-70697.1744,26737,50309.1810,79846,60771.9135,-85553,99048.0482,85796,-41376.0739,99382,-94212.0172,85094,94346.3558,-60952,46801.4616,-64980,-77143.2599,-52599,79217.5585
-88648.9814,46355,13576.0497,27259,16634.1914,9501,-59773.1768,87851,7218.4764,84445,46841.5887,52436,-43763.2923,49779,6615.4485,30584,89769.4210,28171,-17139.2626,2451
-93638,82470.4802,-67728,46481.2497,-17126,26968.6601,37616,11733.0358,-92692,19085.6322,-439,26404.5511,79785,-81874.5240,-10214,24311.9189,-40835,48490.4083,-74046,23784.3333
-95453.4229,84253,994.8545,-95971,64003.7404,-65739,-22297.9257,18618,-31188.9531,-335,-11567.9180,91686,-57630.6737,74923,-16725.5268,-54484,-65878.6469,-28053,-83507.5402,-24469
-93227,44558.0722,87183,-29194.8492,-57307,-26436.1984,-21387,-62414.5987,40039,73141.1203,-63586,53309.6413,97360,-97116.8526,-53359,89596.7913,-189,10352.3588,-51384,-93140.7062
9057.5242,25701,-35136.6781,-72228,-2332.7676,81352,66235.0187,-86500,76114.8673,-190,92882.9403,48660,-75881.1616,66395,20630.4359,-40145,55669.7851,-7986,9601.4480,-64015
-30982,-15897.3645,-78235,-56693.0874,-28235,-37376.3556,-52209,88113.9922,-64359,51656.6087,-82557,-79978.7633,-71471,-51463.9295,56940,48994.2943,1223,35242.7864,39680,-30631.8065
79461.2692,29444,-65342.8858,27727,30991.8431,35219,-49190.5184,-17616,-89665.7819,-85084,11154.5278,-44655,10487.9854,-2493,-37883.7827,14916,4408.9116,-3206,-33571.1263,55899
4221,-72859.0863,39715,-56794.5743,89859,40840.8221,84820,-58156.3103,68114,41514.8417,-68276,-69166.5602,-76467,44509.1515,-14009,-35356.2167,38872,-880.9520,92115,-53202.7496
90734.0853,57213,-73675.7759,87036,36479.6358,28326,36343.2384,-75228,95048.5865,-69321,79938.6174,-39456,-24526.3497,63250,-71909.2983,78745,-16550.6118,37349,-19351.8332,91480
43085,49022.5928,11902,-6159.6378,48990,-24259.9685,-29915,34007.7824,-64959,30724.3951,13843,-7404.4447,-81531,-27269.0809,37319,-28039.4378,-77117,91305.4573,64675,95971.5461
-38677.2197,34962,36368.4780,19031,95110.0666,-30585,35404.5009,72534,56126.5109,-78605,77381.2066,60919,18514.0750,9948,-85649.9111,26916,39748.9149,-80297,-714.2733,-43641
74268,21222.1596,6077,-58972.2837,18035,72213.1916,27610,70838.4730,-60449,-71637.5271,-93668,-61107.2525,-4011,92730.8172,-27320,-79814.7446,58563,-48334.5565,75307,-38538.8571
-33104.0851,7172,26351.2821,24493,-67586.5563,94320,9961.8309,-55615,36266.0898,68342,26004.9341,-12858,-82835.1575,70048,-65400.0885,26099,81038.1160,22159,61863.3643,-90215
-17741,-23423.8956,-62705,38351.1830,-67401,-59395.8388,61238,-30691.3914,-4256,20313.9247,-34017,57039.2675,-56798,-73052.1477,-31149,72615.2890,18456,-99395.5691,81330,-96835.4713
8667.3228,59359,57347.7050,36224,4217.8710,-77563,-4131.7348,31530,-1152.2420,-8316,14922.7275,-38101,-73072.3919,15804,23138.1536,21116,-65744.1699,96204,-30022.1001,-67147
12042,88859.6486,-93673,85649.7475,-85733,-3002.8810,59018,-65912.8358,-21890,40577.1518,22311,-18350.4629,-91244,62524.7047,-37102,12812.8151,-17465,69822.1909,-63056,37828.8331
43246.3368,49019,72644.2313,-83502,-75121.1290,-44200,-67543.5745,9887,71028.1224,23115,-46248.9831,-30321,-67330.3129,-59370,25929.8738,-37174,69586.7073,-14091,50692.0569,55298
-86749,-98722.3969,-92436,60818.0776,-98045,-71196.7870,-36937,79761.4694,76180,12495.7853,55228,61099.6559,90304,-66955.4308,99934,-16483.8500,-6090,-40843.0802,96603,-79808.9590
-61239.0788,52136,-42760.1465,97344,76491.6332,-26018,24343.1814,-68195,-99829.2028,-85121,12976.8326,-44800,39449.5054,-78465,19776.5364,94117,-99374.9437,-86737,66088.8960,52923
-5342,-80309.7642,-36118,34525.9828,-16180,-25242.6142,-18822,6006.3423,49694,-28615.3750,32957,15732.8156,32019,-31652.5747,-19461,75531.4780,28901,-36782.9066,59282,37318.9719
-48329.6065,-37236,-11042.5702,13968,29697.8815,15029,27412.2607,58801,74977.6238,25648,-64524.5000,-72424,35531.9549,23784,11914.8452,53807,36091.5811,18580,44079.3873,20596
-91800,74481.4094,29703,-17532.9965,27017,-42365.4925,-68210,9866.6795,-57249,-43016.7002,16917,71853.3722,36418,35908.6264,-40088,-43188.0320,3206,-42295.0245,-71867,-53740.9774
79754.6523,-75978,25524.6173,-36634,10501.7771,-14241,78869.2914,-91427,31694.4359,-79715,82568.4633,15304,43945.5027,95666,39687.7407,57831,40483.4839,60995,-83876.9263,-56393
-95407,16872.2160,-27159,-3030.0437,-43155,-53857.8123,6234,-554.9657,-43018,98700.0937,39269,11287.3153,6869,72222.1406,-84171,42816.6027,-11851,57489.6930,-15420,4627.0340
-82399.0180,78529,-79197.1407,78327,31087.8329,22346,-89783.4242,66690,-10500.9821,-61518,44745.1410,-90552,76594.1821,-13482,92212.2350,74783,39930.7570,35444,76723.8027,39587
25072,-40910.7687,27986,-14789.6907,44753,99694.1822,-56336,-46818.7106,12524,-52656.1374,5825,-31396.3124,19213,39033.9703,35664,96155.2581,-77753,38791.0010,96278,-87692.0110
-59832.0550,72882,-61081.2301,91463,79358.2746,-8246,54019.4448,2420,-81221.8692,-28351,-47256.5772,52009,-63238.2730,53222,-61857.3643,90790,29815.0124,12260,54933.4374,-64388
-13026,-66406.2710,-3805,90462.9736,-83767,49721.2820,96020,82862.9204,96606,-77287.6380,39190,36431.8537,53614,75488.6389,-53179,-17410.5882,76916,-81020.9591,-85968,-38026.5733
23349.6320,-237,13719.1425,50625,14715.5102,-52538,17916.1175,29296,-57034.8998,5423,-38201.6059,-82145,98875.5822,20516,89058.6232,53919,81690.7036,59027,33257.7438,69108
11519,-25581.2861,39724,-66090.1734,42459,-56092.8553,-8492,-58584.8005,-54619,-67227.8200,-61693,93141.5300,-96662,-11612.7037,-50579,-71629.1321,-63037,-41010.8145,1308,-32614.7334
26869.6503,38973,97944.4088,-94451,-87607.2119,86082,74772.7387,66804,50517.7365,23209,80193.7287,83056,41455.1544,-99610,52906.0182,-61508,35326.3289,85273,89460.6100,76303
13215,-14368.7170,80245,49023.7076,-38538,26881.1191,-50710,87209.2045,37074,-3418.8318,2373,-83522.8378,-30724,73.5798,-39846,-79708.3473,-59609,75349.2270,-88503,-15535.0862
-99686.6406,82128,-87596.9711,-70423,35338.1288,-89865,-14749.3852,-60722,98813.4858,43441,72891.8566,83124,24977.1323,26902,-48588.3426,24855,-48845.8870,24006,48682.5506,-60319
19866,62907.5520,-97389,505.1220,97408,82134.6591,-53330,44187.5148,28769,-89664.7762,-56972,-85597.0803,-52339,-14994.0348,49817,-21925.6810,18156,6856.6551,10559,78302.4776
-52419.4437,-89653,-56841.7288,87048,-43140.6793,98074,62150.4465,2539,53832.3459,63298,32787.8596,-85290,-11069.4363,13924,68777.9387,-81938,-1830.0706,-68068,74097.9274,48395
-51752,-69403.1596,25920,90355.2037,-80361,97735.2608,38763,-9933.8324,41784,-60161.1311,36155,81916.5443,68289,956.6617,7882,-81114.2678,-44928,39114.6324,12856,-59669.8034
20588.1273,-30078,-70361.3149,41346,-16488.3972,22336,66741.4306,38940,-28537.6102,53519,-72438.4467,39109,6551.9780,35640,-36899.4327,45549,-46806.9851,-58184,-87218.7829,8491
-57847,-45951.9691,65462,23875.9960,10862,-81390.2788,-519,-52261.0107,-1551,-6831.2238,55990,2378.4273,38503,98972.6290,5706,2290.3711,43706,67552.2555,-60589,-35770.4756
-20737.7666,99331,87480.9556,-23703,-95442.3790,-49753,-41279.6630,-97439,11782.4279,58346,-36209.7826,-27878,-23740.4865,35278,-24142.1215,37219,-84775.9428,-99093,76259.1179,-51004
-43911,-40773.5045,-33281,84849.5989,13860,-25760.0918,-82860,-30294.5415,55902,88382.7244,13037,-68046.4672,-4702,-92093.9952,-81662,-23792.7147,39085,2791.2692,-35667,67027.8966
-91449.9268,-201,-1380.2320,97976,-72967.8060,-93054,71381.7398,20973,80592.4672,-99508,-73592.5307,23858,-72541.0059,10198,72439.9115,85752,-68884.3359,-32512,-31453.0100,-93501
-21727,-47816.5084,82758,-41128.0735,37867,34187.7013,47755,-61188.8919,-72950,64001.4885,7,-69116.7856,-86105,19346.5828,69602,-15880.1310,-74991,-24102.8173,10166,-2716.8401
34929.2084,-71210,-98214.7450,-15325,97447.2698,-92333,26753.9305,71279,-86514.6195,48534,32983.1121,96670,-76422.2800,-89469,50214.0213,-5831,69800.8692,-88004,3397.3117,-90929
-45215,18123.2786,-38017,-96941.5255,2017,-52121.3556,-58387,-56576.1397,-69118,-43967.8519,-32316,-38759.7889,-69211,-37133.5573,14424,-55.8891,56695,88023.6452,-86051,44569.5799
84138.1426,-96311,-51772.1561,30916,-42092.4690,29719,19509.4652,2925,78697.0711,13698,8478.9024,42933,-4926.5352,-72101,52259.8157,35043,80731.3290,-67797,2518.9058,31231
-20947,-1545.1781,67596,75029.6010,94162,66704.2714,40887,27230.5568,82877,-9496.1761,18186,-39975.1580,-38129,68479.9826,-86129,28814.7800,-33000,-40630.8236,-8988,-13352.1312
-38606.4136,-49218,82736.9344,77954,-55474.1822,-5691,3262.3987,-23841,86247.9292,75340,-65474.2281,-17180,-44695.7318,-17691,50919.8387,77868,23725.5600,-36631,-54314.3725,25965
-82768,-68374.1309,93303,37176.5064,30396,-90196.8516,24154,-65940.8292,77309,-93174.7736,-21635,-55130.8619,64619,72703.7673,-11444,629.8443,-53362,37937.7106,1738,-32670.4431
7948.3825,52849,-78669.4197,31311,-50704.9999,-96476,-31624.1310,88142,2641.7931,-5143,87460.4056,-46548,-43086.3026,73629,-56842.1749,89944,-82408.9006,-44147,52237.7699,-78493
-67474,-83717.9860,24601,-98785.8692,-79121,-9452.8812,49569,16771.7350,82900,-3964.3338,-63247,8789.4905,1910,-35627.4315,-98443,13957.6242,-36929,95765.9452,-81017,53970.2794
65051.7027,33675,-32440.6769,-30747,79912.6417,-95124,88387.4318,-92268,-98331.5980,-18185,28213.5195,94422,-55654.0431,-81838,3959.7820,-51643,24321.2323,98322,-62487.7779,-75033
-69571,28568.0896,7704,7363.4404,17528,17272.4022,-82459,19949.7047,-81950,50430.2074,-50230,-50208.6125,-48263,-47202.7548,87735,24055.2730,-67462,-98310.0792,-42579,27081.7833
-444.2888,52722,-44683.5204,24431,49925.9937,38729,-11780.3154,75611,85082.9350,-88500,89968.4458,81743,-90591.4574,-38660,74199.1242,3330,44694.3151,86560,22442.5377,-64718
22153,32670.9270,15011,70771.3695,-72742,-376.1881,-33317,-32883.1754,-52941,12002.6570,-35725,-80934.8972,-71365,48986.8953,65153,-73603.4670,-42613,-65913.0542,-79695,48713.8299
-47632.0332,74769,-40081.9150,81375,38807.1564,51707,4150.5821,-60436,96861.6875,13127,6754.1840,90193,-54264.0256,-91220,-55281.0238,26278,37903.6188,72903,-53048.0419,51652
-40791,62507.2792,-2846,-14367.2717,-23699,48306.8075,69628,99736.2657,-31028,50603.9381,99873,-87779.3592,-82538,28693.9305,-34252,-2182.1588,61253,-44441.2104,-82656,68963.9680
-3848.5228,-25609,-76665.3170,-18834,76598.9370,-50841,30404.6887,-8366,-92861.6120,-48653,-93857.3798,85151,-47875.5562,-827,10927.4465,-8583,73881.4953,-96616,8109.4412,-18233
43976,87400.5005,46025,22372.9189,29247,43937.2726,7932,65184.0032,-43946,70978.2540,-22952,-28744.8876,-84396,-65977.7311,53036,-36263.5094,-72816,47974.3049,-38918,87080.4953
39119.2414,-8081,55399.6863,38532,9638.7446,50315,-19592.7926,-41292,68823.8359,-78910,85624.4395,-20788,88221.5321,-18697,13195.7646,3998,-78110.8171,-91189,-27684.2247,21338
82842,-52179.6472,-71145,41173.3944,35862,-95337.9974,59031,21510.9877,-53021,85400.3760,26692,64021.6022,-17446,99461.7886,63439,9098.5278,16528,-39677.2005,3529,49611.8359
99551.0998,45435,78717.9063,20254,-23609.0965,86461,67142.6302,-88322,97466.6541,643,-17788.8070,25339,42968.9401,65447,-1259.2009,50362,97594.7710,55501,90836.5655,-69615
86685,-60759.0611,-40620,56734.7163,46315,32002.8990,25910,-79595.2090,-40128,8623.0006,-48040,81876.4858,81649,2910.9888,85678,10221.0787,99654,53843.4971,6031,-98503.9611
13186.9742,93483,-6625.5258,4886,45756.9280,8487,86949.5239,-50397,67239.9021,-9486,64127.7638,-12030,40711.3007,17761,60685.7199,-97230,-18867.2503,-27266,5388.5536,-47416
69808,29006.3726,60904,87955.4087,80578,63552.4373,39789,-67424.4459,-15850,-14853.3459,43372,28693.7688,-66735,91198.3603,3360,-27796.9599,97995,79439.2583,-78390,16529.2355
-30710.1387,26265,-6493.1697,-69955,79473.7042,36587,-32259.0947,24999,-44485.1462,-48932,798.0024,-46604,95109.5820,-92908,69553.1656,-61955,36640.0504,-12529,-70842.3471,34950
28151,56962.9613,-40738,-38239.9786,-50864,-83574.8371,-50925,-68446.2392,-70358,61257.7200,-6907,-39651.8305,-99081,62703.7031,-43225,92042.4983,31362,-76260.3295,44116,-1851.0988
-66346.7351,-75024,68224.5664,40723,28932.7591,-54186,23306.0284,-97156,57882.5835,-33826,-50971.2407,67584,-59445.3559,-38796,55937.0260,-41708,21940.6462,-55124,41373.0402,65622
44775,91392.8621,-48259,54029.0897,93266,12562.8434,-33870,-24061.7896,95998,55491.4537,-23559,-33283.0758,21180,-38631.5130,89550,-40729.9211,-33519,-60450.5733,10092,88548.2535
70522.2658,-68416,30679.7242,14301,-521.8011,48597,2622.6198,-50214,75300.0444,-4905,13081.8273,90055,-74333.5712,1289,-83146.4648,22834,30217.7367,46030,70647.5519,-31219
-33033,-60602.8603,71806,-92569.9920,-15421,36718.8639,-28520,-69317.7755,61996,1983.9195,-36646,-11424.2698,98595,48875.8093,-19029,-86088.2542,-13350,3920.7656,-80873,52245.0793
55194.3144,-72817,-79201.4000,54428,36043.0245,97533,-81705.6995,15991,-4461.5871,-28980,-3815.5351,-45194,90793.9237,-70387,33758.0676,-92539,56961.8583,24455,-65660.6150,47441
-12384,72037.8954,-33390,-19668.6429,19839,35445.6790,-5602,-32396.1854,-52001,64921.3710,78847,-2958.8549,-92219,215.4147,83493,-34474.7929,90590,-67823.8684,-405,39131.6615
85458.8223,65978,-39551.3259,76248,67966.9320,-71042,55420.7964,74928,82003.9100,87616,-10895.9718,90302,41948.5719,28676,29174.5810,-15549,79691.4795,34828,97126.0413,74328
-64042,-55081.0400,-90783,99340.5639,-48030,98530.9446,60562,51731.3079,77917,67448.2623,84209,-68225.3885,61357,-9877.5834,-64545,-5149.6034,-83816,24766.7206,79053,-8640.2845
8171.9228,-19587,27205.4414,83894,-79955.3653,43124,24446.2514,-61738,-10462.3924,-45933,-24422.8167,-43472,53227.4152,35341,-75110.2926,16622,-50099.6827,-43837,20023.1393,87626
81615,-19903.2479,-98692,32129.5955,-41509,-33633.2587,21158,-20000.2728,-86842,67483.5958,53476,-80583.4756,64357,35353.2244,-20178,96526.7913,-54889,10009.3482,-37882,71078.4936
8938.3704,18421,71170.2310,-39118,93445.1239,69745,-81584.3066,-27174,-87501.7067,-15347,-11921.7075,-25299,-79948.6747,-27719,52705.6338,6807,61650.6927,-44461,-6242.2885,87257
-10825,-12578.7034,77331,91453.5647,-76839,-15934.5838,-52736,91613.9527,-73141,2535.1824,-285,67996.7653,-56117,-34413.4346,77622,88655.5518,82910,15091.3989,52390,-48264.4782
88596.9259,-7855,41264.7502,92240,97665.4496,-22853,93867.8057,50850,81923.7721,-11750,-31154.8753,-40352,-39953.1057,-154,-43610.6668,53033,-26199.3931,48162,97221.6767,6993
-18038,-75498.9522,-8222,-9231.8283,81821,59229.1562,-33120,27566.5678,-11629,20665.3968,-86641,39112.3106,85435,-99302.3657,-76807,29625.2191,19707,-88454.6800,43723,-42788.8592
4855.7666,-67565,20235.8062,-77804,65807.8802,-12079,61251.6513,-76332,-15250.3179,54394,-31094.0488,62229,71882.1148,6991,-44769.9558,51677,60755.9922,-40982,50345.9377,17609
-65153,-17931.3952,-35139,-17596.0649,56045,-85427.4931,54016,-72626.3514,-55788,44586.8722,87815,-26469.1536,-63702,-77673.0878,-1769,9820.3408,49323,-16337.8822,11998,87252.7644
-38833.3792,40890,-12930.5584,-92008,2259.9148,-97290,-50813.1218,16384,53365.3283,311,19076.4853,12498,-77169.2711,5908,51478.5328,-26387,94630.8361,-35519,-27732.8194,75763
35196,-3912.0345,45424,42133.2454,20562,9986.4955,98114,76957.9679,23903,79983.3342,-43050,67742.5724,27822,-37681.2759,70664,9374.7372,-20098,-57662.7918,-90963,92045.0187
-84354.6024,-34613,-52286.4535,-43951,-6206.7243,-34350,79248.2101,83726,-39880.6454,-63495,-33123.9824,34811,-59745.0656,37417,84985.7917,-74236,-29496.3785,-27129,69418.4582,-70738
91928,-16367.4273,47090,-23053.3502,60967,-70795.0370,-93382,13916.2759,55457,96002.6495,-68322,91704.2624,-53838,-14540.5678,-92950,61408.0881,-70365,86326.7404,-354,95168.5545
15922.5416,-55920,48862.6683,-42360,27471.0606,37891,56335.8429,-63836,57752.6719,41028,69029.2114,-67926,-3497.6255,9670,-4368.4078,-50554,-17026.0019,-26353,60252.3291,-16662
-38699,-24807.9811,-75901,27316.5000,-78121,59557.9271,-7133,38954.9243,21325,-91665.5139,-19433,55090.2890,78597,-99960.4387,57576,-51893.2799,51738,31809.6959,-43324,-65812.6848
-72186.2848,-23586,72287.4662,55168,-19309.9249,-95291,-37785.9149,33095,95519.5526,13543,64383.0569,-18731,27431.4390,33840,16084.2937,-72072,-71486.5406,-66792,-30046.0066,-21604
35850,-8546.3990,-48759,13569.5960,-8116,17379.5325,-66969,-8436.3432,53993,-4165.9822,45921,-16315.4454,1301,-48097.9308,-6098,96990.3619,3353,-59410.9212,-6888,-75969.8393
-42789.7166,4343,74946.3260,-69025,7569.6911,-87181,63311.0743,95747,28597.1827,-70945,-34245.9826,-52388,-57733.6334,70575,53346.5151,-37322,-60972.5916,-78913,30246.6822,-28454
4844,-25713.6696,-11047,9265.9888,-68236,49286.0899,-41974,-64025.4673,-28807,55199.0688,-9248,72566.3500,-70247,-39399.2533,89515,-62352.6021,-21051,-86228.0597,-14911,-33934.7325
-68572.8952,85219,57931.3859,63194,-39978.1012,79535,48999.2492,72180,24819.8175,88493,40222.1242,-84981,45142.6295,-20226,-70804.6951,90392,57293.5081,38200,16158.2858,84140
-96800,-41617.7107,-83710,87175.1144,-50213,-16378.7031,-89523,72625.3157,-40058,-24822.7824,-32974,-55986.8819,56600,90349.2893,-3436,-73300.8852,64035,94717.2823,45045,17799.3619
2928.6715,-23689,-3134.9972,-32446,-95670.3270,-94106,-4936.9698,-45436,1608.6201,-25372,-55015.7010,-71434,-11856.4748,-44350,-42521.9638,65446,-78241.3558,-97498,33149.4732,-44178
63602,-82986.7919,26308,-86002.1703,-60262,54592.6029,52899,-61032.2328,-52403,7781.4648,-93761,-10453.7206,-10632,-97183.6519,29026,35244.2310,1467,-31773.2913,-88750,44330.5687
-20974.1467,-73549,63570.3919,60812,-8643.6654,83792,-7990.3381,-43514,-80278.0511,-82532,33670.2902,-46161,-24473.0512,-54617,-20144.6090,17026,-76476.8618,-60862,14538.1955,27356
19788,-43774.9861,66008,86537.8337,-33471,-44251.7466,-99320,-40917.4232,83579,64593.5429,-55600,91401.2286,-43389,43771.3806,40122,9790.4924,18435,-15399.4420,78918,-40007.9381
-84421.2374,-45759,-60613.2606,93586,73995.3507,84368,-63080.8115,-41215,-54380.3332,61652,-14287.9871,36073,-10935.8600,4662,-35467.4839,-87348,28184.2456,-9537,-96760.1965,14059
84173,59406.9856,-54273,-24353.4625,93533,-9581.1861,-15927,51100.2722,-92251,-56028.3203,-844,-56909.7198,-87324,62216.9790,-25876,3745.2996,-76668,-79022.8962,-59067,79844.1867
49811.3949,-9217,-97298.5556,12257,77890.8619,71792,-53603.3540,-63175,64685.9271,9605,28991.2950,79612,48116.5143,97280,12424.3563,-99350,-76375.0285,-32612,88370.1764,-65630
82367,12102.3617,38901,65349.7030,-53418,-99322.0911,45209,-88489.7649,87929,44206.9563,37983,28569.4788,-85804,-97258.5558,-6380,-82861.4182,6409,40236.1978,40705,-42668.9293
53136.5393,-4645,-41670.9924,-60000,63972.4083,-50,-56327.5563,-94313,40899.4147,40360,-19733.4521,-35168,27760.7318,-33250,-39646.4552,-29751,-14727.6229,-43592,84639.9999,73288
-61505,-35312.6797,20413,-13489.2028,-63248,65092.0553,28508,25642.6842,18412,-90009.7797,-44038,-42115.8002,60558,-60850.8816,27461,30782.7290,77190,-65848.4826,19844,16290.4159
36340.1358,51642,82635.2051,66726,65714.3352,84760,-29151.8052,-86960,-16358.5013,-15832,73773.3981,-65021,10459.4973,45621,-93924.8243,29689,33523.2110,-71490,67345.6361,74005
-45518,88033.8491,16402,5880.1689,-85387,75651.0451,-20640,76533.4936,-94777,-3369.3106,84084,1643.3750,45906,91138.3320,85734,52130.3558,-9250,66582.9203,64572,86261.2129
-55230.5226,-97222,7680.0486,-89828,-19602.1996,-65761,40690.6127,-33941,-13501.1204,-55128,64238.7074,18100,76043.7875,63518,-35419.7379,98640,-55063.0477,-19728,25767.3113,-47126
-28697,-70598.4878,-30463,-77149.2878,-19469,14795.1198,87677,70110.9294,-82043,70730.3273,-88313,-77964.8401,94314,-44871.9775,-14877,18129.5333,-68574,-85268.8014,57354,-17396.1323
-74247.3145,-69406,99607.8267,-77394,-47765.0532,75061,36072.7366,-14221,66581.1513,-3348,-51273.7065,5607,-72687.7567,50159,-27905.8568,28195,77645.4609,-57679,90933.5185,-88115
61664,28617.0140,91775,-27567.7467,60630,-81276.4637,73776,26566.4553,-95392,-78983.0287,16194,72087.9504,-69135,-5803.9272,-59425,81235.0168,-13661,-45683.8630,-54563,5282.4046
74507.4350,-78400,92118.0531,-70725,-60266.8547,12842,-9776.9123,-28919,-21619.1155,40166,-64959.3091,39849,-28289.6917,54481,80644.3476,-39760,-41953.7947,196,-26915.2202,-58976
-4448,-49034.7973,-38370,65763.9392,-48562,21444.9335,75159,-87045.4819,-84445,-57402.8649,27031,-72306.8269,-2677,-50720.3542,-59433,-62495.4089,-644,-81274.8177,-78995,82470.7304
-75691.4659,49482,27055.9268,-29885,74844.1067,-73018,-32971.2266,-6534,67231.7842,33574,-67296.4738,-5755,-60087.6832,-71498,18042.7012,20014,-80252.5571,-39558,62134.9317,9183
26799,87363.9024,2632,-50492.1384,-83702,71166.3457,93094,98137.0578,18446,-7635.1168,-97199,-83015.6050,-60322,-6661.4066,15399,27519.7670,29804,91122.0528,-88440,38080.9824
79561.3670,95034,500.1422,-14269,-67742.7859,91860,-47476.0147,54303,-84540.8161,-25603,-90210.7487,80699,23338.8297,37626,-93646.0936,50100,58604.7848,-37176,15216.5206,97794
12831,-44500.6025,-9100,58035.3473,-14365,-2720.4039,71081,20594.9686,-28868,83057.8283,68349,-19636.7426,36254,-56649.9599,11351,-37812.1539,53186,-90213.1979,-57116,-49377.0229
-62769.0666,-30464,51009.8276,11074,82597.8033,-88976,79033.7221,76245,7794.6247,93580,87098.4123,99076,-1305.2688,88389,44287.4417,49915,-76992.4029,47034,-32168.4984,-68173
93773,-89802.9314,40141,63396.6785,-44209,40126.0788,-59534,-55016.6258,80487,7241.1618,83800,-15791.9538,99885,-97740.2866,63669,-87632.5340,66472,64837.7658,-85035,-43471.9458
-30917.3680,78504,89358.2904,43133,-59050.5709,-2302,99740.8097,-29333,7444.4598,-99763,-86170.4224,59849,37528.2314,-69363,67958.0974,9290,43836.8055,5059,-48224.2663,-69449
-93471,2803.8278,-53469,-58584.4617,28436,-61712.1454,27485,94170.2847,-32910,23717.2489,-55654,-45981.7919,72572,79525.1333,82032,89323.8186,-40069,-61213.2328,7430,-62531.6196
-11187.8231,-14033,-2303.6740,24559,-59282.3489,77184,-98382.2213,65081,-37939.4075,2387,8206.0313,96406,-94291.7166,77556,44558.9828,-8345,6963.5651,-15398,49162.1112,18791
-14476,51963.3288,21216,-78947.1180,-61471,27005.8424,22157,-80602.3064,95880,79890.9313,95525,50595.8617,58397,63753.7745,16809,-96100.3924,6075,43138.9975,43609,24475.3526
-22800.4246,-45102,-32269.4741,-56782,87442.5379,74313,-39692.5027,-19703,36344.7091,-37414,-43150.8273,-36642,37295.4812,31410,63523.1380,-97679,13451.7127,45921,-65910.6778,-91866
-37465,-21582.8223,-10520,-48200.7550,11043,92831.5383,-36396,-39584.1792,-91461,31596.0214,-43490,85873.2524,-22934,-78626.7242,1388,48855.4478,77777,92299.9289,-53068,-28158.0239
-46568.2513,-10712,15315.9390,-21853,31858.7973,-23843,-40828.2422,9457,95049.8680,41082,97169.1790,87876,60950.7939,-79293,43646.8016,-19817,72493.2412,-78755,58918.7720,75412
-65680,46434.8506,-95955,-55159.8707,-65972,-93329.3749,83017,8801.2618,38967,-95904.0009,17982,61254.0546,-85396,-55958.2950,36479,63680.9390,26849,-19992.0176,36750,-69448.1749
272.7191,67720,20607.6943,44555,-94473.6968,-58893,68123.7663,34218,-26159.4925,33483,79502.7791,89805,-5954.4236,-26670,-98078.6037,-24674,49003.0808,469,-22223.1666,-57143
-79362,38989.7882,29590,-70175.2561,46536,24856.5947,-53370,-44017.8018,54719,98502.1804,58264,-88639.7217,74134,-59618.4919,-64379,-57260.5495,54663,73477.1240,17923,-4177.3437
59606.1012,78958,-68496.8919,-72168,51769.1961,-89659,79677.4573,-95943,-20529.6989,-18665,-60934.8341,86767,9425.7457,51924,8993.2995,-97323,46304.7193,50685,-22884.7194,61337
-77328,3691.8695,74543,62385.5199,-82581,-49492.0041,11042,-77621.6995,76039,36897.2231,86839,-3871.6217,26246,46295.4050,-32676,88881.7437,-77092,-46157.9092,-97213,57090.4273
65255.4661,-62605,65421.1451,96184,84261.5533,80132,-20414.7892,62837,-88221.5387,-15986,-48908.7165,90333,64679.4245,-27672,-42174.9784,84709,-37932.9534,-30693,36255.5249,72357
-37726,9999.2257,30715,48569.6667,-51060,76977.5908,54030,15906.9721,80996,39949.8106,-53942,37133.9508,50609,-72456.0073,-72172,95168.1779,-97503,-35336.5138,50983,-60992.1824
-6944.2075,99934,-1773.9493,-29120,-11163.9179,-94473,-59616.5036,5552,30922.8674,-78854,-8601.4057,-43937,60964.8478,29303,47691.5522,1927,-59151.7144,86843,80417.5958,82956
11664,78249.5977,85978,90811.1229,84386,89667.7304,38820,30554.0288,-50086,76416.9401,-16747,-43717.3734,26988,-39432.5466,43131,15444.3647,-28550,-88564.9360,-54417,-36908.9271
-35394.1933,-785,-90809.8403,97526,7423.0955,27348,-87453.2022,57720,-14649.7428,47220,62282.5377,37140,43549.0359,-1782,-6146.2718,76490,-42238.8553,85885,59070.9599,27012
492,72887.3983,5415,-40218.3990,59626,-18248.1208,17274,72260.5562,-32625,-95427.8055,69629,34849.1067,35457,-48581.7513,38732,80300.0608,76486,-79994.1747,-46793,4475.7418
75254.7254,-11155,52408.2424,30317,28211.9338,-11123,-84876.0150,-87991,-93577.3077,90199,-98798.9555,28726,98906.5730,-7748,-16046.4414,-74330,-51659.2348,91914,4111.6619,90026
94430,27260.1456,-54367,31710.6595,-58319,-24906.9936,-98016,-78558.8588,67531,29398.8701,49165,-49186.4312,71748,60123.9619,-14242,42695.6585,-60045,-56114.0187,97677,-75709.8343
89396.5486,53431,66589.9321,-56801,-81348.2615,-65632,26132.6990,-53051,73457.4613,-90946,4083.9982,15743,-10149.3845,-74597,-14130.7531,68758,56216.0061,87425,20791.0965,-27562
-24222,98979.1858,24284,61947.6640,2989,71817.1663,-97866,-13858.7763,-30580,-59716.9520,89293,57283.2418,41639,81801.9783,75700,50693.0882,-70562,11076.8056,-90256,61875.0011
-98107.8260,-6986,19523.5949,-94847,79390.5700,-60067,-74049.0614,-36664,58464.0315,-58803,13654.3712,-39463,72215.0168,-43880,-53738.6860,48165,64703.4352,-67333,-99216.0011,9832
-40380,50992.8217,95110,-51249.9253,67701,-60189.2207,36849,94241.8322,44726,17584.3052,-93749,73479.7916,9368,-77353.0393,53780,55821.9388,819,-7971.3257,95591,-97043.1171
92428.4675,-10491,-63299.5726,22956,-38580.3921,88187,-70009.0741,-99196,-25850.5543,-59627,35758.7910,-30674,41126.3899,-25802,-50399.6658,-20335,69729.4088,-30732,-78470.2236,73555
38385,-94588.5366,60998,42119.4741,-6288,75787.8990,-82498,-5922.1574,19453,37397.3616,-53456,-69464.4110,-10046,-21109.9026,-22144,-65883.5950,66107,-44175.9242,45502,-97317.9400
17276.8218,63693,-90619.3228,-8769,-79235.9612,-48649,86604.0952,90495,-9717.0159,-49705,-95021.0375,-89121,97620.1910,53704,34039.2104,-11160,81601.4779,46473,-62488.4198,-60398
-52283,47177.9799,-57261,-37778.3074,67663,59636.5541,-10038,3699.6815,36914,91712.4756,62707,-84777.3375,-65767,-24658.8052,-55425,78190.0549,-80902,81878.8815,55805,-76289.5247
-7352.4654,-69637,27868.5485,9890,31696.8977,88899,67707.5563,71343,-59304.4042,54353,-59913.7137,98287,-667.3318,-43264,-35232.8623,-18746,88414.2211,-99558,70989.9915,26320
49865,93423.4094,81520,-84395.4558,17126,-95350.7810,-12827,-640.6246,-12442,53961.6199,-93154,-23222.1477,-25026,99453.1153,-84040,21178.5159,-24722,-3770.0570,-80327,42440.0169
78510.7628,-38332,91250.7445,67133,15164.2914,-64825,-527.8526,35350,-9371.0346,46592,-67653.2129,53643,17168.2749,-99927,64178.7071,-32319,-99115.6627,59807,76722.3190,3180
61023,-55934.6324,77598,83272.0059,-77384,-43147.4072,46172,-78553.2655,26750,71953.9656,66488,-29107.1603,81571,-90548.1741,19535,-53270.9048,61939,78434.0975,-25771,-12445.7304
61795.6248,-60696,-97674.1759,-96698,33437.0983,-35197,-88962.1338,18471,-25203.9863,87125,-45249.3251,-34865,-37609.7053,-34962,-86900.9662,36455,-38680.2235,50109,-74595.6575,32038
13594,-40712.4280,85000,47787.3611,52539,49337.7699,16346,11805.8787,99176,69488.2002,19942,58476.8016,2380,-38106.8499,-97380,76977.9309,-51040,-78241.8112,41373,58956.0845
86809.7018,46197,-22124.8736,-8537,35111.2833,66810,-78872.4590,-78667,29140.8944,3240,-25411.9010,25308,73331.4921,52807,10511.6093,4223,-21509.0541,33710,5196.6931,-71058
37227,-62158.1183,54061,79970.6705,-93117,-49515.5862,81695,-93295.2419,22344,33067.4356,-72766,31480.8924,95234,38599.1380,31319,701.6774,-43943,-36304.0860,-4140,-44591.2609
-16020.0896,-90651,-4908.9153,-50164,-44448.8111,74033,-22885.8086,65174,-92601.6724,54943,-41685.0530,51870,-26255.3918,-96240,3692.6987,47745,53593.4273,7751,87034.1730,45769
7363,46135.1431,4032,14002.9639,62557,83078.1248,17064,-3915.9289,-67024,-45984.0249,72748,20742.4543,-64198,-35041.2826,70037,13989.0957,-27000,99604.8871,5069,12055.5054
85242.1711,42725,23052.2739,-92799,-67253.7118,-67245,7797.3676,-77087,34094.1665,-27277,88846.3548,-64323,-88760.5519,44507,47652.6273,-38343,-82255.1557,-89211,98827.7390,56428
35680,86678.2458,82124,74661.3185,-74780,-18575.7415,22406,18308.2518,75525,-62055.7909,29405,89875.6559,-55034,-27393.6598,-73140,17926.6916,-27880,-91988.1650,50553,45323.2680
-39131.1622,-6754,-81583.7108,87759,-97551.9702,-99173,-67104.4397,-13154,866.2707,-69885,74987.1645,58090,52191.9817,37446,-13711.3215,69882,66726.2429,-52634,-75490.6795,-73429
-84530,91004.0844,-7031,-78696.2115,40889,-78852.8462,58462,-93944.4027,-68211,23213.9521,-42254,-7548.7698,86096,57646.8913,91019,-11385.8825,44749,55167.4848,12396,89654.3332
-27181.5393,73083,-83781.7328,74755,-96317.3356,-52483,96678.2045,-51484,-32953.3502,97635,-39179.1389,-42149,-99498.5013,-34708,53026.1196,-40294,81724.2293,-23173,-47761.4467,68389
-34614,18290.0730,43661,77666.4104,-49961,-66943.2840,20967,71498.7413,-95376,-91218.6546,-63003,-97304.5621,-28085,30618.7134,1805,-70298.0585,-85547,14344.1698,44043,3703.8899
-84319.5430,77205,76670.4832,10311,10974.0365,-30337,-27764.0026,28234,-77167.0102,-35500,32769.6565,-2084,-65269.5924,-27964,13822.3699,52089,-37385.5077,-90556,46633.2924,-48433
-45510,41920.1581,66242,-37515.9648,-98398,-31951.5343,-27496,-93013.7601,24990,18223.5287,-19833,-88223.7522,25820,8908.0393,12831,15533.5171,79610,-52505.0004,85737,35962.2284
-13204.1437,-83133,-71814.1795,-54329,23449.4568,-15339,85473.6326,91939,34358.3498,-37246,26299.0453,-71367,55606.4548,-79384,82274.2085,-67526,29897.6804,-22843,76091.0954,-66605
42436,97230.9935,-25362,-36325.4541,-94357,-31654.7341,41933,44040.2358,20180,-45666.4128,17363,-12135.9487,56580,37888.6281,75609,11391.0315,75264,-99616.4201,-9568,46265.0478
81945.9407,-97878,-61486.2112,-49412,-83464.1880,43428,39704.3764,73499,-63386.0838,-22838,-46563.9928,78618,-23240.6408,-12392,-67685.4303,-52501,64868.9486,-19802,-98162.6539,-78590
52052,-72723.9852,80791,-5062.1180,90533,77551.9727,65143,54003.9083,36560,28720.1449,-68532,70616.8179,55408,-88652.8478,7279,-31474.2034,71677,23849.6460,-32088,54042.9510
90387.2766,-63870,-94083.1872,95068,-50361.4857,66335,-20929.8548,98476,98037.5777,-53690,3316.0843,-35742,35392.8254,29530,81213.5029,-8983,98508.5022,-99652,-90580.4188,-59594
-17982,-20009.6580,25310,68903.9935,21208,57499.5497,81017,37527.0565,-22614,58027.2404,86088,5965.1552,76606,-57696.6058,67102,-7793.2371,15178,-95699.3440,99726,743.0904
82501.8891,3805,-36498.6176,-92985,47678.4359,-53430,52350.7838,-57044,96750.1678,49737,-25010.5850,56759,-63230.6095,-82134,83184.6738,31600,-7167.2340,89383,-91677.4223,-61544
83227,-20689.6598,-66214,-86652.5512,57435,-12979.0767,41387,84740.1379,-10495,-36468.4120,48698,29386.0497,84082,-54761.1891,37382,73926.6858,-80411,78145.9250,-50276,-3974.4316
-26633.7076,-43605,-9363.1868,-5422,-99452.2053,-70444,31349.2339,-75631,-12499.2111,-30468,-73624.7071,65130,-94604.3915,-24077,32345.7777,46576,77470.2623,12710,19081.2272,-14951
50148,-32707.2383,-83811,28582.2184,-78316,-12117.2635,49604,62892.8651,3313,-95051.7059,-40571,11274.0176,17281,-31730.1389,21994,31935.7638,-85998,87033.6683,26270,93786.9286
57050.6838,74651,-79091.3386,-31078,38108.7858,-86705,32141.6470,40032,-44370.7906,-47115,-34161.0255,-39351,-63857.0324,65470,22039.3731,-22765,-91966.4828,81427,66849.0722,-29890
26175,-39969.1539,-43089,-73.2736,66750,25974.0364,-15356,-43778.7077,-30028,-35846.6222,14134,-17873.8850,-3857,-15922.9290,-46394,-17190.3214,-94861,-47896.8152,-79440,-43763.4204
51494.2758,92464,-67718.6783,-86302,41176.5768,-88524,-61976.4951,64642,-84894.6403,7513,-93547.6206,7721,-1039.1123,-54196,-81064.7565,-57985,12009.8791,-53498,76584.1091,96186
-80179,22132.6695,94034,79631.5883,32356,-90672.5355,-83227,68085.7711,-96464,11127.3890,-78151,77591.7178,93777,-78192.7094,-6761,-41583.7944,-26446,40954.9640,75508,-98190.7048
65859.4264,47600,-8021.5027,-88932,73592.9490,74696,-19186.1675,-66280,-71699.5937,-34583,36732.3740,-65534,-67839.3641,-30144,98893.1401,-20404,77896.1552,-52110,-47568.8009,8045
-71642,-64359.0126,97000,-17561.3811,-62769,-16106.1654,52764,83147.2042,69861,-89843.9461,-85133,98452.4266,48437,-12571.7575,737,-21555.9955,-19609,-27360.1830,17862,38769.5211
93504.5568,-38893,78783.9993,-37878,85475.4738,-70127,10783.8512,94622,54283.3447,-51313,92183.9374,-75738,36595.2752,-35846,-28840.3879,-79916,-24148.5092,-23967,-31070.0708,-59069
-35627,11278.8974,27990,29356.7220,-97344,55648.3586,30620,60239.9378,23430,79636.8347,2664,-79960.5389,-59806,-53076.4074,51747,3697.7009,-48951,-71521.1765,24063,-5655.8640
19538.0503,-96255,5082.9687,57501,-12435.5206,53213,-36457.2156,33631,-15969.8345,-80138,62030.2414,-53419,64213.0910,-82173,-47333.5530,60037,-16986.6424,-73238,-97246.5382,37233
87585,51673.5631,-34687,52988.0094,-69443,57155.0999,-20961,16995.8000,36829,-71733.3187,-34205,4589.1515,-76299,-56393.8624,31089,-80722.5218,-72687,-94946.0789,25782,1061.9013
66103.5895,-93667,48119.6740,-92029,-57559.3828,-82256,28891.3444,-52628,-47292.1088,-917,-18715.3551,-83332,-11095.7952,-75991,61656.7530,92541,-75473.7664,-78630,-99370.0377,50015
-17412,43347.0339,-4015,43072.6508,-13243,-84274.7854,-71813,96683.8742,-9728,-28862.6660,55294,-76385.2157,69343,65694.1068,99811,-91492.2964,-1587,53868.1851,-30116,-26785.7587
-40218.9950,-79925,-75046.9398,46047,98042.8671,-75998,-57161.8049,11675,24792.1249,-97797,-31537.5319,-51037,-54172.6171,29504,-6525.3280,76692,-34813.3977,-98086,38421.9652,44947
47313,60724.7315,99633,55572.7936,-12662,10714.2013,-8985,-33075.7482,4327,3148.5112,-38257,-13240.2139,-56294,14612.1954,915,66264.0635,36542,29889.3774,54258,-64202.1012
-27628.5652,-20033,-24837.3093,94307,-45726.4998,-51906,3076.3760,28701,-61659.3035,31437,21351.3231,-6368,-98283.1808,-1539,19459.8516,-50360,54124.4378,22751,-84333.8944,-99782
34048,88680.8768,6650,-98099.6850,-12701,-58786.4324,99656,85933.8226,7668,-47246.9817,3955,2642.9626,-62519,-5911.7013,24671,96461.7124,69840,70965.0302,61665,18171.8088
20032.4936,72527,67301.7812,75951,27169.9013,74843,-82296.8162,-5202,-94991.0230,-89974,80723.2347,13166,61749.7786,233,-27543.7373,-53903,52276.2225,42653,22190.5455,57227
-69623,68420.5527,-28182,-17928.0610,43185,-24401.8138,96602,43213.7701,-28646,80414.5910,-22681,23445.0917,-18164,-18120.8298,5463,-24441.7134,54741,29115.3028,-36480,52423.5832
-16064.4764,5726,67216.6921,-75033,30194.8662,44315,31205.0394,-35908,-31048.8371,-4891,11337.8310,-94432,-46979.4454,-4801,30438.7089,-29617,-32793.8798,-58422,88234.1770,-59169
-43103,67501.4019,25377,-51838.1403,25740,30151.7634,71035,-93688.8748,-22013,79369.4408,7228,-95366.7518,-53961,26753.1646,68215,-79175.6411,-87391,78594.0470,-2556,40061.3252
84827.6720,-91405,42772.0466,-72681,37747.4322,-3759,72756.3602,64305,-87600.1495,-45653,-84686.5356,6237,-24530.0270,-98014,98962.4906,-98606,85534.8507,17383,-5546.8661,-63616
-97495,-48122.9013,-5278,-33856.2497,3865,98508.7795,-80180,-35419.2745,-50247,36526.0979,-66437,47194.1057,-77471,98669.6433,-55481,-73203.4881,-68883,-47717.8161,-1170,83827.2779
48413.2958,72447,6903.8310,81472,-56609.8040,-72690,22564.8401,-21220,-59028.9138,54458,-53290.1042,-80492,-62488.1377,-45199,83477.0185,-72560,42572.3013,-88362,-61050.5412,-82658
75158,-21616.3476,20960,84608.6501,95626,52643.0710,-24240,-8689.7236,-38063,93677.4147,-62892,-31703.7545,-36234,-72399.0785,-30232,-49252.3063,-73156,-74246.5665,-66857,27267.2004
70432.2389,37520,78892.5110,-95061,-54936.7508,-88601,77554.2769,-95157,-3756.7002,65293,-6205.3146,-159,-76125.2473,-98728,76974.2063,88598,2938.3863,-91276,-13866.8841,-82716
-56847,-52922.9284,-42813,78583.1064,13908,-82204.4080,-24152,-54080.5227,-81433,-42784.2223,35228,84376.6959,-24163,-37782.1115,-77337,-7824.7861,-93775,-66908.6057,83979,-77015.2755
-58853.8634,-90217,-5111.6854,86900,73873.0702,-54966,-75224.9235,-866,-89679.1825,88600,-78137.9465,70211,5354.7019,37695,-25607.9219,35631,-60004.4107,-87710,54986.4901,65101
-42928,51374.4340,27984,-64199.9526,53055,-73718.1104,45020,-26390.7743,-27211,-41378.8299,62556,38052.7976,-86190,-26897.8138,-13437,42994.7386,29374,50763.2841,97526,-48437.9416
-83107.2443,54677,-38738.2545,-11282,-12086.3340,-91677,-70347.0084,26369,-87760.8724,88041,-80654.1191,77634,-38388.0713,81609,-53778.1069,-51701,-3348.0021,-97856,86024.7588,65905
-86492,35890.1960,30184,93242.6320,74793,-52895.9957,30348,55322.1536,-88278,83789.9710,41916,-32801.8677,42703,79829.7946,-38711,-47948.1436,-9712,-96301.0868,-55972,-45700.7367
-63194.8287,14509,91194.0434,49542,29757.7625,16306,-62735.7950,15220,-18003.0559,-20012,80182.6949,1966,41763.0028,-68441,-62489.1534,83481,86535.4628,-56038,69596.6786,-76222
-35490,-2176.3190,-35469,-7819.5861,-89591,-83166.6775,37321,-19608.0509,26586,78298.6814,-92572,-72399.8461,-97998,-74724.0589,45450,50920.2672,-43136,-3518.1403,76889,22586.5593
22451.6105,-61650,-61317.8276,34668,-77012.1732,-39228,12697.8468,-92929,67302.6268,-52055,35252.2552,24891,67209.7457,-38192,98093.6775,-32640,-23680.1174,58554,-14885.1109,51649
-33953,-6855.8106,36029,-39483.8768,90324,-75387.9631,15387,-56447.7049,7753,65378.9931,-33828,2371.0050,-68166,-1283.5721,14773,-29138.5977,86532,46290.5780,-83833,87908.3243
-78561.5423,-2110,-65663.1899,-56747,69833.2534,-63234,76474.9313,-85266,-50081.6121,-69906,95968.5331,-2773,-55529.0654,11175,-59241.0467,-42638,31343.1403,-64804,25985.5502,11553
-73244,-11055.2882,-42966,47473.7048,-28724,36039.2805,50897,13440.5504,-3317,-98791.7307,39588,66278.7874,-2828,-76437.2048,30340,74799.1708,22762,-43036.9362,75812,55992.7426
44360.8094,-6214,88110.0478,88080,-10618.7400,-93385,-49671.8686,43252,2292.3880,-7817,-13921.5652,85772,-51213.2612,-59775,78537.9191,84503,-31452.8408,30841,-82101.2831,-41038
64605,-49293.1474,-90212,-11900.2443,99666,15965.2018,-5868,75572.7981,-47033,22156.4958,23593,-61738.4903,-42530,-82573.6097,-36255,66497.6895,36120,-22054.3463,-22569,-90658.0175
48867.7214,-41131,63611.9868,-30896,-64065.0591,-58193,72533.9876,81325,-97413.9459,-30103,-88841.9230,55540,17292.4937,-90000,-20152.9084,-12796,-97705.3233,5096,-90322.6536,44407
63638,62726.7896,-34804,-8931.1333,85178,23084.9637,15865,32538.8960,-53324,31794.7464,96407,-16463.0996,34013,-59790.0013,20049,29697.4849,-61244,-88454.1977,-68971,35599.6159
-67318.4456,-73757,-75742.7124,12445,66808.8673,-73524,1167.7706,-18389,88258.1097,-47872,-21713.4654,-81744,46078.2040,83535,-66006.7716,99176,-64546.5336,-52251,25342.4528,53676
-94588,92533.4843,80330,-87181.9316,79254,9441.6239,17958,92018.4401,99359,-1224.0372,-84731,-29660.7035,97293,-85280.0107,80324,-91595.2029,40583,4844.7932,17986,41129.3835
-70415.4399,-18471,40341.1663,78068,-11667.1509,70471,-57576.8735,-69179,-59590.2998,-68500,-59121.3458,94072,68814.6526,20892,-9222.7836,4403,75922.3700,22944,-70939.2720,-4411
82431,33720.7981,36955,62689.1556,-50605,-4569.3420,97799,-82891.6533,33565,-7190.1263,38841,96899.7240,97491,-99917.8939,-60095,-63997.9096,-98694,97659.1720,-69917,-31133.0849
98149.6535,81134,97544.6305,-17381,-27268.1360,-29214,-7001.4953,70882,84791.9079,64416,-88743.8100,-55538,-576.3020,84758,73286.5641,71585,1551.2404,2166,90666.8157,70333
21869,-83203.9326,54224,-65837.9246,30669,-21497.7494,-20749,33914.9357,-51442,-51688.6073,32689,-12063.2769,71747,54134.2143,-58508,-39383.1952,95014,2253.2314,4058,-32694.6707
-60230.2031,-17390,52663.0687,-71302,58735.5348,-93702,776.9881,-91795,-35531.9048,99265,80157.9495,-98555,-49021.6010,70107,12634.3032,51704,-59815.9212,-23402,93077.5219,9270
92022,2921.2742,13767,-35913.7710,95722,19776.6194,38810,3559.1846,70530,-22534.7118,-44279,31423.2866,69035,-45143.4391,-26236,5911.5804,57915,23923.5374,22611,74583.5722
-63402.1306,83853,-9034.3980,55586,-3333.8433,-32534,-48755.5808,-25577,98426.2393,86277,-18273.5627,-86333,-9183.9506,-17486,68126.9932,39811,75852.6927,47762,68614.4916,-86411
86963,-10574.6660,52944,-82432.3147,62711,-54069.8863,82069,48773.7520,51675,-2615.4733,-97476,-45759.8790,-28246,66191.7711,15014,-52929.1115,44427,38779.5580,1534,45843.8880
-26678.5078,-4299,81502.3310,-84157,56122.9925,20518,-9291.0893,-87613,-50632.7915,-4280,-64710.7678,88220,-97651.7919,-17881,-67998.6405,91725,46515.5941,81623,67147.3390,19192
-6062,90185.6582,74309,-39795.1161,-36197,-91096.6052,83403,-39020.1968,66692,-47103.8205,30238,-38111.1739,-40199,-95751.2126,-50920,-94860.2242,99185,91972.7195,47200,-14963.0561
5326.5883,-42666,14792.3559,-24550,-49681.9095,85400,-80955.2260,-24791,-55876.8461,27462,-735.8017,-74091,66586.5553,14341,-77737.3892,-24517,-58602.9265,-37171,59867.7711,86396
-17969,-41702.2885,-55932,61054.8208,72355,-43735.0000,-6165,9881.7077,66500,76709.8304,-64373,23.6307,9726,91081.4516,14068,24406.9365,-14630,33768.7439,-97242,-88806.1188
-93681.3983,-99793,-51563.4532,-67442,76993.3874,-95116,86155.2672,-26756,8914.3406,-71041,95487.3066,-80063,-67366.1279,94558,-91770.1655,-87021,-98757.6412,-394,-52429.4409,-28328
-96296,68519.9349,3641,61754.4420,-59117,-54219.9892,47418,5291.7927,84334,93639.8843,2608,5918.4827,88341,97977.1566,85751,64754.5720,-2966,36440.2815,98456,-86988.8012
72878.6964,22239,78404.2025,-11608,-16164.8228,24056,955.6028,-77322,29381.7321,60791,16299.8811,84987,69974.8315,-51483,-6817.0363,-17482,91148.4429,91838,-8059.7738,64946
30576,-57031.4462,78608,-76667.3973,41477,25458.6567,49025,21792.6154,33882,-92184.9223,18900,14162.8014,-15522,-75140.0561,-25437,-91417.4280,28753,-39125.3617,23830,70583.2585
48475.3308,-8080,-43355.1651,-50369,24164.1307,66494,-10354.4859,14929,76544.4772,63264,60617.8448,-3889,74690.1398,64297,-9256.2588,17253,19132.1818,-2905,-49344.9954,-27522
96558,-42364.1568,49996,-79891.5107,16681,65203.6125,37657,21088.6395,-35019,-97607.1237,-67178,-9186.4488,46984,-62695.0733,93589,-82977.2656,-17674,-36327.8951,-28905,70215.1831
16735.6886,3776,50092.8623,82450,-4787.8252,40814,-17293.3567,72079,73405.2917,68460,-52802.6414,-78164,-74388.1478,-78982,-74783.0602,-84240,36331.3594,-2323,78291.5514,93482
79236,75106.3063,82485,-47387.3465,-86217,99678.8976,-58087,-35805.6954,26069,14715.7571,-59571,19835.7787,45095,55487.4416,-61984,-39425.0418,-29722,-1850.2903,98579,29889.1593
-24662.2883,7180,-21760.0406,-71495,82071.4706,-26347,66600.5960,-54684,87208.8359,34101,-75583.6851,-77432,37415.7682,65221,-12629.5439,-7506,72070.3541,56779,-35079.4978,-81100
-403,-50295.3683,96158,-75347.7990,12306,31735.8104,-81166,31137.9205,-36298,-82486.4019,-2489,61489.3239,92289,-20073.3336,-74249,-73199.4873,-18334,16987.3672,-73922,-21535.4670
-75527.8026,50207,-85337.8853,-34130,67755.2690,-47327,-96975.5275,-97066,54100.9067,-77578,-98248.1931,30786,72636.2591,-50605,47007.4378,38533,-38453.1074,54013,-18879.5913,-2180
-54581,-73917.1567,-59314,75002.6299,-45770,-93531.5880,79732,-62796.6551,69069,-385.2438,43999,-83732.8124,-1920,-55861.7217,-9880,13630.9765,-74068,71286.7415,-22964,-99971.5805
42128.5022,-12196,48431.4229,-845,-11691.5224,-78261,26970.4543,28356,-64745.9767,74339,59992.2976,-24766,91212.9538,54756,-99052.6746,-1513,-72465.8493,13889,-90140.6934,51377
-96992,69231.7548,45713,-53632.0703,-68871,-67792.4434,27761,-28026.7816,98188,-45981.6387,59092,83863.8698,-56617,-1313.8699,-97916,-89948.6914,32776,-88286.6655,-60568,8722.5118
-24229.2860,53629,-91816.5726,-16447,-57578.7161,-65836,42686.2762,-41157,32525.3121,-42937,-76043.5364,-45316,-46750.0972,18306,-72637.9615,-38511,-8187.6701,-27517,-45584.1247,-66472
-15572,69075.5368,30780,-7821.9421,55814,7693.0192,-25791,65960.8941,-46827,91584.4276,-70096,78405.7685,-38624,15864.9040,54327,50933.2736,-26299,-1568.5900,45956,71939.9842
-90805.4471,-15180,1073.4673,58412,-31342.1105,98938,-495.3832,21546,45534.9644,84539,23268.3347,60886,70487.5494,-8348,26621.7272,80451,68770.8077,11374,-71025.3237,-86206
24966,59890.7267,29738,-44218.6469,19628,41390.6376,10952,59114.3995,78131,61000.5373,16371,75336.6514,-61337,90985.0017,26753,7807.8927,13811,4701.6175,33038,-45077.0966
50525.2620,10768,-1682.2327,25030,-8987.7075,37021,66919.5989,96672,-39930.2416,-91478,-88548.9465,-58350,38148.7589,-27037,-9839.7855,22695,-63085.0242,-41171,-48630.3286,-47687
-71528,-53314.4502,82148,95830.7260,6837,76717.9839,77540,51396.0455,2371,43126.0362,-5733,-10730.1981,1504,66945.2777,19133,-55882.5243,-6626,20422.0302,25394,-33885.0708
-16349.0342,-18282,83485.7280,28804,48653.8451,68712,64556.4647,-6278,72385.2622,60902,82464.7051,93160,73286.4875,55657,30291.3354,10499,73974.7894,71718,-20148.4134,-80714
8037,-61998.9044,-19608,-41206.1832,-62054,27857.4701,-64553,71946.4574,80435,82072.8588,-44608,44739.3738,-20424,-41071.3744,65564,74755.3853,84412,-72563.0928,47418,19888.4554
-25993.8146,-53534,25584.9691,80012,-21816.2314,-88227,-60936.8858,10400,-15770.7929,-35480,-84084.8935,57769,7976.5444,87400,46117.3598,5951,42803.1028,39440,-50033.5637,181
-53932,-65569.2314,-18380,-93896.4591,-33728,64224.5020,31542,-56789.8472,59804,99352.3473,87271,47766.2943,-91861,-98348.3834,53481,-22541.2708,-51369,46104.1651,60824,4455.8142
19264.7334,55950,-50447.7538,-60743,43612.1860,-48647,94027.7545,-13251,10350.4381,15978,6300.2303,78830,-73865.6860,-24352,40027.2920,7547,-51986.9769,21761,56876.5129,-51397
-49052,74678.1914,-43693,-74480.5088,-51953,-59.3032,31481,-27212.6674,-27330,-51722.4839,-20817,-17913.5173,12448,-29549.5827,-9563,55863.5826,-99757,73211.2503,-38715,80652.5828
44417.8021,-48615,-3732.7852,52563,99686.7342,-72107,-89146.6702,48828,56453.0226,41714,71345.1616,-65293,-79062.8821,-18236,-81454.3233,99256,-43401.5407,-7162,-47325.6676,128
51661,-29043.6598,36867,-91210.6376,-98705,28566.9546,-28040,92372.7991,-66265,-34489.0795,33577,17060.1644,-65975,-39289.2506,-82331,20932.3176,-52979,-74659.4965,19343,-41946.3679
-3421.1533,40782,-6098.2655,94430,91261.9154,-36290,76658.9360,-96726,13880.6093,-27583,-15883.4781,61875,-95380.0892,2772,5835.1447,-20926,-40027.1189,-65426,42291.5042,-56156
-417,-73465.9907,13783,-85059.9381,-79370,-85105.0091,3938,-93150.4068,46570,64865.8252,78673,-83400.4645,-77789,22455.1780,-33772,88756.8511,91363,-28663.8265,37600,-60347.4394
16227.8507,39412,71681.2041,27978,-30255.0647,-28838,71852.4052,-34728,46541.6848,33402,76251.1495,-77788,26243.4687,-59740,95767.1559,34750,-68042.3562,-74467,-90414.6390,96834
82063,-98837.4378,-28485,79270.1922,-19483,9895.2816,26683,52869.6061,-32348,-4073.2279,-80364,22940.2078,65839,566.4695,91219,71540.6023,81486,-97229.4568,58924,-48446.7873
-51477.1076,57177,-11900.9140,19536,32372.9924,-79407,95017.7584,-68568,27175.0637,-37648,-97539.8135,31934,77570.7242,-81610,-73342.2835,52929,23332.2284,-99225,-54778.2125,-96264
-95279,-5582.0591,59605,50092.8395,20193,66114.6569,86849,-38569.4553,-60695,54753.8751,30519,81358.9766,95616,-23006.0481,23848,7572.2228,1844,-94816.2889,73653,82499.8525
-50105.7522,96945,-44998.3869,24868,92045.5090,91623,46776.0162,28322,71907.4795,3619,47106.8810,-49488,88554.9850,21435,565.0754,27719,-98790.1109,84218,29938.7364,53941
23920,39990.6859,-71025,79521.6750,73977,14173.3965,39845,26299.4479,-25397,51910.4967,66114,-53773.4042,-10491,31797.8093,99290,-63638.7475,32652,37694.0401,-87878,79653.8776
27134.6052,-77780,78334.2810,18020,-6114.9330,-99221,2265.7062,-53528,21267.7956,-91962,-12383.1142,-19495,-1451.8855,85858,-82079.2085,57601,84219.3467,-30877,-93857.6282,-30934
36525,-20866.0558,30530,74868.3571,42900,-18221.9595,64097,13019.2630,-83892,-32420.4935,66669,96532.3388,56176,-16111.3669,-14690,-87750.6979,-65548,-53619.7787,35229,29841.9651
-60578.5273,63811,-21038.5831,-80237,78762.1121,85,12730.6211,76472,-49592.2946,23017,52287.0531,-94204,24258.9921,-54141,32354.6494,-4971,30894.9638,88896,4580.9418,-11740
30854,-81115.9553,-56351,-35749.3013,-12322,-90446.0926,40516,59574.7431,23413,16440.9474,10323,-67160.2505,52111,23418.9552,-94970,-23543.2634,11598,41585.2459,-41013,-73246.3184
21785.3176,-16323,87123.0512,-62682,-31540.4503,-80845,19018.9993,-39026,-90936.2749,-42101,-62250.1919,17669,40643.8757,19249,61835.5718,29856,-71164.7896,-47898,-31915.2936,89711
35309,82150.0214,-89776,75505.6482,18026,-68933.2348,13703,48111.5320,-68481,79165.0011,-4907,52150.2367,22756,74546.5627,-86238,-64902.8630,88689,-46208.6902,27684,-90821.3556
80476.1325,-33349,-61350.8104,-54255,-66810.6470,-29194,-75537.3874,10986,18158.9077,-27180,-42646.0166,67942,34150.8022,88601,55668.2933,62042,59654.8806,62659,-57607.3706,22933
-51606,-28493.1951,-59509,-81050.1768,-9280,43918.8301,42697,3736.1993,-59284,45875.9048,68701,-12752.7588,21144,-84482.7977,37262,-74756.9803,-88042,-54058.7282,-4247,9006.7964
-4461.4861,-78381,64004.5725,3769,-71060.7964,-67530,1966.5795,40998,32938.8394,85872,16326.8749,-15937,-56275.2457,18298,91091.3172,-71609,-55424.9009,4167,-16483.4113,82171
-75782,-8446.7981,49480,-85629.3830,-49057,-88396.8409,-43296,-62022.4737,43080,-42080.2532,85959,-8178.2422,-88365,-19616.1330,74559,63561.7785,-59288,44765.7028,30316,-76240.6557
-99557.9092,-89508,-9316.4907,28110,90522.1000,20742,-703.9512,-78574,28807.0092,13217,3474.8662,-80496,21502.1859,68118,-6512.4380,-75190,-83304.5345,51151,12800.0520,65469
76137,-47134.9459,-9950,-6579.1416,-44082,-3225.4797,62792,-96193.2370,37599,-60706.9509,53242,26547.8819,-66796,37845.9938,19585,77389.4949,-51466,94735.0572,-17509,56658.1908
-64935.1057,93399,29245.2361,2559,35616.6569,78949,20044.5191,-8761,67229.5715,-28275,40508.6965,-40158,30271.5366,88788,14123.2736,37897,-61217.8105,-83202,22516.4618,-85526
-37060,15365.3124,90262,-11785.6283,-42078,80340.1235,42935,-5285.0149,-28285,-56852.3849,90245,-65889.8870,2384,-67746.3201,-90670,1765.2286,21596,2938.4252,24151,-97985.1326
80459.7902,-39208,-9311.1455,94154,78364.1998,29125,-92533.8494,-59920,-11497.9350,-21494,99132.3559,-53151,6026.3724,-62559,6924.2795,19306,-23475.0368,-42599,-84566.5807,85347
12733,19973.8489,91480,-39368.1054,-77408,-37621.3151,49983,-10211.9436,97905,-2343.0624,-58051,-51263.3292,-19966,-31997.4715,-99731,2881.7576,18290,8767.9475,-37582,-93133.2101
-1465.8832,-62140,57994.8907,3880,-80617.9095,69386,99821.9461,39842,-23953.7650,52878,83139.9444,-87832,-62298.7307,48455,11501.5620,22178,-57788.6168,73993,55791.0824,96149
-15640,48470.8890,33360,51194.8398,-12025,-26232.9877,39831,4571.1160,-72729,-83168.0864,-80377,-59744.9764,-9108,49486.2823,-69234,82643.5888,-77108,-46964.0730,-70871,-11920.9434
-73067.5092,48188,65069.6088,-1735,58147.5784,79730,3308.6192,62069,41846.0893,98078,-68893.2929,-86556,82689.5732,-59423,65310.0020,92260,88383.7650,-50435,52018.3874,-5372
4968,25856.8349,-82752,9946.9605,-70805,51084.3593,-94740,13657.8829,48894,25607.8581,-22107,-75499.4332,65943,-30751.5316,-74439,-19374.6062,-20723,-23439.5454,37852,-54463.2201
93255.2255,71750,-72418.0389,-95491,-2527.5291,-73739,23233.4389,-51003,81426.6209,-84763,-99672.2929,11888,12480.5777,-67731,-48652.3318,16444,-49890.4337,55176,-3612.5023,96018
41196,-92221.5603,-56992,41960.7095,27474,19601.1258,25130,-30165.8612,14291,-304.0106,75939,-63505.6213,-20839,46915.9746,58843,42018.8929,-55892,-70097.8780,16144,87584.9490
-48869.2793,-37537,-15923.3082,18359,-55430.4021,-90209,1724.8187,-83143,-3582.3769,-72546,64263.0277,3159,-64360.3778,62329,20370.4794,-79956,41353.3938,91409,-51923.5957,49029
-68705,-59167.4427,-72799,-77141.3248,-8427,-80809.9095,-53061,-14161.2433,12730,-46003.8515,-69236,-53844.8018,59102,77211.4636,31491,-2658.9789,33484,-56114.2300,-59338,4207.4824
98659.7147,97275,5026.8563,3289,85118.7352,80285,15054.0865,95982,36311.7881,9877,95460.2008,93428,93373.5986,-40101,85437.1619,33360,-53503.0952,93887,42137.2125,53305
-85076,-17559.9626,-8351,62050.4758,39300,32091.6355,96239,-63029.4508,-61660,8116.8377,-96581,53387.5887,11050,-82632.2800,28294,49743.9226,-98802,50206.4923,-43632,97618.0159
68898.9352,35755,69265.2057,81023,49813.7433,-96648,-84627.2026,-7312,-58406.0622,14735,8218.7509,-86211,25195.0409,24288,79456.6297,43780,-4315.5162,39075,-50397.6485,31653
-44100,79272.5147,-18994,-74389.7643,53042,72461.6978,-21260,544.6673,44639,89899.2517,-49087,-95540.2980,81586,-46701.9282,-35081,-20383.7252,23920,56639.2829,-6886,26601.2231
-48893.2836,-73267,65596.1412,1787,43591.4167,-74,-56504.3427,19250,-98627.5750,13088,-22047.8953,385,-69786.3826,22236,-64569.3027,92404,-44936.4096,-22936,-3465.4491,78852
69086,96426.4583,1226,81027.5435,-12049,-86110.4973,1157,31995.4639,-24130,-56991.4214,2039,-78715.0011,85739,-7847.7087,-25872,-13671.5758,42352,-61382.3306,-93379,-87076.5109
-73584.1840,78337,-33140.0260,-47891,-20039.1727,-5453,51350.8456,36645,-49952.7844,-17770,-84573.7943,-49782,-73076.5605,-89169,15796.4867,-28344,33541.6350,-26724,72446.9094,29262
-40720,49235.5104,-24700,75762.4706,14539,-25366.2065,85940,-99956.1762,-86175,-8162.9160,26877,89588.1146,-15501,95553.2933,-73708,42941.8422,-45274,99567.4922,-82619,59826.2581
-93997.2809,-30784,-49325.6822,81234,40172.6702,79930,-67125.3088,-49964,-18572.9982,-34424,8843.0321,-44903,65779.8971,93188,43457.3648,16898,37299.0866,-28393,11884.0135,-2311
-1243,-50954.2431,41309,5966.4239,25647,11339.8164,61122,-7853.8962,-63215,10316.5321,-45421,-90249.4981,85453,15526.4497,85034,-30151.1750,64007,28890.7350,63791,28560.6376
9073.5974,27945,11831.1135,-17164,-20971.1289,-72565,6506.9559,8539,33392.2551,50510,75935.3299,95597,74062.5157,-30324,-4526.4626,-49554,62893.6311,-28981,19885.1730,15557
-89995,-98507.2376,-4458,-19033.7076,70697,85687.0717,2225,46471.9362,-65751,-62438.4522,-17866,-52305.8212,-69227,-31712.8550,37579,69158.2230,-4499,-38826.8022,43850,-71434.8100
-73202.9897,-596,-39773.2902,-32373,-43210.9236,-61451,-74280.3062,-49798,11787.6205,17667,-50139.3204,5882,61576.9328,54159,-78165.4449,-66613,95582.8987,-29719,-75785.1544,-67912
47413,-93055.4545,-4694,2158.0759,42973,-27383.3411,61639,18737.3898,98118,-93378.0820,49594,56634.4539,86833,-85701.0695,44594,-45024.7330,-27394,-55114.1736,-75779,-81847.4930
-42034.1087,18532,49374.5710,58860,-6166.6016,28810,90356.8370,-49226,67517.4572,73140,-94142.2315,-4647,27552.1715,-7770,-85414.4365,-57997,-33745.7217,-72908,-37419.4089,-49302
94272,-72489.3552,35669,-31436.9595,-78561,50829.1046,-70958,-78350.9053,-22046,-83777.9305,80614,28777.2403,-29115,-29071.6505,64833,17811.3106,-70152,82800.2500,-6002,-23023.5791
98027.2735,74426,15809.6291,32644,48729.5675,28688,-64466.2327,-18935,-41082.8552,74738,91453.3965,41735,-72810.7607,-5726,-41702.9714,65105,69764.1459,-5273,-94908.1967,44402
-42377,18080.0280,65073,45371.8012,35476,-63305.4743,30090,-49237.9998,29542,45226.6550,-74776,53723.4319,-661,31065.5347,-95142,-13169.7916,-17971,50739.1371,77697,-52422.4132
-79939.2015,75514,52216.7307,85519,90541.8086,-55551,49985.2275,-15326,-33471.4862,42747,48478.4031,-27087,-76475.9617,-21705,62079.2525,64980,467.4416,50003,-79682.5585,-54402
89035,88695.7591,53212,89022.5246,58161,73333.1265,-9833,-62875.3180,16537,48679.5642,-70399,-6348.2508,-41119,-59338.7827,87693,84713.9866,61350,76953.5191,-76618,-95342.0985
-26775.1220,46097,-66128.0337,72173,-52132.7018,-97994,-53066.7088,26355,31244.0627,96796,30858.3971,78943,68378.1611,84480,-18599.5737,-13654,38448.6264,23936,-20175.9496,3098
97859,88355.1030,12162,50348.8862,76406,-96682.7257,-57036,-94788.2322,-26051,7722.6919,6171,-98317.7344,-28065,-10330.2144,3968,92252.0679,-88850,37146.7252,-95811,-61634.4956
6390.7180,29619,74781.2784,26480,81915.3397,29616,-87972.0225,-39001,53872.3459,-99648,-43311.6682,23200,-73416.8246,-6502,65889.1065,62871,-1384.7218,71132,-48871.5093,-65606
69578,-66495.8320,-60263,-4645.4591,-68882,-61734.7267,18049,88068.0779,57312,58443.9550,-4513,-21798.9641,89908,-47394.7596,-9569,-13462.5494,88259,-96990.5975,-34545,-23336.7738
-71403.1247,56730,26232.7715,67595,-68387.2977,56951,-26926.4584,-87484,6036.0166,-43850,-4759.0716,-70855,-56406.8941,-89232,41374.2837,-99877,25988.5822,49169,32448.2716,-64835
-90184,16612.4278,-43831,91877.3538,33317,-39330.9126,-33944,-16085.5319,-52589,-60154.6090,-13301,71870.3238,-58168,24378.6131,35821,56778.9208,-89341,96613.4116,42178,89780.0510
44554.5563,-35887,66030.5983,-70702,-37669.5864,96068,-36408.0651,-36616,19415.8849,65701,-8785.4776,16835,36590.8460,31901,-79396.9657,-90228,21814.1284,-55353,-68122.4818,57501
22023,-84530.4060,-36403,78331.2955,-74815,-41143.8828,42850,-36904.6126,-95819,-92834.3329,-30903,94440.4586,50859,-52297.6077,-101,-31185.6285,-1506,-63879.0380,-26434,-4968.3476
79620.8960,87239,-76740.6594,-62645,-17404.8652,-9378,78298.0847,-24970,3520.3127,819,-85229.8767,97276,-72855.0354,13787,-95736.1870,-18824,-93913.7260,-71694,73644.6069,-63680
-92448,3322.0566,-1411,-91856.3792,-11261,-45944.0433,22225,38687.5880,36618,51066.6948,69170,66321.8278,66074,-11862.9688,-45175,73316.5384,79445,-56377.4299,-81293,-23480.2738
-75188.0062,-91575,99063.9944,-80326,45457.1579,-70918,-69981.6921,-34063,13598.9215,18838,19509.6440,-71074,31314.5174,40505,-82835.3960,41045,-44870.9285,73798,-30765.9017,64693
91549,-28317.9785,-17794,-42903.2389,-95626,62181.5921,-35160,-87982.3615,55111,79608.3419,-68719,-1433.9660,25046,61749.8199,59756,-3650.8414,-8844,4071.8233,3468,-73858.3271
-86286.0186,-55857,-96788.1802,81423,74719.9844,-84371,-81254.2750,-10106,-60973.5361,-38511,7593.1955,-72751,-13002.4009,-28598,64401.7320,38495,26158.3552,-28990,-94840.8589,5992
-80153,-42360.1783,-85102,-23539.8101,39710,-8622.4879,-39340,-13596.1893,80099,-86731.2348,-45865,-81741.6702,90525,64146.3525,-57792,-47053.9970,94498,11764.6089,-89472,6132.2769
-49422.8627,24926,39349.4189,54476,65284.2261,44361,-37599.1763,30996,21623.0398,93062,17771.7045,64776,5540.6240,-78024,12224.9926,43100,-87567.2049,-37317,77788.0696,9077
86772,2986.8322,-21774,-29295.0204,-31809,23912.3094,-58322,-92899.5905,-68562,-74476.8995,-35183,19512.1213,-63794,64604.9651,-29804,-12668.3734,59463,41926.4177,-41067,75318.5915
51952.1559,42497,-73787.4356,17250,86812.2283,32141,-42718.9742,-84124,97727.3429,-10970,44634.0847,-32328,80770.6429,-56503,8686.6195,-83763,81511.7983,94255,-17256.0442,-13146
-5813,-50605.1967,62493,-1319.6632,55381,69258.4819,-81123,47551.2468,-4154,-57669.8539,51098,-53709.2671,34283,-60990.1520,81154,17273.6280,37364,63966.3423,-86942,-6762.7043
-94245.6422,-19514,94254.6233,17966,-53194.3100,-56598,-73073.9713,90837,-25496.4885,-53884,44489.4955,48252,-4051.7029,-33245,46317.2756,-67688,63219.6336,-88249,60514.9307,-59695
-58012,63174.7910,92375,35170.6793,22949,67414.4424,13395,77870.2600,-64692,-93234.6103,74303,-70250.7322,-57708,26508.7681,-67880,81845.6506,-8208,20137.3498,24567,-12951.4309
-87160.6866,38421,96256.0045,-71387,24264.8240,18385,96871.3366,-64612,-1869.0800,-90244,59318.3776,82666,-7422.0192,-38328,31258.7783,-21735,-51271.2707,48894,-52413.0742,73040
60880,-85501.1090,34276,-67032.5261,15847,-11206.3841,94294,-95175.2387,-95095,76327.7336,-39773,-35121.5686,-98071,-45140.3755,-64778,-66986.1243,-64642,-58556.4403,25134,5387.8277
-39580.2769,26122,-52622.4135,53088,90327.2794,-29112,86860.1160,38847,19070.5326,19087,-86367.3274,-86444,9135.1612,-16368,10906.2646,47687,85050.8633,-55997,-70955.0202,-87061
-66696,89622.4585,62335,62185.0537,-38892,-2033.9245,-4967,-68120.6488,68506,10987.2587,-15703,75959.5354,69118,9408.7146,9917,-74368.7335,-99091,-79787.4924,-63433,36324.5372
6938.5205,-30101,31964.4067,-71347,-83231.1186,40500,63806.5606,70842,-94286.5330,70056,94616.2854,-59065,30086.5430,-9436,-24523.5038,-42373,39968.2522,82208,49952.0737,9195
-70941,-83183.3097,-74360,-1408.7836,-59731,-80793.6577,-81298,97752.7684,82527,-8871.0300,68087,-11647.4918,94492,12291.7703,-39419,62806.2542,68033,4438.4072,92694,96329.9025
17204.6732,-53035,-81740.5020,-36279,-32989.9563,77070,48659.3320,-86769,-22434.0348,-62768,8310.4102,-47297,30295.3035,-24509,7474.7085,-62478,-11852.4268,-14127,-99211.1535,-77998
74835,-11076.4879,22355,18691.6957,14904,40564.4852,63160,77345.9805,78995,-78169.5515,91523,-67749.8541,34497,83669.5388,88202,-51969.2895,98737,-39046.5331,25255,-71307.7560
67224.5241,94149,-35118.7090,71679,10881.7866,-72697,-8440.3624,69530,5894.9095,14819,22943.9709,-84503,-52652.7647,21681,-18108.4061,-93347,31904.1374,38940,-36372.4102,-27450
-56616,-58481.7181,-99844,-17712.8680,-61282,-79085.8811,89269,-48830.5851,-44141,15873.2373,5474,78196.7006,-20308,-17474.8679,-31362,-20900.5261,-126,-36450.6474,63596,-64584.6026
-539.2601,57379,96333.5766,87258,-91892.4796,72438,41014.4756,-75250,91981.1250,-89874,-80618.7656,91770,-72137.4547,51131,-1312.9794,-62142,-2048.7963,-77464,-35157.1112,60945
-80007,83185.2742,57511,9591.5006,-43541,-81102.7792,46383,67804.4960,17566,-73786.9511,12353,33.4113,-41099,23799.5393,2662,-34346.4382,-82747,79984.7456,-26796,98034.6710
-12125.0648,98813,-96182.4838,31242,-79667.6965,34117,97246.7306,65655,-99464.5520,96724,-31743.5337,-96833,14241.2067,-69608,4389.5220,58636,97727.2975,-10933,18167.9356,28530
77511,-2239.7325,94883,18143.5011,38047,79099.4059,-96116,-55130.7917,-80921,36612.3528,66267,86983.0535,91283,-93488.5039,88498,-92229.3397,-95011,-58891.2381,-83132,-88775.4900
-34237.8554,2150,-73543.4636,-68384,54035.8320,9274,51693.9107,-90829,40809.2958,56265,25248.8810,-22048,92994.0772,-15456,-39608.9734,-32524,-80665.3567,-45092,-52583.8153,-7135
-88580,-93478.5965,59090,-15481.5834,69313,-91503.1189,71384,87452.0588,-83680,33312.5398,72476,91543.7351,61328,65794.1149,60896,20565.8986,61951,87827.6243,-44617,18693.9872
77860.3157,-86573,92296.4698,40079,98333.2844,8725,49571.4280,-3301,-89118.2875,26309,-25247.5003,62237,74678.5571,-43635,57643.0772,39146,-98387.5074,5146,-52921.0709,-36417
43763,31823.6288,49664,55207.4668,2403,51691.5692,53591,-95612.4350,81245,-26897.5331,96881,70630.8387,34773,-41221.8076,-48673,50195.8394,-77316,76071.4153,-32905,-82343.3504
-80866.5022,-47630,94790.4396,-3410,-57651.5057,31506,11892.6388,-81395,-50098.1341,84037,20373.9209,-26535,-10242.1007,-59323,77561.5897,84820,-72741.9048,-93172,93185.4299,29854
-61620,60648.4103,78667,52253.9084,23032,16729.5515,-19214,-59354.6162,-47495,81548.6545,-38528,61318.4709,27275,-35731.1389,27384,88402.6951,98514,65525.5871,60620,-69063.9023
85028.2145,-38409,12009.1004,10788,52677.4965,64019,-40126.8689,38558,-23219.1494,73726,-82888.7705,-38404,-59782.7604,-80460,49154.0925,-62071,-84663.0237,-41081,19523.7097,7497
38303,-79166.4773,71509,-8795.7057,-77328,10545.4414,75615,-97617.5681,15713,46799.2574,41632,33825.8274,54962,-14823.7232,-10272,28137.2240,-39807,42621.1822,-11653,28180.9918
51058.0328,-62973,-16893.3065,-40104,90708.9106,-43784,-83433.0360,8909,94079.8837,-11600,95297.1257,4104,-36512.5609,-27899,-62667.1707,-88334,-53458.5706,-80927,-73471.5413,-14385
-13457,-13370.8314,-3237,1725.8437,-21269,90484.8402,-80909,-31772.4051,-38619,-36809.4378,28120,3558.9744,-45505,-26464.2299,26098,96498.7518,-43957,-49540.6938,-68943,98844.5931
69612.5755,-16165,-4561.3641,-83317,-91539.5594,59059,51892.4921,-89073,-39588.2877,59207,-76122.9608,-57894,58637.3436,-38263,32453.1685,-46735,-18551.2141,84089,-35758.6477,-72010
28182,-58236.4278,-95387,-4520.3950,-94304,9737.4152,-24380,94168.1034,-71692,47434.9186,-86366,2663.1858,41029,13327.1250,-39213,65283.6787,83668,82009.8714,36085,-19739.0731
-53327.5659,-48421,28090.8627,38854,-77048.8592,50169,89103.2410,-68179,-54498.1707,77607,47280.7800,28224,40729.4306,-17583,-93767.0475,72392,-80897.2917,-93452,98964.0584,-3924
78093,-92081.9596,12950,81639.6730,61942,79750.5791,-69990,-59019.6659,-70117,-72035.6615,-27924,5000.8301,93689,76054.5312,56888,73249.0165,230,88244.1989,49761,17863.7784
63509.1119,-65092,77602.0015,-45013,-40000.1969,-17110,-54134.1444,-55374,-92167.6788,-54243,22839.8682,67029,34990.0763,-41202,-46816.0045,18648,-20137.3011,56594,2232.2370,-8696
-83163,58783.1578,19601,25896.7652,60121,-76872.8399,22101,-64290.0081,47395,-23078.4072,63451,473.2354,83317,31820.7188,-40531,-56188.1790,-31476,3396.5504,-50830,51385.6132
-27367.1266,13936,74664.7784,-90512,-30335.3644,-66561,-91634.2526,71588,-89474.7356,82309,-98448.1646,-23588,77213.4153,-16038,-81445.4653,14764,84375.2222,-23201,49632.9613,60195
-820,63583.9646,-8234,-37638.4054,14873,-43871.8422,-38664,69809.3431,18713,-57224.4651,-70812,82956.7558,-22655,-15148.8959,-42229,-57321.9496,87123,34681.5435,-72230,29998.8137
-97666.1360,-24227,69808.5637,28444,94459.7707,-46057,75395.2299,8766,-82208.7359,19326,4069.4079,-38126,-14431.8263,-22641,28998.2201,-60347,-63533.5723,87251,40373.3504,52258
-43941,93574.7362,94217,-65574.7042,-14789,49267.1944,-78325,-47780.3794,-82366,74949.7898,43225,-99082.5498,-25994,-43297.6882,-70438,-67481.3115,24094,76940.9026,66941,-7112.3572
-16151.6997,98048,39764.7924,-59402,-88098.2812,82659,-85903.8034,99647,66099.3097,-19582,17055.3170,89522,65947.7253,41709,20426.1253,84206,20987.3075,69590,-72288.3449,-81281
-65486,89375.5810,50230,-55921.0628,-65240,-79453.8087,-9263,79334.2598,77942,32932.1531,-78746,-50317.0861,-87598,-44470.9474,70496,-91746.5369,32453,-20267.0811,-36903,-32567.6517
-61159.0647,46729,-75660.4951,51609,-77615.0299,41582,-39919.9622,-52144,-68145.1872,-82803,60529.9273,31137,-59974.6414,-60641,-34723.9309,-47069,30664.1943,17213,97997.8538,44757
-93542,-38824.4245,-68956,-96606.5155,-2343,72067.7604,59403,-11696.5433,18611,36286.1215,-79062,35767.3429,-11901,20138.7522,14103,17962.9647,76449,59718.9469,93189,-60484.2258
-67686.6356,81179,-9426.7742,27499,98902.0978,49755,-83670.8417,-51882,-3090.1636,20913,-92911.9976,83962,-14670.5813,-51802,-87677.1750,-46656,-73205.2283,95551,-29644.1081,49074
-75899,-41889.8445,34076,91697.3151,83103,43619.2780,36318,-35433.7637,95008,-81326.9107,81057,-45802.1116,-53701,-49658.0976,-88822,41022.8934,-64038,-4741.3323,-80232,-59711.4336
-2580.9524,-45546,-8556.5345,24553,70439.9494,-68904,92351.9254,-57438,61882.9121,29769,-73235.4474,40655,-43685.9840,54837,11198.9634,-12262,-77595.6003,-50302,36537.2484,27351
97144,67873.0433,97601,-60618.7913,-73158,13093.3439,80694,-35019.8905,43003,-36973.2455,-22439,42295.5751,28506,-48513.3243,-46484,-10751.9354,-35336,94402.9406,11455,20874.9996
-67433.9443,-17861,-7220.5992,86031,-8400.3123,-58589,-75930.1947,99908,30810.8598,92912,52223.2363,42836,84155.8163,-17542,1315.4205,-10471,60373.3773,30035,-22161.6515,36612
-10754,-87359.5007,-54013,8725.1248,32061,-34419.2717,-56735,-3396.0408,55047,65937.4631,-5708,-17896.6754,94882,2.7871,-29239,44446.2007,96475,-50697.3658,88089,39102.1122
-85432.8943,31203,-11633.7290,-59479,-26343.2458,73482,-25873.9400,-25654,-15250.4416,92022,-80305.5064,-96463,6246.0909,62214,94390.1282,-26716,64770.4924,85833,-20898.1186,-13735
79316,96039.2507,19605,3579.2171,-37006,-74775.1701,58639,-25366.4353,-86807,22214.0385,-72786,4947.2647,5913,32897.7228,-23532,33509.8743,-73733,91818.7557,76784,11357.8747
-15382.9689,67728,21135.2006,-85862,55427.2306,52018,-22641.9750,26524,25490.4402,91915,-42050.2841,-12336,36111.6171,-57043,87210.5644,71478,81654.9593,-46908,-82944.8004,-31528
60376,45128.7272,-72803,-7447.5595,-57281,83854.7286,-89251,37643.4777,-83365,-35843.0496,16857,4820.2412,58014,-30715.6720,-43760,67342.1899,62411,11974.9451,-13709,-39798.0616
-74297.8039,-11857,-77207.5135,-20915,79324.1253,96068,13140.1144,-19380,21137.1695,-71550,77780.4365,35988,7699.2945,77653,-45255.8250,31875,-12224.5411,9756,9679.4516,97331
20693,97361.3750,57187,-94767.5649,-35394,58152.6138,-24588,-54455.6044,-34702,81670.6913,30684,-68157.2770,-81575,-32365.7829,98885,88730.7292,-71020,-8224.3076,-70688,98556.2052
24604.7677,-23632,41252.8460,66842,85374.4558,-17790,-72842.2403,-72509,-38659.9632,-61363,-61663.1091,46539,-9046.9378,47625,46510.6959,51716,-15503.9872,89256,26944.6094,86783
43807,50039.7684,-46267,99686.4736,-89871,-59366.7354,-69149,-69998.3971,-80215,35763.4346,-21541,73465.4653,-91647,-16626.2782,-18787,81356.5720,-93925,-18742.0383,-42924,-12900.3871
-87835.2589,-1711,-29884.8628,4508,14037.2372,78027,23042.7942,-21539,-81127.9142,-31940,-90314.2008,-44150,93388.2938,69269,7837.8599,64026,-14511.0979,4458,-31192.9978,91934
36649,80033.8571,58230,68071.8700,76782,72599.9654,68486,93001.4157,-35963,93172.0997,2258,-44629.1659,-64269,86400.7495,-96319,-38743.7609,-93095,-74335.8827,80124,-95577.0546
-65917.4651,-78025,15592.5813,-85718,-32407.6991,40611,32384.1528,-95547,-99988.1156,63986,95259.5511,-94285,87194.5093,-82531,11832.1121,56291,9785.3549,17277,67516.2758,6425
-62100,-93231.1055,-72536,60445.9294,-64268,81100.7070,62736,-85070.7553,9473,64216.2756,-83529,52789.0987,83534,44544.8010,-56965,8488.2197,-58947,-81898.8152,-22339,-51729.4423
8762.7669,-15050,29679.8854,-88323,-1523.8764,10352,-93708.5084,41474,3710.1817,-64202,-92956.0587,-2752,-68301.5304,-94779,-81855.7806,-9662,76022.8241,-20966,-86472.1835,-14426
-23466,5871.5937,-97716,3950.1499,-93081,27082.9373,-86509,30753.8670,-7320,-34872.8413,56878,-33450.3428,93658,40934.8953,74936,-86831.1741,-58847,-75497.7115,46517,55339.0855
-7823.5923,28161,-20859.2859,88364,-97485.8027,-83688,25396.3661,-78162,-82586.1677,-51673,-7665.2469,90926,-28237.0391,29155,74162.4788,56542,-88673.6217,28917,70009.3924,-94297
20355,77023.0248,81200,76288.8125,10279,-80242.4703,57469,21584.5612,-85891,29272.7634,82957,-5595.9222,-40489,-84990.7860,-45835,77080.6784,13921,-19909.4748,-10813,25745.1462
-10977.3706,97332,-58861.7407,89184,-3033.7620,99726,-89273.8980,79007,21132.8783,-25351,-51089.5724,-90963,-89844.2519,-2799,-3841.1180,-16517,49887.3477,8142,-83927.4043,74201
-86028,7691.7591,96747,-58236.2924,-49994,-84447.7647,97980,-36144.2854,-91363,-39680.8692,-85807,-96416.7225,66567,-66224.1599,-2208,5447.0440,-82552,-52855.4342,-72637,-28765.4261
86237.8033,-99090,95106.9189,-89551,-31047.1323,23704,-22415.2075,82276,67149.7824,6888,95863.3383,57348,-82606.6085,-6023,-5221.5907,-62642,2838.4794,-44345,-9431.8487,-73634
72147,83345.7400,-4873,79898.7313,-80748,-6079.6228,46206,-99309.4007,18750,38058.9458,-43615,25859.4389,-44935,-25522.2355,5660,16888.7093,15713,55679.3596,77183,26707.4378
51911.5383,-41794,2497.0029,-50606,13285.5872,13854,1178.7592,-76436,7829.4091,-89026,-96719.5562,-43046,-85591.0318,2151,-75503.3082,49260,-33144.1708,-31490,-89484.4283,-80738
-52947,65040.0200,17291,-93360.0626,-20919,-63799.4127,-45524,98410.5963,61777,15016.9398,-68509,-17512.7444,28717,35771.7004,60777,-99356.4149,36488,87157.0705,-79754,-39357.2470
76842.9525,95961,60395.7877,17995,44048.7965,-62485,73342.6790,42095,72771.3444,-60132,-33296.1896,-4679,-60056.2098,-79981,-9574.7531,87681,29323.0467,94563,-10726.8539,-73417
46221,-74162.3524,-85378,-64451.1162,80642,87220.5279,-55785,24792.4543,-86304,-77482.6141,59124,56481.6950,11653,-24655.3373,-52378,49192.8245,56667,16860.5992,-57980,4593.3593
-14446.2300,22469,38777.2944,-53316,-81123.1565,15106,-37154.1256,84511,-73946.9458,-1525,-73926.8156,63887,-82563.5958,56500,-44854.2549,93792,61523.9012,6791,26520.0861,44169
-35511,-84244.5855,3644,-1231.8834,-71821,47719.4234,39099,-71218.2590,89034,-1645.4482,-27301,29493.3333,-64309,-78488.6471,-82150,-17948.7972,-93289,40060.5356,-99227,30914.2294
-71881.0859,-18243,-76842.8560,47768,97509.3761,-82046,-70241.6380,56688,-79202.3561,-41542,8261.1906,18212,41450.9283,71668,92547.7940,-106,-88394.1559,17227,-4931.0778,31206
68921,-18085.0336,-26446,10884.3425,45281,-83059.9076,92889,57818.9747,-33299,96870.8044,35007,789.1294,16147,-13097.2088,-18925,901.5062,87331,-35170.0509,91118,64083.6801
6975.8495,59564,-75075.7950,61989,46398.4350,-17089,-43422.6844,91681,-14008.8503,-54672,-30591.1808,13509,53564.1754,33703,27446.5972,33507,-99334.1565,36265,3530.5357,-91159
50141,88800.0297,-92383,49664.9010,-16009,-91030.3775,28002,14343.8228,13455,-36210.2227,96164,-90434.9263,-68982,-57423.4098,-68098,31580.1176,-46915,24261.6500,32393,-33348.6547
-31638.3125,35482,-17130.1613,-33800,-48502.7069,-81422,18378.8747,96257,17416.9475,-21027,464.1188,-83063,17644.9358,97114,91883.6051,-11416,-55352.3894,-27579,-39647.0958,-26305
41381,93656.7876,68883,75095.2544,75513,88206.1643,-90572,83732.5516,-64455,-37405.6856,-26001,-14398.0292,64389,64199.5967,-8141,-52189.6333,-14791,49915.5705,52692,-10526.1213
-5639.4465,29543,18723.6241,-77854,-92718.8546,-55275,-52233.3547,63398,-44300.0024,19505,86254.4536,-30293,43327.5362,-43071,27026.6889,-17339,54181.3812,-89897,67603.2041,-84484
71844,45032.2199,20066,79895.5176,30813,70768.9768,70556,-31198.4729,6929,15315.4740,29572,-14591.3421,45882,73223.1501,-8236,23844.8836,-60773,-42014.1834,-46106,29604.3989
-41524.8422,-18882,98838.8677,-58498,1801.9096,-57167,51537.9987,-51455,-15361.5993,-2513,-32886.7165,-25735,59859.4423,78489,-95914.0810,-45473,-94197.2097,34711,-23355.6944,50028
29229,39317.0738,-12256,-28789.2940,-14755,73672.7286,50330,-67667.8532,-58004,98830.6622,29419,-34297.1449,2084,-34483.5976,50653,-74089.0249,-93912,83456.4009,26776,14322.1747
-38080.5343,-45748,50731.3411,-95794,58147.6595,-46712,-68217.1471,-9438,58213.8794,77181,-88631.2614,-35532,-90406.8814,-87393,48076.6213,-69601,-91617.1965,-10328,79376.8752,-964
87522,98347.9979,9663,-96013.8219,57357,73069.0615,-91663,-24488.5112,6011,94546.9948,-17498,-43434.7377,-786,62534.6839,-3499,-96936.2546,-97306,10629.4914,22962,-85175.5397
68647.6043,-76968,-25677.0934,-50480,5609.4891,-10331,29558.5557,48913,-7250.8873,-30662,-77416.8411,-23811,72396.1399,-59467,-19691.8199,77597,92817.9711,-92197,69450.2326,52321
81617,-88153.9974,53994,-29599.4558,-60124,-6943.1872,85979,-39424.2525,83524,56191.8002,76438,-7521.7824,21709,96721.6831,18351,2259.9049,-67639,-43232.7101,53235,-42062.3329
31250.2421,-32356,-33014.6748,-1379,80192.8671,75188,-61639.2199,-40823,18721.3726,93049,-2896.2029,-81754,-59902.6070,-84012,-99920.2704,-89654,-19880.8894,-91859,28672.9063,96570
15049,73876.5304,-97396,-59322.1342,-52649,28794.7886,98441,444.5262,-54153,68963.0119,85074,86861.8420,-86260,-80333.0720,-45459,-11962.3573,92354,-3947.5426,30189,-74013.1792
-52289.2140,21500,-44586.5314,-86606,-8941.9600,-8785,-33726.8010,71364,61136.0590,10112,-18238.3566,90833,-13560.3591,61611,-51635.8046,40537,-30106.3962,8467,-18329.5545,-20835
-50564,2207.0495,-93775,53548.4563,-81980,-32736.1919,-78206,-96635.6937,-11204,-14067.2995,-81046,51101.6949,-11192,-31546.0866,-85004,-8091.6042,-90406,-50422.9505,-10398,66106.2945
32906.4278,59267,99110.4461,77562,-44943.8649,95502,80354.4835,94245,5549.9006,58953,-97857.3524,-82916,34648.0772,-48276,16819.7111,98159,-76557.9382,-60413,-69842.1553,-73320
43348,95225.8393,-73893,-64638.2890,68946,86910.0404,13162,52743.5654,48028,-68968.2034,-1313,-30067.5014,87106,463.2691,54822,-68550.0259,733,44105.5195,94859,41947.9421
-57217.1060,-36828,-22499.3233,-68334,38281.4531,1808,-62934.6384,-83539,-73091.3462,-87643,1070.6972,-45688,28845.6031,74872,84151.6037,35213,-78946.9269,28576,-36112.7113,62551
-50,-35889.0074,-50228,-26814.7870,-55610,72605.0795,36007,-34538.9011,-98806,-61624.8455,38545,-93022.2475,-79691,-13068.8604,22101,52401.6653,-78419,6116.8438,4911,8432.1130
-27867.4936,-75894,-42495.6831,65771,-55933.2690,-92359,67275.1289,-58031,69621.2514,-11891,-43285.7413,64234,73349.1002,-37321,-50743.4646,-48505,-72175.5472,-24099,-64442.7103,96366
-99453,-88097.1695,-71567,62365.0920,47294,59745.7509,12207,-32912.5796,85682,67931.1658,91971,-3148.7623,77518,90172.2853,67123,-76646.3745,-63427,-19563.4638,33849,51326.1722
78573.4284,-17908,32903.4438,60111,17538.8192,20388,3205.1079,70926,-78274.2135,-96584,57602.2100,-25924,-98475.5373,22538,45288.1492,37914,-62401.6509,39245,-49289.0053,-68683
-38469,-16779.1498,5051,-13040.6936,99385,-35740.7581,42760,-47428.6941,-1142,-94588.3819,-45411,23436.0746,-34172,46143.9444,18677,28179.5190,29430,19727.1619,-11290,-68051.7807
-92541.2952,-59524,-44004.8529,55643,49064.2084,-87315,71887.5570,79690,-25983.6532,-87137,82083.0614,-48998,21610.6064,-54881,29347.0066,42530,-18773.0929,-70120,38411.6337,79494
-38722,-71632.7501,24518,57350.9169,42444,-82989.2523,-52982,54705.0687,71134,53797.3646,72690,-61158.9665,-91157,56594.4136,50300,90724.4344,62271,69087.0294,41627,-5994.0192
-29874.2730,76284,51745.4086,-71832,78771.4843,-35364,-49065.4532,71564,-77488.2814,63750,93947.2783,-90645,56676.7399,-34009,-18817.7910,-63576,-3536.9004,2999,36625.0139,55729
57657,-71073.7985,85934,81815.9993,73707,-61365.4303,32860,-76884.5764,-82602,3644.4716,-77246,-88708.9412,-61565,18657.9580,-52201,-65667.5804,55634,-94521.2976,-54846,-99249.2970
43613.6098,6564,-39576.9915,9050,44462.7268,651,-24859.3197,7351,-67459.6472,-93389,-38805.7172,-54667,-79387.0509,34250,-63857.9606,79402,18163.0541,72780,96657.1811,-88555
-72689,58375.6710,-3248,17329.1871,35817,96350.9304,-62597,21116.3538,12322,-99964.2178,57294,16759.0758,80973,85549.7747,64868,-49355.7822,-30365,74600.3137,-72218,-44114.5892
-29494.7796,57006,6958.3375,91522,44030.5234,45249,-51218.4552,70488,-70661.6943,56315,53912.8954,41223,83239.4323,-88612,-45874.5325,-42938,-60983.8672,16165,67499.3333,89983
59759,-6943.3199,-30792,88834.8753,-84543,-49899.6810,-58814,-32960.3956,-76193,-44807.7035,-43187,64922.0720,21881,51567.5423,49713,64965.8194,-37381,-64696.0976,-23290,83036.2742
-51663.4213,-68562,-24117.2861,86524,27690.0304,61226,-80980.7449,46431,13468.1380,-56706,13596.8841,1371,36866.2768,-52754,-80805.5825,-38010,98374.2789,-28128,30969.4477,16185
-85463,32056.7710,-40857,57117.6472,-43088,-97188.0551,58615,-79088.8102,8320,23781.5793,55295,-91398.8940,-64208,-30963.7873,93270,9125.7350,-94538,67911.9758,97076,-97441.8878
-23662.0627,-3343,4195.7095,-40508,-80440.0455,-21749,44831.4787,87680,14620.4997,79192,-55672.5424,-96416,22051.7202,-22843,74357.7615,-26925,-29991.9696,98595,-7014.8378,48870
86253,-32733.3682,2826,26635.6098,36448,-33274.0260,9436,81610.3758,71494,13132.4281,88593,-9652.3246,-21701,-29017.8895,65990,6391.2842,-23489,-82137.5277,-67873,33667.9255
-98551.6535,92279,90042.4885,-72607,-37396.8244,71287,-41022.6275,33536,92774.6471,-22988,-76501.1657,-83535,-63831.5085,-1351,24637.5309,92496,-3340.7495,-15445,-82270.0382,2112
91600,89042.8953,-37580,12696.4623,-12507,-65710.2823,7057,89399.9526,32222,-30884.6982,-58216,35343.1956,93347,-20633.9721,-76016,9058.3260,-61273,60814.4124,-58090,70080.2292
-29889.0784,-78294,10697.7203,37720,-40610.5761,15178,-58481.5433,-33173,15474.9582,-56791,-26178.1175,-67392,-14525.6113,-84031,-7587.0159,-90762,-39471.6995,-60004,47296.2842,80214
55792,98524.0332,82398,-52833.6304,-57936,65222.4441,-27062,7682.5266,70111,-1963.9573,-23586,85239.6408,-84879,34175.7822,-90007,39124.5053,-88400,-40342.1171,28476,-46916.3063
-20407.9569,56088,53500.8335,79631,-1626.9910,9881,68749.5037,-83354,22691.8678,-54393,-69446.2871,14272,-54292.0627,15034,97529.3314,-74923,87542.5795,50127,98443.7878,-44654
39766,58718.8879,-30061,83035.6695,85935,50939.1097,-87780,-69264.5354,-79808,57403.7899,-66173,-15383.5497,43177,-63996.2518,-23266,79245.0126,-43945,-51737.2484,-10223,88238.6570
93386.7774,35150,-16729.1298,83362,17756.7340,-122,-61835.2395,-72340,-95132.3363,48901,15341.9444,58194,-88067.6095,52952,-52217.4987,51485,-36258.7181,-35634,-72919.7153,995
13858,46295.6374,-83977,45363.5982,-86051,-620.0681,-24656,29493.8356,90743,-65140.2510,89879,76653.1488,48495,-99969.1668,-58220,83099.4339,-94358,-19850.2062,-46739,-34715.1626
-8854.8966,-48472,-64203.8940,99890,-58812.8064,-19474,-13994.3591,-2326,26821.6153,15108,51879.2041,71705,-72248.5014,53834,-64583.9257,-2772,11853.8563,82202,51860.2455,-34293
-95214,64294.1624,-25350,51037.2505,-94239,-66551.3529,-63450,-16863.3091,-79692,61344.1603,46369,57550.8552,-90250,-58237.6976,56799,-44400.6535,-64003,27358.9287,-5142,37579.5880
43557.7783,-61027,88489.2470,-29277,-59597.1909,-75345,6028.2699,96891,34659.2654,87031,-70832.7301,-62329,-64635.1989,-99037,-12435.3402,-97884,-74113.1662,11882,-85989.0488,9649
76409,-45941.2159,-8625,-4210.8967,92216,-22846.1704,-58377,37289.3890,13975,7258.5261,-58153,64726.3658,-84067,-97284.6492,-95226,-80558.5657,-86039,-18082.2472,54705,48002.4960
-23163.6455,77169,-95851.6392,-67042,-19104.7535,62945,-21906.4977,-43579,18227.4595,-1362,-45015.4876,34396,-1275.3905,-25469,-98796.8666,36317,2554.9397,72212,9954.8069,-93852
23154,-54655.3271,-79388,-6294.1157,-68577,-19272.4941,17449,-67928.7058,85273,57980.2947,38241,-69476.7484,86743,82471.8911,54662,86723.5262,88181,54376.7334,-49661,91800.8762
8615.7323,88089,-40174.0889,-27217,90769.3331,-45309,16475.5106,-23804,60081.8941,-89762,84862.7666,-66519,87841.4393,-17367,67424.2604,-56447,72178.7556,81301,-68307.7076,44040
76380,98618.6053,-90203,19381.1116,33160,98938.2739,-52957,90632.5472,-13892,27920.8944,-447,-32087.4523,-34395,9164.0302,-66417,51966.3379,94927,-8604.8330,22505,-82490.1497
-44639.3623,-24260,-86012.8026,39935,6582.6815,68680,-85951.8177,53063,82764.1471,67333,91517.7523,33976,-59702.6412,-98976,70140.8358,-21579,72407.9287,-25210,-1910.3382,-84002
-93416,7004.1119,81862,-39077.0774,-22048,-29387.1929,-57971,-92014.4882,-92534,-12191.9536,-61463,-83760.8446,45983,83630.5231,17373,-71116.5363,-64924,96420.3743,-44729,10138.5759
-47740.3833,-97961,-92517.9180,29359,58509.5433,-34530,62749.2452,-31383,-47260.7698,29781,81253.9876,35346,69328.1206,-44466,-29135.4069,-97359,-45591.0736,-53855,-85189.4174,38816
-78324,56203.0279,52806,47706.1477,75279,69617.8226,-14466,-27473.0991,8871,-10258.5108,-29615,46308.0635,-82456,28526.0895,88133,-84225.0047,34219,90534.8155,17330,44847.2650
78950.7918,42856,-95955.8730,-43818,-37284.2715,-6777,87916.2060,25145,-42099.9568,626,-10898.8542,-67521,45846.1369,80449,-52037.6069,18789,88625.7930,-65764,-45831.2965,69686
59865,5625.1314,85614,-72153.3365,60747,83673.0728,-28236,43121.0926,-86708,-28111.9590,-61233,40919.9167,-91537,-71042.4392,44016,86378.7366,-53867,-69575.7575,58219,46789.6231
96379.8574,-79910,92849.3631,-59735,66696.9578,-13097,91971.7376,-63491,45435.7320,-29214,85362.0572,-59703,-70789.1488,-72105,-47700.6382,79744,-32067.1436,60278,-58464.4691,-97163
-86584,-5776.8034,86839,8835.8630,-97741,97094.4000,69006,7725.5537,84222,-21627.0775,94274,-9033.6925,-89737,23187.6320,-13552,18598.5686,73157,36738.2367,77808,5523.5407
36623.9514,-28747,2258.9068,-87862,-60605.8712,-15876,-78871.7339,1397,80123.3344,-82666,10072.0335,-27818,-48772.7505,39654,-41951.1550,-50469,25754.7054,85280,-99169.9988,70136
-70118,69840.2265,2003,-15217.5429,12946,34185.2823,60128,-28977.1354,-37422,67805.3635,67517,-1134.0136,50205,-46775.5683,-58934,-57979.5764,-43605,85766.8163,-51538,-80879.8674
27131.0318,70733,-24986.4395,-24336,-5763.8582,79619,-52533.9036,1140,56536.7177,51342,-3866.2850,-42828,1102.3118,62695,16059.2847,86450,-42317.2249,27234,74284.5791,86642
85071,41593.5508,77402,-67450.3741,-1344,-45147.4327,-49395,-92971.1562,62658,20703.2774,4185,9037.4202,-83111,-86802.8710,-7578,49820.4476,-6373,41495.4940,92199,98761.0187
97233.5529,-16384,-40080.4414,67423,-90864.2307,-17859,-56171.5405,72867,5187.1243,-44708,40526.7160,-34769,-78689.1580,19595,53556.8278,95132,10824.9352,2563,-80191.2523,-54304
-32604,-43375.8846,-75390,17139.3254,-61252,-8398.2765,68375,-68937.2183,83554,3287.9710,77577,-12988.2727,42136,79396.4758,66561,11997.7292,22166,-36827.2145,-80213,-70442.8737
70206.1921,30927,82563.9160,36506,70932.7230,83583,37077.5125,-5976,46801.2610,88942,61258.2424,45918,61668.4541,47494,-90292.6251,57010,26866.7292,2860,-41202.1850,-82084
-46872,17222.2585,17067,-33149.7093,-6931,-2424.7433,24094,18389.0938,71383,-43745.8144,-77790,21695.3140,483,74556.0797,21808,-10103.3157,10411,-23440.0362,-24400,-19216.3742
92680.5899,48100,80568.5138,-17749,48468.2538,79887,63718.6617,-76722,35379.5111,12245,-58025.6653,-21302,-14700.1473,-47891,8927.4724,-38253,-53493.1616,3886,27954.3224,-9527
-87243,-29650.7124,-63001,-19309.7066,81080,54874.3618,-96563,6501.0044,-24936,1068.7762,-48600,41353.3751,-11619,11529.1797,-99056,82742.8088,87205,-79605.9240,-6890,19138.0983
-98607.1355,-19624,19539.6347,-69587,20392.2585,37344,-31523.9417,-61819,-38662.3185,57223,2983.5720,-78800,45545.0046,-66597,-49000.9966,-38590,24253.1233,-52418,-24991.3366,-62008
37441,-76939.4323,-44317,-64837.9733,41308,96459.3593,-28321,-95562.0614,50814,-3017.5009,-11042,8837.8407,-83010,66961.1737,-47772,90217.1003,-8982,-52563.7565,-88195,32839.2540
-42694.3425,77101,9768.8724,-61933,-20775.6020,87145,12425.2840,-10365,62017.2296,-13584,-16758.9557,69389,-18695.0882,53752,21034.4663,69903,-8316.4212,45185,74221.9512,68292
-81262,48878.2763,18964,32979.9915,65754,-14984.9505,42938,-2132.1530,41117,-92118.7596,-51858,-76804.0484,90202,9307.5046,-95408,-38769.5089,55574,71496.7997,96743,-17215.5531
57270.8457,21331,17197.3776,48014,57427.5516,-94110,72275.5656,-8639,62233.6954,-59578,913.2252,96190,-90202.3024,-94724,-65310.7960,-82060,88952.2030,90984,-54405.7051,-52364
69770,-16254.0076,673,-53490.0793,36677,-7781.4703,98010,-92357.9559,83173,-83940.9691,-5809,47331.0967,-15781,-96513.6169,73951,57928.7024,55656,-3238.2984,52757,-99983.6922
-59284.9429,-14968,39458.4369,-3960,96089.3811,74153,-32548.8656,-80724,16269.7948,-40327,95760.2040,72340,-83025.5414,-40491,62117.5818,34254,-71489.2219,-2454,-70515.6734,2916
13750,-47111.4374,68711,-82336.9221,29967,63362.4296,-80554,91601.2098,89732,53892.7001,66253,-21211.9479,92636,-94446.1025,-78562,-22985.5359,96055,17146.9431,19346,-63847.9621
-40686.4921,13152,-60532.8505,54493,65380.4497,-99662,94009.8891,-6468,-74502.9060,48431,-29103.6608,-6027,62267.7552,-30201,63016.9720,65912,48629.4445,10447,-409.1810,56139
73929,-58754.7863,64446,-23273.3953,-96852,2465.0572,-3506,98455.2976,-20059,-31395.2616,-83391,89473.0584,71681,74240.7312,-62572,-90464.8506,-73203,-19667.5102,24420,-64009.8273
90524.9673,-98926,-33572.0877,50186,15845.4048,44839,-85974.0111,67790,-63251.8935,-46051,74245.0757,47172,-76209.3978,33697,-77622.5096,-66188,-53649.3623,7199,92062.9876,-31259
-84842,-34640.8348,-11055,35747.5648,83068,-73742.0513,-49989,-38247.9892,-41095,62122.4251,47340,-73219.7043,-1837,-22786.5767,48353,-87369.2084,82882,-23700.2418,-7841,6800.8144
60741.8259,48743,63704.3446,81440,30626.1595,62738,90501.5587,-92523,-82998.3543,-59292,51418.6485,-6653,92606.8404,96326,-83792.9301,55810,-52280.7630,-63288,5134.9842,61141
-78523,51094.0953,22731,-56222.7329,-8357,-23338.8893,192,-2211.0622,-47023,47014.6537,80741,82521.7292,24184,-49299.3006,-68724,73444.0173,38925,68171.8264,76806,-24734.3298
80573.3418,-48848,-61586.2946,-99633,-74144.3878,-30804,45592.6449,24074,62699.4051,26758,-54948.6549,-32996,-16924.8972,91452,-10777.8762,15625,-55074.1652,-87676,-51005.8829,88058
26597,52134.9914,-16381,-57248.9061,28920,81702.4015,73985,59509.4921,39520,-13915.3213,-97381,89976.2683,80137,20015.2416,-71846,51710.9777,-30297,20232.9865,86965,37317.6890
-83374.4832,-60754,-33779.5969,-47864,49251.7112,92599,-13620.1946,67601,19493.9994,-27554,38228.0700,57647,-42541.6240,84622,21756.5356,-73785,-86696.9136,79629,11625.6446,21478
72769,81801.9619,-75400,34948.9753,-33505,56481.5874,-27231,66747.9124,-49208,99175.9441,85915,71562.2426,12566,78601.3993,-81568,83291.7830,52421,-46492.9070,-66715,42969.5800
54890.5294,-98323,5018.8405,-86549,86714.4046,-47026,38488.2082,-872,91284.4549,50099,-10137.7004,46383,-51852.2156,24485,-52767.6404,92537,29468.2385,92735,89723.8018,96288
-37248,-52438.5405,-81324,5122.8936,-95103,-46269.3506,-87512,88732.0373,48168,-4771.8831,-85116,-42965.8303,-71051,-11811.5421,16350,25066.4607,95873,-67767.0606,-44720,51867.3712
-38742.0172,64028,-99848.8250,-63659,94457.0142,26714,12876.2940,53362,68582.6312,-73203,-184.5847,-40744,92548.4738,-49610,8053.6184,-13376,21581.5627,-35360,97746.3195,98352
-33893,-27252.8002,-95014,50663.9159,-93073,-6474.2819,28268,-68467.9279,-35302,-87614.3860,7837,32538.4693,85633,79910.2348,-13983,-34096.6127,-77179,-55937.1346,14399,50142.6125
-53861.1100,36277,33338.0974,12905,-43704.3145,11040,24965.5849,95287,-94710.4441,8598,-89166.8978,-59043,-706.5391,16826,-72075.7734,-47470,-59260.5160,77019,-14952.5941,-53073
-25368,-45104.5114,15942,-84094.9968,81577,87342.7425,-76163,45039.4183,-2605,-91221.6023,-63392,38105.6095,-68636,-60296.5653,83114,-91347.8629,-63503,43215.0031,13998,20475.6399
-18726.3810,-13049,26700.5283,-83211,-85514.5994,-34826,76252.9781,27392,-96169.9431,-68100,7109.5645,-32523,43567.8765,75061,7886.1241,73353,91856.8080,34234,71272.9765,-78464
-81043,-74962.1233,4435,21655.9240,-23402,-48106.1016,-84890,54597.8652,61777,-52803.5853,2481,51984.1459,6996,1650.9711,92654,-92376.8890,-1107,96855.7291,-92889,48594.6177
92886.7279,26032,-21483.7311,37275,-4189.7918,-92388,16493.2732,47328,-43354.9663,-90445,-39695.7856,67050,-17080.5022,18547,-11382.6740,63123,-98540.0745,-24737,33497.1444,-26189
-40832,-87401.8171,7643,-19791.9265,-28882,-27580.8923,472,24507.2489,-87052,22023.6650,-25078,68864.2004,-26352,-70825.7183,94285,-29099.8009,14439,-94610.0468,-9938,62885.3125
52403.0264,-50177,57671.9462,10467,49325.7341,-60060,17505.6046,-58852,49805.0852,-124,63233.6918,69691,-49184.5264,17861,-50594.5951,-97601,-17433.6340,77075,-6465.9108,-72258
-41545,-30200.4851,-59369,16634.6814,-43341,-5496.7584,47423,-56450.9741,70439,81837.8092,-57663,47683.0690,-12283,62572.5879,-28021,-34408.0644,-91938,-69696.7697,51857,-40778.4000
-47329.1691,-33918,65471.9412,-57092,-19878.9339,-25864,38170.5970,81197,-63460.0640,52808,82113.3262,-46466,74360.1640,22299,48279.5673,-15918,53358.2137,80845,7744.9041,83310
61757,49642.8330,-69787,59340.8260,-66310,94684.7872,30174,-56208.4397,18518,18167.1930,-90122,-54784.2103,92011,35113.3330,-36821,69360.8174,6198,-86427.8796,28873,-63935.3636
-65712.0722,-29774,98817.8518,-75526,-36767.8408,-61985,-19490.4747,-35389,-99978.7885,-24372,-79297.3792,26069,87212.1897,60863,-2613.9432,-95531,-44969.2972,40724,-90685.8460,-16468
-55769,-51012.1498,-97366,-41534.0636,64793,-33747.6416,37802,-15606.6492,55988,-69212.9538,74856,-63083.9315,67240,-80184.4001,16843,15743.8956,63619,-66310.4579,-99494,84976.8844
-61574.2625,-68254,11095.8562,-68720,-72727.1608,-95058,-79233.2404,-15135,43824.6508,-32288,-12214.1794,94226,99110.2344,-34057,-75270.1542,17261,58386.2435,-96350,-66226.0983,-11472
-2752,54233.1397,55835,-54965.6720,-60239,-29929.6079,-41239,-71316.5690,28366,-68795.2382,47566,99321.4930,-81027,41650.8925,14090,-77365.6629,67259,27225.9070,15274,90944.8298
-40347.5521,-94655,99774.1906,3247,-35592.0765,-10364,66470.3001,81362,19680.4145,14475,62945.5826,-52162,-93975.7838,93867,86447.8867,-52586,-75244.8666,64750,-2644.8358,-68983
-53066,87279.1320,37401,66734.2779,88209,-51829.5448,33195,49036.7761,-35180,73616.1600,23348,-5633.9199,-71575,49230.3132,-72445,-82692.8952,-45171,-22782.7368,-21130,74242.4858
-15434.0103,15380,-47404.0157,-62673,96797.2904,51379,78043.1267,53041,-59691.3968,70850,-12657.8664,-94652,-3521.6480,-3318,95098.2267,-38125,-51752.0852,49862,-70883.3947,45405
90979,-69831.6873,30552,-68364.8369,-78983,21026.8592,14781,71476.9776,-1806,-83287.5152,44565,-67087.0906,72164,-94383.6021,14116,-85.9150,36352,-82671.7141,43844,39804.4808
-57469.1300,-9441,87938.1222,-66281,-18350.2912,-58154,24982.0804,-48303,77824.1271,54868,-36242.4040,70295,46928.9617,84371,-83300.3357,-4134,14669.3746,-61611,5519.2532,15229
-58091,-1853.9868,37701,49404.5874,12187,8566.8000,23792,-39842.2045,-35893,11691.3590,37881,-25729.0837,-21114,58877.5254,-21753,-52929.7213,-95845,-57954.5386,67608,81996.7410
62819.9621,-51458,11966.0596,-81469,91131.3453,95361,-60422.9210,77698,77737.5694,-1521,71445.4241,-3660,14657.7543,-8209,-97956.5446,43873,95260.5687,-887,233.1615,-52955
4450,-47602.6730,66704,97977.0308,79087,-77893.1072,-10069,-18353.5201,93299,6569.5637,89074,-90681.9144,32528,-31574.5344,15866,40226.1602,-63427,69220.4107,45743,-5487.8833
-6888.9629,-51128,65175.7999,-46594,-33825.9036,24454,83854.5230,87525,86050.8660,-49102,-92845.9983,66662,-98765.0750,-68629,-2635.7176,-87318,67116.8375,-81203,16218.1167,-99642
687,70613.2812,-34851,-90742.4640,-2653,-50255.1411,-27072,27338.2612,21335,33780.6087,42327,-67750.1533,46211,34240.5155,46338,-11934.4974,-34440,-8087.2569,-79736,-51689.2050
-62270.8525,-68102,81908.2930,-50280,33914.2530,-18002,21888.2520,14981,-19657.0712,-62733,62272.4235,-35959,-91603.9401,52261,-52941.5292,48753,-52784.3831,-7471,-34115.7292,-48670
-13105,-12666.5017,96364,-6244.8737,-27881,-49933.9705,4080,70690.8197,32304,74886.9609,65186,-24109.4201,75090,-28658.9648,-12685,96305.8246,36589,-2368.8715,96938,-15772.2907
30453.7925,36810,37514.0128,25506,24446.3467,890,-67958.1202,-29201,39194.1807,21688,-83979.0093,65046,54678.6367,-12688,-91047.4265,28444,-24678.9120,13582,-90916.5596,93670
76200,-33915.8329,4965,-40698.8830,-14265,62754.1437,47732,-69201.5786,-45184,-51628.4568,21105,-30270.5305,33163,16856.2684,29288,-72175.5165,75089,-60881.8680,-35218,61762.9929
-50618.9832,-91502,90831.1221,32103,-56312.6203,6442,6964.3697,20457,-76965.5865,9506,-63343.7753,-94660,-5296.7640,-84035,-34913.9312,-71268,17866.0274,22195,-93717.7931,-14472
-16131,-31457.6810,23291,20354.1696,-28403,48760.1913,-51503,68835.5356,23179,-41856.3419,56272,-95650.8828,13963,8560.9594,-83153,-59524.4030,-28516,50154.3385,-40820,-96688.7295
58146.9541,24327,-84125.2770,58369,-16252.2347,40973,19142.4069,-16345,6491.3573,94921,84042.7751,75707,-51147.9811,-85588,90469.0271,60483,-91586.9251,81836,6164.9638,-12304
-41899,38151.3439,69327,39899.2042,-38339,-77794.8359,54160,-69827.6939,-59706,15732.6953,-4622,-63558.4405,-39002,-73616.1561,62896,-22200.1745,-26710,95359.6568,-22475,7986.0939
75.6364,25791,-69164.0653,59978,71028.2636,11751,37581.8869,58653,-11669.5197,-10852,-96469.2591,7021,-86186.0533,-56546,-46899.6944,68201,-32323.3888,-80586,8495.2642,-95961
-65771,-52802.7610,71375,-90500.5436,70488,93772.3137,-54088,-57949.2709,40995,38919.0061,81607,99371.0694,25446,-24890.4852,-56422,-53590.2625,-73603,-29861.9689,-27680,-52236.7202
8393.3221,22948,-84128.4281,90153,-31907.5536,-17829,70663.6367,86290,44822.1967,39605,-7886.1170,42219,-73698.3075,-33974,99432.1919,33816,21277.8437,66290,-47241.3908,-20946
42531,34354.2800,34065,77127.4201,-49611,-83224.8997,44273,18630.2217,-79439,-1186.6359,52849,39685.0040,-55494,-93095.8567,-5986,-70719.8406,18303,43565.3591,-58224,64140.5055
5567.8598,-335,-62853.7587,30757,-41768.5042,-55130,-87285.9824,-91244,55230.3423,90175,-53797.3518,39668,-94976.4170,19125,-87874.7495,26422,-1706.8834,63169,-43977.4024,-84863
48247,-52291.3436,80302,-72021.4954,-68319,-57267.5474,49276,-8999.9998,-85826,-81436.2116,26912,-65301.9787,-12862,-18404.0645,33701,12534.5512,6613,24072.4475,28348,-25321.3229
30622.6764,-84239,4027.4860,33768,-3431.2987,-24825,77998.7976,-83323,6363.1401,30064,-23349.0928,-12096,95016.5115,-76301,58175.9453,-90649,-88605.2554,88340,96336.6457,65136
72973,-23596.8445,10518,-93174.3441,85015,-60896.0210,-55472,-42538.8883,-51691,-94898.4277,74703,91670.1968,-21841,10235.1912,-91645,86984.8882,-5991,88009.4663,-92366,46926.5160
14205.8396,-37206,68116.7959,-14443,-75908.0514,15463,16193.4518,64604,-55513.9544,81905,55393.7160,-53155,61886.0975,14144,16887.6365,-25375,51624.7441,-63526,2931.4219,27118
93549,15639.6770,-19476,-76042.5867,78507,-5063.0857,-20704,-14879.3111,-694,76282.3280,-94056,77869.5819,-6152,-74655.1115,-6022,-23586.6344,35194,53536.7714,97734,-97076.2935
8969.4699,-11473,-95277.8366,23833,-46001.8089,10174,3340.0844,20628,21331.4701,-35282,-42801.5681,-68453,21902.3243,-84941,-76627.3834,-14315,-35261.8896,-36561,86958.5679,-48502
2952,-72057.3998,26082,-41616.2104,-26577,-67046.2701,-6376,-77024.1620,-39577,21878.3463,-87973,-39593.4544,2703,-30538.6361,79196,73865.3369,-18682,58455.9036,33789,-75617.2718
-72814.0214,59903,-10991.0315,31486,3324.2741,-31894,1213.1977,-32081,-98119.4999,5054,83669.5921,53054,46656.9736,7875,8281.2350,3710,-87339.3340,-9790,-53812.9592,6544
37735,63382.1278,-93785,-35682.5961,-18493,17741.0416,-24613,-34785.7664,28926,-6337.9745,11453,22006.4229,-86675,58778.3314,38061,-51517.8175,-83313,-82391.7975,-92170,-95062.3259
-27433.8013,71926,-90853.4742,3592,65637.7066,-11968,-19363.3857,-81534,-35005.0413,-52680,-69387.8398,79082,-73656.2169,63141,-61336.8819,12513,-23429.0677,48079,-44527.4516,15330
-40728,74549.3172,-62797,-88063.1272,-67402,-61607.2933,-33643,-85869.1522,-41945,13505.9593,79483,-71317.8323,63207,89581.1106,-61801,10071.3001,71661,10076.5380,-96916,-76522.8154
50402.2094,-59759,33167.6252,-87905,29594.4856,19089,77769.2934,14084,-35724.3766,67102,48613.1235,39899,88242.2824,8230,-73587.3710,-94039,-61306.6631,-7399,-28294.4673,-32028
93375,-34220.8792,-40430,55243.1970,95555,64895.0631,94152,9744.3696,85638,19051.4586,-16132,-48017.8842,-33173,88414.8514,-76950,40799.0283,72577,37551.4855,94071,-18061.0162
-59009.9826,19304,29038.2992,72610,10264.6078,78601,60849.7472,-63351,63724.3386,-45003,-91286.2611,-30843,-79513.9697,-33042,8449.5866,-51366,87443.2119,55647,-69947.2806,93043
52403,-89390.6116,71714,-59056.1700,27191,78704.1838,99122,-88079.3558,69240,95196.1426,13618,58899.8757,32748,20911.7572,-89907,31.1679,-7308,54481.0797,50061,-88971.2389
86655.4942,-31000,-12236.8911,56234,58753.3767,5733,11408.0001,89823,-55996.8905,88694,48709.2297,68264,10545.1046,19925,-90032.2154,43789,-3668.5302,40845,-30751.4360,-60305
32647,-38075.3838,-94843,37528.4143,-51721,-61568.3792,53819,12805.1445,40300,60292.5579,90582,-17106.7669,64730,58345.6498,18068,99093.4679,46389,57117.1342,-91586,86584.9565
-4555.0798,73607,-59686.8532,-11684,-76163.0583,61090,31730.2565,-76767,68766.2242,3398,32003.7588,-80392,44427.2516,-21723,-6004.5579,37535,-84472.4708,-34180,47923.0537,20649
-86654,-98537.8077,-28830,-56251.8484,-68115,77317.1972,97411,95007.6309,21867,30213.3034,-22203,-25792.0818,1413,41680.8723,-6692,-37199.2708,-34417,-41369.0515,-15822,-61642.5323
-51521.1353,-71750,-2772.1855,-289,-78194.5429,31503,15584.1196,50777,-60249.2272,-39939,-26693.8267,94645,42127.0701,3032,-63023.2716,-13662,-94667.7181,95617,89234.6110,-72045
2215,-12141.7621,21236,79313.2844,-85362,-24919.4619,73275,-35458.5756,67432,-92532.9223,-53181,-48726.4059,6838,12234.6964,85230,8990.0082,-11761,-51208.5200,-25781,40706.0810
47374.5247,42485,-64922.8282,-7613,57115.5074,-70722,38648.3187,-8719,-54950.9005,-8357,87808.0243,-31762,-54580.7008,99977,42795.7424,-80099,97943.0785,-7512,8776.5396,75485
-66608,-53300.1997,-30596,6527.9205,16762,98113.5934,-65377,-23541.2367,61465,-45639.6287,10355,36386.6949,84344,-49801.2286,92147,65263.0078,58489,-32309.9692,-91499,48134.4728
99595.6999,95641,-71891.9539,57038,-77398.7298,48238,30368.6903,15210,-71857.1197,-21964,60646.5484,-48354,-11175.2648,21112,22740.6535,-90963,9524.9404,51693,-48177.1828,-71673
-17044,98481.8651,50524,-75472.6830,-31350,-82984.8295,-71321,-89985.7731,-58305,-43921.3497,60475,-63393.7750,24416,-83476.0361,-73932,32740.9617,-41255,-6074.7145,-33107,84820.7666
-20289.7387,35015,-14308.3672,50297,45815.9408,80494,18441.7036,-22684,6459.5943,-73738,51113.9090,-28333,64483.7874,-61994,62440.2651,90199,21779.1530,47328,64655.0429,75921
1521,41518.7051,-43256,-27683.6639,75481,59993.0581,-67412,17430.1910,-21186,-21330.9434,-13224,17383.0272,-912,-27175.1177,-92249,23470.0082,19382,49234.8626,79432,63245.3715
39483.2094,15,96849.8967,-1939,35996.4221,64272,19119.1548,-9970,-96253.3705,-47163,30080.7035,-2685,38510.2174,-98656,13879.3512,-46580,58917.7267,-20019,81566.3204,-91452
60929,-19293.6245,-31083,37851.4666,21224,3830.3277,70473,-18855.0764,4792,40894.8444,-29282,-11651.4150,-18263,62340.2062,19764,-76047.9671,86351,-96830.8755,50558,37796.9260
46941.1636,-47851,38803.4085,-6984,70608.2456,51079,-88624.7010,-96297,54437.5851,-81473,-23992.4056,40015,-5322.0127,34892,84100.1683,35793,88899.9212,71017,-92567.2207,37006
-53011,82124.6496,-78852,3920.4785,36589,62424.1485,5458,59945.2201,23690,-89675.3202,-86967,-17259.1460,53116,-30832.5712,64360,64884.6337,57482,-1098.6665,-46921,66365.5470
-21997.0072,-49671,-80731.5227,-73542,-35228.4448,66949,22120.8405,-36940,35164.9094,-30175,-15131.6595,97602,-83939.8854,90717,90396.0914,-13705,-91154.7359,-18068,-13208.8887,40011
-98279,-24154.7717,-20358,-4883.9316,97821,-86082.3176,-12215,91726.1967,79039,12833.2279,25188,41458.6251,-94479,-88324.8018,65717,77796.4016,12725,31242.6295,-83217,48918.0085
-41630.7920,-39988,-24081.0033,27965,-5474.7468,-2082,34730.0834,27509,-54584.7077,-51613,-91493.9410,52581,22381.2655,66392,-69625.8724,-12928,12771.3705,-7475,58720.7035,86580
80940,65432.7270,33701,23275.0058,-97463,34976.8158,-63797,-85608.8508,26817,35782.3641,-55487,62588.5819,98976,-33810.4335,88985,95081.1937,31310,46244.7599,-64205,-17177.9622
44073.4483,80260,17359.4963,35585,32844.9755,57497,25465.3416,-41456,-75110.2778,93662,82752.0823,78945,-39056.5795,-18843,-63842.1052,-62403,-43888.5924,-11197,19289.2564,-87292
-52682,-73354.4952,-40617,28595.9927,-24602,-12861.6702,-94682,37182.7435,70233,82251.3438,-19794,56833.0010,-44325,92225.0382,73280,-61887.5643,-66575,85821.9551,-23349,77901.7412
-9035.8525,97089,-69717.8270,33585,-7337.0874,-78191,41211.0392,-94387,84572.1120,-10592,20268.9625,96737,87116.3961,-20763,-27752.5886,-64030,-5997.4756,17288,77847.6451,65596
-81775,-88404.7100,-32421,1421.7734,90713,42068.1931,-7009,45200.1230,-60412,97014.9615,93420,-70065.2375,-32297,42007.3298,-67566,-80608.8644,81066,-3827.2210,56514,-54854.9921
96968.6447,-72808,-41485.2415,74193,-43017.7180,-39213,-81464.6285,72304,-56770.6364,88985,-77979.3494,34389,-88670.7776,-39653,-61193.8883,-6124,-9852.3571,27378,-83118.6966,31831
-84196,-67797.6907,98382,18404.1226,7220,-1424.9229,67524,23992.6980,56553,-47663.8200,74652,9605.2100,54825,-14744.6295,3844,92873.1106,-52542,-34240.3993,-34616,-30790.8798
-84385.0032,-70487,-59230.2850,-36651,-38236.3788,-35359,24186.4399,-34356,-50771.3145,-46430,-89721.1806,14353,94839.8187,6630,53239.4488,75796,-75769.9234,-35609,-89351.7028,-53313
82493,-90628.5488,-61808,59546.6067,-65265,-20073.5831,-94262,95455.2104,5132,-31575.4947,83642,-67000.2532,25725,-16077.8639,-12674,-25014.9091,-12160,95199.4537,-32826,41072.0020
-66078.7669,-17670,-74552.1535,-59968,-50135.5267,71641,2262.5692,32024,18173.2435,-72694,-85156.9429,-56399,-95447.6341,-53160,7133.0234,-55550,64900.6386,21832,-14332.8059,-27497
36659,23032.9050,76142,-66982.5801,-67511,25893.9333,-87041,-30110.8361,19974,-78687.1897,-97551,-34101.6583,-27543,-64608.9684,45739,-73404.4436,-82189,79577.9319,-95203,-6615.6392
73882.5303,-53676,56323.4134,-67498,-70530.6389,24310,-78454.2013,70757,79259.9651,-71182,31852.3532,57456,14013.5430,-7335,-22265.7519,-26384,-81780.1113,47290,3439.2301,29854
99044,94566.8795,-88233,-73257.2320,-78760,-96596.8281,-2776,-48119.7519,-88242,-39039.9508,-40567,-5604.5640,70075,79916.1942,87175,3084.5267,-8093,-29216.6615,-47259,78089.3625
47162.3436,-62182,-13000.8314,-35149,92370.4821,-21620,-92435.6253,-70976,6768.2518,86778,-85239.5479,-43405,83048.5045,-27059,76078.3279,-47489,-82628.1787,-65157,96607.3713,-65501
11591,50321.5696,-56132,2233.3400,-11653,51664.8234,54263,77137.7542,-54864,-35086.4095,38725,-11985.4669,-42646,46634.7733,-2561,81953.2533,14600,-67229.0822,83382,-40269.6690
-16114.0658,32490,-69546.8936,56438,31086.7826,64268,236.6356,48302,-26523.4931,77589,61272.4487,-90232,66697.1369,36144,56171.2338,12897,-83583.8119,-68461,-59288.0333,68321
87312,43732.9560,-10434,86223.0508,30400,-3406.3310,-6380,33116.6930,56961,-88313.8514,-99618,97182.7712,28711,20587.7907,-82292,-73624.1911,-76452,8073.5599,-14761,-77681.3626
64601.4970,-19097,-18843.3541,25491,66540.6374,-48269,-58363.7769,93524,53013.0317,-45179,90196.8106,43152,-3759.7049,41588,-98871.1480,70504,-58667.6207,90574,-23521.1125,71926
76175,9693.0786,1697,12077.2766,49694,-89492.6247,51449,48918.1335,-61828,-70693.9108,46042,-58384.0471,-48234,53931.9433,-56131,9620.7760,-83282,17905.6504,12852,18237.6955
-92404.8827,-93083,79971.0378,-29699,-65477.8547,-25507,-50235.2123,-11631,54684.2408,-73169,-29555.2904,23621,-9181.6570,52572,71736.6466,23110,18409.9641,-70428,9478.6943,-34713
-20687,75749.3068,40821,-53105.8928,-22639,-10475.7055,-60480,41029.7663,28206,75004.5919,39295,-37103.3379,19745,-93164.2275,-26126,-86502.6668,-94676,25618.1897,-92178,26024.1336
-82696.6381,-22222,-34656.9399,-94636,-20542.5801,-59504,-92617.5177,25239,12245.3068,72636,-66197.6510,83567,82793.5544,12443,40850.6340,-17604,39263.9126,-5735,-39530.0480,198
65308,77057.8413,-55902,-36156.5226,-81254,-45283.2983,-53379,82290.8863,-55368,93020.7663,-60496,-40363.0261,19822,-70826.5980,-73200,61775.5352,-90850,-31825.0713,-60767,-17496.5657
-75601.2163,-87774,-9874.0797,62261,-23045.1892,48392,-401.4247,-31868,-77285.2790,15487,9001.4893,-53576,-73091.7662,-83682,45754.2651,95454,25448.7800,6423,29434.8080,85873
-99177,-75756.5467,-64438,27850.6569,-27405,67104.1587,18859,-76955.9362,34927,61385.8384,-93496,-4894.1110,62802,22570.4442,-9663,62043.9549,-25096,-81283.7089,-13539,-94217.8161
-98164.4320,66498,55733.8653,56803,-26911.1905,29147,94655.5378,84600,-74535.0559,55670,11002.6946,87920,95985.1665,95496,-95225.7570,-292,-73000.9302,22713,-81935.1921,69306
-29220,29894.5225,-13831,23064.2207,-40648,-51198.3868,26225,66578.4108,70843,27403.4347,-7750,-72630.1005,34027,-64219.5489,42788,-81248.3219,-14962,58025.7039,44830,95151.4936
-13700.0940,-44291,-24944.9581,-70755,-73165.1072,-48246,-24020.8822,32335,5569.5017,-40600,-88782.8233,68339,-8881.8203,43578,-9205.5138,70707,-89239.4021,82499,34021.6089,20088
-11366,31213.7908,-50151,51408.8870,45903,63085.5789,-32402,22638.2847,52334,87379.6064,12511,-57105.0537,56079,-7233.4094,-20403,3531.4326,-22088,-49810.3689,87954,-26062.1712
96036.5308,76894,-44799.8358,-56671,60890.3342,-92382,21373.5896,13669,-74583.5245,99807,71158.5613,63833,-41860.7346,32473,76770.9095,85977,-19026.2042,77045,29334.1877,-40049
31374,47870.8627,-95216,-73777.3491,-97835,-36720.1087,-42516,53048.7684,62347,67340.7073,-25212,34432.7732,95322,48485.2730,2719,98603.5916,-47828,-10815.5275,21599,70917.2816
-80917.0799,-52909,-1881.1465,-19653,79154.0044,-54600,-56531.7437,-17078,-23371.1600,-71227,-56223.3350,-14644,-95149.4126,-58638,46681.6120,-47840,44508.2162,-95400,42534.0872,-47695
-93429,-312.8857,27026,-23412.1250,81074,29097.9559,18195,55532.0208,59878,-70726.7972,14502,90447.9763,-24727,-55409.5011,-11662,71870.7936,-26156,-60554.2505,55197,50034.8654
-27770.8432,-95640,-49714.3563,-11347,97723.9185,85277,63783.3900,-7888,67509.7623,-93361,-33679.8327,-6262,99194.7166,40369,78284.1790,-73359,-59141.2128,82221,71800.2976,-5323
-55640,-33523.7942,-35610,-52129.7679,-10347,69132.4149,72230,-93586.1616,6686,-85396.8092,6895,-89272.0332,-23472,-76334.2077,-97556,-16046.9713,-82501,53353.5045,-20991,-2199.4987
-71289.7229,-94107,96235.7376,-27976,-72164.7439,13507,-90648.8285,-26228,62837.5601,-266,-97060.1706,-51055,-26327.6481,98915,6138.0993,63854,-26819.0601,15882,45421.2673,-80431
-75977,83952.5507,-75899,7838.9164,-99264,46174.7531,11534,9481.1305,-59937,34982.2556,60200,-97270.3875,76288,84676.2548,-89116,56686.6656,-27540,34768.4117,-6160,34669.6455
-12412.3231,20318,89974.7636,14827,-18990.8051,-54333,7477.6915,-19713,-46022.9449,-76508,-9434.9758,-74417,19991.7822,-88511,-60123.3925,28326,-87823.6862,-78401,-19670.4207,-10294
-33609,-38734.0575,34104,43738.0364,-29220,-78425.5914,90582,84197.9543,-75368,85529.3820,34296,-12510.4958,80214,-81465.4041,-27612,-54906.9793,-20643,-86008.8558,-63502,10808.3699
95684.8752,-87746,-76442.8137,70619,-29060.0284,85872,-839.5183,-68325,-75012.8380,-68643,56774.2873,57310,96377.9135,91418,39258.4417,88494,76361.7511,80875,88761.9086,2204
92568,17565.4982,5586,-20846.5201,47226,48075.0040,-11581,-26047.7179,-42793,40453.2487,21188,-20225.7426,30577,-43449.6309,-42267,84803.6243,12944,-27391.8603,-36228,-69673.0622
-26158.1610,1033,-61122.8937,65144,-7730.1868,-71310,62712.0242,40876,-80913.5962,42561,87716.5304,-62066,-68674.9906,-57814,-78666.8612,-96212,-46476.4559,-3170,96467.6995,19303
-4817,48043.7299,-45181,-40294.9570,26724,-63267.3844,93759,33439.9108,64762,36390.9410,-68148,95434.6399,-96326,58957.4368,44131,-54709.7909,19037,-53341.3766,44608,-19324.7092
-72796.6063,10283,90290.7006,-88757,-18461.9937,-11164,11577.3027,35419,-44804.5378,45001,50436.3661,-88960,-85483.7829,45359,-73557.2046,59087,-27027.6304,-97289,-24636.4628,40608
4108,-61855.4293,-99922,70864.7103,23580,23028.5882,-39930,-76777.0597,-69216,-35684.5857,-59273,58351.8973,-18656,-41535.2442,-7941,49882.0603,591,56708.6111,-33166,31405.5327
-5990.1503,-25615,-70732.0681,-72792,75383.4549,60152,-35646.0500,27657,68658.7978,-18624,75066.2166,52653,23122.8917,-74617,-89888.7243,-93735,12782.5387,57022,-56844.7455,64256
16165,-79003.5366,59920,-53269.4893,-51658,-171.9327,43741,-13039.8311,-4244,-87712.4428,-20419,-97565.2399,20115,56132.6387,96171,58852.1520,38382,14860.7675,-26881,-69484.4013
-35198.1848,41894,-26902.7849,66900,93370.9015,-65458,-61829.6844,-52756,28904.6257,75341,40945.9963,50257,38057.6623,-26640,76221.2853,-35955,-77034.4673,-11447,-55176.4543,18438
-63033,38585.6045,58564,11310.7811,10312,5731.8488,-77049,20362.3737,-6414,6674.5754,16289,98731.9708,27429,-55891.3929,56138,-27959.4818,580,-51357.7384,-84440,-31401.1705
-32224.9094,26316,92674.0006,61820,-53410.4401,5340,19960.1648,66987,65413.9265,-45084,11339.6984,-46566,81020.9624,23049,51233.2106,10188,89883.8903,-70206,-52534.0419,48280
-479,73144.6447,717,91002.0251,-91602,68372.3641,58469,-5613.5083,53972,42318.8862,49753,-70106.8570,61551,-82466.7097,-82103,92500.6952,72459,-13324.0289,50848,15170.7346
-4404.7759,11208,-19731.2030,-74696,-78163.2704,36220,26516.6367,97840,-6704.4040,-51295,56582.7354,94776,3162.3389,-8511,-29353.7443,67494,-88036.8549,-16607,97309.1053,34361
-4796,33123.5730,-9969,-36373.1408,-2918,90700.9503,53415,-24192.3831,-93511,-45070.8862,68352,-75041.4484,-30492,-19920.0302,-89194,-67907.0793,-3626,-17436.5274,-10208,-99830.6717
-8168.1978,-37536,4706.1467,98637,67345.1763,47817,25592.6951,70223,25439.4203,-46405,73291.7208,-7839,36721.0510,-80378,21968.7197,-37983,-82233.9800,72143,49177.9124,-23478
16787,86163.4633,-43826,96072.2005,-4562,12338.3226,51514,58606.1106,13746,-19383.0830,-12136,22251.2298,-69735,281.6767,88098,31884.8033,62468,-78560.0568,61346,9221.7912
-84354.4461,-62536,25870.2483,-66391,14819.4363,-13372,-52296.3182,23789,-35638.0480,-24854,-87062.5675,-97527,67211.8261,90391,-21496.6614,11208,28351.0311,25410,10643.8764,96935
44790,17644.6007,5810,41455.0636,-26287,2574.3460,-68626,-65782.1431,-17598,-81972.4102,-83004,-44901.3896,36601,44519.8859,-3533,-87736.0160,-49295,36568.4150,40232,20034.1766
55333.8755,1090,-37579.4026,18181,39612.6169,87935,-61093.4411,90542,11583.1855,-30368,-18690.9604,18675,-38870.3789,53739,64883.3829,25464,-76514.3725,49058,85599.7518,-1797
43733,65595.6029,71787,16505.9329,7700,-88376.2767,1344,80241.6705,-60463,8548.7053,-42068,-25188.7511,-7079,-72839.5283,-81137,-51634.4134,27409,-55943.4630,-13995,-18238.8829
25983.5861,58972,60733.5382,64432,-29692.2985,60714,15076.5066,-23845,-29031.2998,76943,70163.7658,4941,-81173.1861,86089,-23095.5791,-26312,34934.5226,85666,-70116.3173,47896
-85568,-51201.7936,30677,50659.7775,-92579,29788.3652,-94197,-99005.1749,72478,99358.7179,62842,-90192.8202,42036,59110.2191,73911,51899.2599,84182,73203.3521,-54748,-65328.1091
-13055.4942,51187,-3921.4264,81935,-47232.9272,65025,-41319.6595,17171,-84286.0465,97444,-85151.6926,-47532,8981.4238,90074,22893.1349,-55168,-65103.4028,-34675,41223.7653,-81034
-20423,-50315.2093,4743,36729.3048,47465,34057.0531,10510,-64909.6590,-89997,45559.5213,45481,-12184.0930,21815,69455.2509,19974,48048.3160,-37604,-94642.9295,-33111,84903.0468
5276.2770,-65819,-48907.5978,-60474,-57256.7919,-51013,96655.3730,38435,-18312.8238,-16033,74544.5832,-11660,56115.7925,79662,30506.2783,25179,68686.7615,-54699,-55013.4460,13726
-40561,62852.9363,58634,43234.7556,61821,-29160.0013,-1902,36226.4444,-90746,70856.5111,45619,75379.0306,73542,-84479.0780,63170,6004.5617,74135,-6268.3175,-43742,-34983.3174
51130.4281,-26429,-55286.2775,-38011,-17694.5580,-54279,-88757.6529,-10656,75644.7125,-3451,1557.9598,-1741,-84005.6807,-64830,13852.0493,-96403,-19932.1478,76557,-93300.1751,81338
62263,48170.0024,-33687,-70989.4444,16486,25253.1314,-32951,-28175.4478,15124,62290.0838,-21472,-40851.8498,-89745,64874.7954,31660,-87312.8389,68210,-38705.6068,-20218,37970.3859
88174.8100,-8110,97649.9827,56981,95004.9623,-18820,-9400.5341,-71772,59409.8616,-60689,22592.5917,-5081,90815.7851,-47069,55831.5368,-59109,54333.3064,-30851,-75977.8903,92139
59815,-88722.0445,-46372,-41546.9849,23749,43387.1479,-51856,-49890.8696,7251,4845.0014,26513,63422.7072,8161,-20522.9555,34107,63753.4911,-51421,63870.2975,-79000,91608.7734
-54218.5545,-31347,-80178.2360,-24333,56516.1554,62186,-45486.2366,-17439,6239.9837,84036,-81886.7630,6818,-23155.2469,-25536,62702.6740,57950,-4159.8704,72397,-87233.6039,40770
20819,57763.6205,21895,-48183.6243,28081,-20103.5172,84545,31243.2754,89351,-71621.6285,-94885,7691.7997,73644,73002.5813,58834,-43093.7897,-63113,7152.7462,-97174,17956.3345
-76507.5941,-82981,-95217.0446,29869,60842.0351,88935,-96047.3376,-57596,-82863.1986,61752,-15643.8503,89518,-93621.8502,33828,-86443.2069,-54353,-76474.6007,43082,85906.1981,62959
-38993,31535.6013,43134,-4243.6760,67650,-67344.8076,8249,-9067.5159,12949,-42727.6075,-45252,40483.6237,42980,-9050.3028,23067,75213.7606,42375,27502.8514,86606,21624.3374
-84212.7831,83402,-76526.7406,-86547,-15324.5153,-52487,-31721.6563,48635,13715.6508,-97011,-79784.9903,-58437,-11141.8223,-71893,-94895.5038,72763,-5969.1633,5869,-69383.3544,-14062
-21691,10599.8947,41182,-85200.3794,-18708,54900.1482,21868,11897.2421,-74196,-76970.8565,-6520,-11488.6611,10463,868.4215,-82981,39076.9988,62382,-12306.7097,-78109,-50261.0876
-70145.8653,-37417,20006.6447,-27438,-36417.7698,-73987,50121.7885,3287,-63490.4142,-35911,92153.1241,-64431,-13427.3737,55776,76408.6597,-74175,-3795.0468,-17251,63163.7826,-14766
-56745,-83452.1549,-55595,-76814.9028,55839,-31938.4800,24748,60872.3388,-89361,62957.8331,24800,-73853.7871,76022,94914.2553,-53163,-94278.8913,-12678,20028.9325,87472,-66117.4433
55028.6618,-9457,1788.6449,33227,-17278.9638,95478,-50467.9918,-57003,-32750.4404,-29062,52407.4338,44615,-969.2189,-9658,-36750.1295,95521,37534.1327,-25966,-14118.8926,24617
-29239,119.5340,99798,22021.8419,-39576,-26539.2746,-17710,-78125.5467,98606,-59105.5537,-93363,-60389.0695,57926,-68749.8239,-81753,-53609.0260,-61659,-60257.7127,-50604,-22056.2155
62141.1279,-71709,95477.7317,-40344,-64242.4996,93276,22790.0374,77952,-45709.0099,48177,-21009.7164,-25430,24717.4471,-91902,-94164.0146,86072,84178.6760,-72432,-22075.5063,30784
17532,-56902.5410,26401,-8965.3429,96833,-8958.1932,-86726,11508.1728,-16313,-70315.1022,-2123,-3066.2790,-15545,-30474.3789,11385,-24205.4724,-25902,-50529.2452,16321,-18346.7828
-46239.1373,-73055,71428.8676,45731,-72861.9555,-23453,54292.7367,-7130,-91525.1360,-49875,31775.1291,53618,-32183.0637,57641,23466.2790,-94175,-90738.6473,-19463,-93845.2872,-24895
-12298,77193.9148,81166,91560.0138,-42667,-38325.8505,88854,77546.7833,-61725,16982.4610,-68986,-951.0520,-68006,92169.7180,-56477,69548.8495,15054,-27537.7005,-53279,-58497.8530
38423.4185,-20049,47056.7199,-55929,-82165.4333,89318,31972.9904,81562,68732.3611,-35198,72752.4931,13173,-72015.6832,14300,43800.9940,23733,89557.8494,74481,-58732.6967,94522
-89799,-4970.5101,-37014,-81386.4864,-89376,-57304.6195,-96105,-17907.7819,-90320,-13099.6013,11067,-51160.5409,5138,-60867.0798,-19288,-14587.3938,48756,24784.6321,-7500,-88115.6562
1780.4313,79827,-70952.7789,-80309,-63520.3142,9270,43685.2229,85668,-83123.1635,94610,-92126.0344,81357,47437.2598,31138,87445.1767,-29093,-88251.1765,5434,-4216.2202,-19163
-51249,-79238.2255,77927,-40034.4348,-62965,-27477.4926,-27339,-80665.4628,-66675,-150.0925,-534,-9054.2962,-35013,28343.4890,-50539,-16813.4334,12261,84450.0655,-4866,-84978.9359
-96121.5754,-40182,-35627.0263,-97647,70339.9750,-35678,55410.3828,45277,27052.8027,-45980,73822.6339,-10941,-51730.9317,62551,55587.6995,-74181,88230.9575,-96702,-94249.1939,20381
-19867,10830.9637,59812,40049.1924,35363,-52639.4834,97032,-57403.3079,-72288,-64309.4616,-12882,-7476.2961,28270,-35286.6943,74495,-11368.4471,-1891,-35847.8800,-86516,26554.0808
-50387.1400,-85084,90416.6397,-2668,37993.5483,69803,95568.2145,-19745,66938.3056,83704,-74269.3469,-27251,-41004.7394,74127,14769.4300,-82348,9568.7192,53375,-81888.5633,87856
66497,-6674.5371,-8946,-50709.5846,76099,68586.1937,-46094,-9806.6374,88618,14820.8205,-89365,-75551.1114,43873,65892.3599,-6766,-41750.4168,52660,-41818.8361,44332,23714.8129
81505.8927,53729,15478.6263,-70446,60506.4370,-86353,93364.1290,44205,38124.6741,83776,18229.3183,13488,99042.1785,90165,-38289.6524,11029,13803.7016,8114,-56748.4947,-48469
33334,98096.2489,-29563,42594.9930,72983,80638.9811,34522,-3606.2602,-47738,-37274.1718,89453,86493.7234,52861,6415.2591,14704,11054.5622,76581,94389.8548,32986,-54746.9318
-80555.6907,-9554,-60466.5514,-60494,28285.8144,46428,-47013.1716,20377,-33159.2585,-59163,-28443.0832,-26451,-60715.2760,-61834,-92511.9951,-32853,-35112.8921,19855,-82761.2267,68972
7687,97207.6984,-76419,4545.0878,-21062,-94103.6690,-89296,37365.6370,-55007,-22481.2214,40708,85088.4743,49773,78308.3973,-49745,-83096.7570,-70654,85220.2258,-22020,-84210.1727
66141.4490,-42123,49703.1582,-42896,-57037.8193,-26448,11770.7928,-79131,60177.2621,-1673,-36046.2716,-36442,73705.7831,-1826,-39928.7403,-738,-51803.5154,52902,97255.2838,-77271
-90826,-55659.3904,18268,629.3892,-84631,-92140.3748,65704,-30755.1642,95600,-60920.4822,-75569,-7386.3893,72548,-41543.3249,96403,67408.1548,-72841,43599.1720,67631,-19188.7531
-48153.9311,-63096,-80012.3844,15968,89913.7070,-13049,52795.7236,-13355,-47683.1956,90224,-69196.5509,16098,63808.5641,13494,-75060.3572,-6639,51879.8383,31518,-9015.3628,64002
-76632,-99185.7453,75304,-87622.1950,92337,-25192.4291,73302,-76111.2893,-40297,-54137.5796,-11884,-76566.4803,-29162,-89712.3869,67395,287.7831,72923,92053.5397,-79748,22831.2008
-26314.9311,-15011,-62589.3740,-32831,-79587.0260,56779,84797.0295,-96298,-51513.1768,-46727,22477.4655,45873,50100.1693,21649,15940.7994,31488,-85326.3535,-7394,88233.8393,4688
-80076,43887.9935,-16809,-58654.5583,-76354,6186.2401,-98517,18386.9241,-31811,91553.1361,51263,19935.2872,-48773,46599.9204,-64903,-93084.1286,-45230,-63058.2110,-7436,4068.3938
90341.6328,70362,-71920.6239,84966,-98305.3710,-84232,70046.4874,21046,-53170.2117,23224,93593.0946,26453,-16812.9232,12227,8826.2108,-17031,-61928.3757,11575,26405.8971,-82169
-53604,47723.7915,-97000,19512.3159,3734,-19246.3468,-37667,29273.2425,61434,-45714.5681,76927,72325.6647,32399,75731.2916,82639,79840.6551,-89567,12240.3301,-54626,75060.1895
-28683.6528,-15821,18033.9977,-95925,-27957.7926,24320,73798.4571,49947,77064.1346,-68979,37834.2451,-55777,78963.2839,82619,-30252.8883,12875,-94873.2075,40820,-52456.2504,95311
3294,-70865.0021,54260,87884.0217,-83944,14493.3093,-5495,7426.4628,-73218,67427.8962,-68348,63275.1489,38918,-24602.6706,-84868,-8721.5652,79077,-47607.0450,-80835,-48986.5033
70439.4604,85051,45202.4003,-86161,74906.7683,-44446,-4867.7918,-45999,-97590.0033,-35754,-45763.0903,61602,-5596.0895,-61555,75412.6453,-9842,-18981.6561,-45060,14898.3900,-83151
35185,58240.6560,97517,-12163.7136,-81719,-63501.1344,-93897,-79616.3786,94040,-39147.3133,6706,98587.7773,-42060,-32451.2846,81533,-82519.1777,18100,-72836.0877,-67476,77871.7714
65480.5372,-33562,-13264.6629,-18402,8194.8668,-71914,-67443.5982,63664,-9105.7287,82757,-74918.3422,-51602,10960.8818,-22526,36939.5284,32726,51020.5816,24137,-71355.6284,89673
13154,-41166.1184,92686,-18789.4202,-38864,71734.0301,-57554,45549.0517,-81130,45452.4829,59150,14421.8632,-77949,-71229.6874,29255,-79639.1928,-69376,-83219.6406,3367,-70052.3132
50944.8701,38905,-24782.9467,43078,-76433.6105,1815,28726.2281,-92745,-28324.1951,-3171,-41932.9845,14420,9195.0322,18716,8637.9579,-17673,72148.4125,36867,-83371.0409,2906
98418,-69735.1756,56375,85392.3656,-43303,-87278.0799,51545,-11265.9649,-2228,50684.9292,-93172,16953.6296,34468,-83337.8385,43191,73079.7568,-91553,78342.9572,29307,95062.3333
54382.1155,-32006,-81260.8668,-10751,-14312.8020,41991,93308.3602,-76246,20816.0633,45219,93173.3638,25764,21820.2067,35035,-7756.0748,71170,-6756.1105,3990,84295.8822,-22563
29673,-35146.2137,-34138,-20404.5326,74169,-16366.2962,-2968,61312.0136,-65826,5017.1782,-21721,37573.3477,91966,-39979.8877,82940,-99362.8926,-77997,62838.5156,90936,-34445.6785
-90326.6941,29018,38358.9315,20467,-72619.3869,41273,67995.3958,-37554,31148.0436,-37888,13342.0195,31088,18227.1798,-2434,86266.8678,-52894,-84584.5191,-42954,-47414.6360,-11043
55769,87293.2715,-93480,68481.6479,-1488,90609.4561,727,54340.4441,79743,29001.5362,-58010,-92064.4058,-74254,29898.9583,-57891,-1522.8996,75992,-50332.6901,-14275,93817.8002
-35883.7628,75375,48326.1813,-26872,19745.9849,30385,-82912.6676,-46472,-98622.7682,85096,-67721.3736,85934,-65330.2220,9928,-31594.1607,-93672,13447.0535,60601,-15140.5221,68250
95827,83729.1336,-16663,35179.6257,60151,-9095.3407,39271,63891.5657,-37563,-42470.6608,14608,54066.1826,88766,-77161.6528,-71848,-44421.8351,91804,15792.5304,78093,6814.3806
-77320.6336,50780,83124.3267,-4781,-86683.8321,64162,27610.8554,10788,-647.9432,-18214,76895.7284,-73341,69611.8643,-45763,51716.1436,-36476,18133.6878,35843,-41752.8541,-65193
67895,-60427.1315,18488,-5041.7654,21259,-12876.1183,-15715,29966.8484,65138,67950.7366,-82453,-53982.0166,47301,-47432.4226,86790,-7531.2557,98074,-20455.3138,64590,53549.1529
-25443.0927,79227,44312.8959,-63453,70198.6559,41831,-55650.0199,62553,59894.3974,-99861,94279.3550,-9687,5884.6151,-27625,57330.0317,-3803,-99011.1505,-85911,42907.5013,-30076
-43276,-19743.1407,89942,-10948.3223,58681,-90168.2112,-3606,-41352.2570,-13516,8946.1839,-13415,73768.0037,-39998,55273.9799,37766,-67183.4453,-84111,-17133.7657,-32815,-11279.8622
14472.9857,-85333,71581.9870,-41921,-80469.5258,-54842,37299.3651,-28415,-51589.3312,31304,9152.6753,9436,51759.4820,21585,-78542.6820,85786,2950.2352,49976,-32769.8446,-47290
-22371,1878.3581,-24575,-62804.0050,-52026,826.9349,11655,37640.3455,81550,-50446.1578,-7601,27051.8663,-91611,68124.4796,2614,-99677.5473,34022,42489.7256,17192,-70255.4851
89553.9080,45588,-90183.5176,56852,49109.2928,31604,-38547.6889,-53687,80429.8480,-69001,2302.1715,-36151,87323.8321,82997,-87010.8425,92273,41534.2677,-90512,87116.3303,25183
-53125,-62836.8677,26495,-91247.5614,97088,-29574.7055,-60342,22654.2131,-73794,11171.7649,-39318,-72395.5247,29140,337.3432,-2091,99867.8460,-26883,-62097.9175,10489,-62158.0646
-47753.7382,-32767,46326.9522,-85096,89871.9191,76222,-58932.3677,11769,-14044.4037,58780,36298.1977,-15896,-81531.1530,-19166,-84018.9168,16570,-68146.3783,-6912,-83627.0368,-86297
-61040,70709.3034,-41035,46587.8115,-35339,42867.6746,-8967,-52109.0460,-2169,49782.1431,77747,7336.9255,67919,23346.1288,-19079,-50324.9820,-66111,-41775.9106,-40311,-64298.9638
-70568.3515,17277,-54729.0236,-86239,-98267.7996,-59057,49997.7582,-51657,14738.8830,2342,59379.0950,-79450,-94031.3968,21669,-43505.0632,78877,32399.3403,-62557,-41069.2799,97993
32059,-76379.4647,28644,-46622.6553,-97710,63764.9802,-76573,-47897.0000,-47356,9361.4102,15274,8922.7904,77970,79392.7430,37589,87812.8523,28858,-56351.0253,55011,-33501.0046
-47115.8358,74310,-63486.4396,81480,84274.5265,-97291,89143.3556,-16315,-64274.2304,47378,-1950.3455,61678,60231.2418,55674,37004.1221,950,30086.7963,96645,69039.8298,75724
-84551,-23190.5222,86166,-20715.2782,-5723,4228.3520,80089,31997.0453,-26783,41576.8981,35233,42478.2477,61119,36239.7495,248,40887.9051,37660,-56909.0829,80175,-82619.6429
95285.4467,-16632,-93986.1758,-1078,-96295.0491,99437,44254.6648,54951,-56103.4892,-64715,26826.1081,22114,-41959.4430,-11044,79300.5795,43659,-86597.9463,31766,76424.4206,53054
47595,79415.5233,83721,10492.8871,50805,20193.2009,24382,65068.7669,39882,40294.9046,72844,1935.5241,4148,16393.4713,99080,11046.8350,-23621,-30639.8911,-45448,16666.2893
39673.0707,40157,63089.8848,55007,50314.6082,2899,-25486.1513,75566,-37698.2612,7577,22792.8761,-99456,27313.3537,-73181,-13197.7529,78455,-47677.3938,45587,-39624.2221,-39109
-41575,-7628.3191,25422,-95593.2609,56757,63842.9390,-77367,95231.5664,-51616,-23069.2156,81318,-15176.6396,80067,-12460.8207,53049,97275.1886,11958,-45705.8284,1276,-43470.9605
-40328.1190,-45946,75625.3318,-5188,-91030.2059,71523,-13761.2943,-45060,-51963.1552,-45993,96472.2964,-38108,-23959.2845,10385,-57570.1401,-7328,-52583.8969,-32113,-49643.1726,38762
19431,-21505.4495,22612,16285.7659,7096,-51900.2309,35629,-1862.2593,42914,28265.7697,73936,-22078.2517,9897,22672.4073,85378,83460.6350,-41180,70391.4173,-33973,28003.4554
6063.3521,72536,-16196.9651,5673,45456.6865,-53744,54579.2941,-56684,7610.0108,43857,23338.4564,-50556,-68692.5104,36683,73172.0219,-28282,30841.5109,-42779,-1266.8350,37629
7036,-75247.4818,-85640,-58438.9929,58228,66064.9630,93488,58627.9477,21214,94926.7974,31399,-64616.0702,-80571,44762.3856,-68353,18259.9927,-98930,-78330.4558,47634,9443.6488
73624.4661,69934,-57428.7427,-40974,9389.1059,-53434,58727.2061,-65932,-57605.3259,95520,-22984.9482,24664,-46327.3914,-38141,-19088.9859,-96463,81660.0713,-25089,76857.4718,-18265
-53530,23322.4787,-10907,62733.9679,-81611,-53745.8696,-1164,-66545.8681,90337,52830.1770,-94833,23309.6680,13262,18125.2822,35412,98239.6771,3794,6886.6923,49215,-7423.0358
-90653.8677,25668,69397.4109,7084,52297.3250,-71139,74881.5855,16868,79165.0324,-41235,20243.2368,54761,47421.4523,-35084,-20008.8437,82548,29936.3750,94854,1711.3839,-46558
71069,-8363.6698,-13955,71929.6202,79896,-83139.9959,-39387,95785.3309,-19506,-60208.2446,7934,-98728.5537,-7378,-23809.1030,-21861,-77480.5788,2762,89681.3458,-98530,-21497.9505
34400.7014,71603,99775.7575,-38854,-1413.8256,14479,-13452.0080,-17732,-30322.0288,-45517,-36447.5294,8306,-74190.8558,-61165,-869.9174,-46478,80164.6086,56250,-29913.7827,49965
-97175,18419.3086,55705,29623.5886,-4162,39437.3972,-11120,6835.7723,-67884,16285.1923,-24665,61542.8099,40629,-30327.7655,14935,42735.8526,47175,-55001.4121,-64495,-66030.0552
-39114.2917,14840,24088.7427,-825,79351.5262,-16031,75884.2671,98978,-34250.4290,88143,51171.0380,67537,18274.4440,-26932,-74404.1946,-82517,48552.8794,-72201,64013.9700,816
9367,59439.2298,76458,28973.6801,-21144,74623.3034,-23295,7755.1476,-17305,-39135.0779,19606,-5640.4368,-61062,-54302.4922,12208,-34992.8185,-89489,-77095.8387,28235,64926.6575
-73525.6040,90941,74669.5686,-15539,-7982.1231,12425,-52005.4099,-21452,53446.8757,25628,-75545.6870,49739,-53650.6132,93905,-22180.6816,-16794,-61697.1584,38958,-36088.8385,-89278
64584,93112.9244,49054,-75689.1593,-10408,71208.3377,66180,-16376.5964,24456,-54603.9322,-70819,-8969.5113,20561,-92165.9614,25771,-76194.9427,-28614,-11145.0629,34021,82059.4267
-32097.0786,78618,-23028.8035,-59692,76899.2940,-15113,27901.4595,51635,-92114.0884,-20423,89763.3164,91452,-49078.4699,-97525,-2670.1292,33074,32456.4296,-74400,3625.8859,-31892
-32250,66652.4758,21626,-70926.2766,-15762,26714.6144,-12777,32979.7395,49741,78414.1278,-97149,3257.3519,88747,92210.5828,-99072,-55359.1302,-90229,91776.2814,99858,52106.9361
-22569.7431,-2337,-7880.5579,-21634,-10005.4040,6217,-652.3446,-23105,-71665.3208,67831,15953.4185,48586,-68313.9233,50936,-62251.8491,6335,-60064.5048,-33184,-66947.0027,-26109
58035,4588.0719,-38065,71404.6757,-74153,44642.1439,-81783,20778.4433,72526,5884.7915,93664,28753.8615,-75296,44730.1557,98862,73302.7983,89398,-82075.1980,-35109,-89594.4258
-15691.9032,73675,-70198.3654,-6503,59270.8492,814,-21735.9731,28798,79588.9098,49261,14960.1241,-76740,27422.3667,94338,-27722.6458,-4089,93665.2893,80533,-45046.1105,-11850
-72777,-83818.7088,-52300,-62824.4343,-24061,18908.8613,11022,-38485.3764,-13600,39428.8505,-36619,-30592.6642,11115,88998.8180,69382,-13331.0593,-12507,95375.8886,-36171,15602.3581
-17331.9911,37646,15060.2784,-98777,51218.5511,-95370,-57190.7293,-27457,-33283.8980,22247,-14242.7931,-5038,59570.9226,91940,-47966.4107,-63165,-39557.6861,80882,1993.9759,66737
-49131,-76241.3123,-72081,-52935.2088,-1882,-29056.4359,19656,39629.9531,-10818,-90948.2784,49363,-9252.2394,75211,78978.6865,-58213,3011.2649,18231,-62878.1810,-32239,-18562.1995
-48704.5828,40822,15791.5456,51701,11213.2217,89557,-40455.7638,11378,7092.8330,-55773,20002.0248,-97421,-46356.5613,-74436,56120.2667,40112,94382.9618,72127,-8131.7367,10900
-58839,-63103.4742,-70356,-40121.2342,-86968,-11348.8301,-70788,22275.8522,-48315,-99376.9761,50958,-92906.6023,-73299,-4870.3608,43401,6691.6238,-17464,74557.3353,-5293,-12803.7865
77234.7960,23941,20142.9143,34908,76203.1946,-65403,64173.4090,-26925,-65339.7974,99815,-81798.6630,10490,-49928.5563,65847,-27123.2620,-31054,-95486.3972,81260,40680.1193,-13354
-93501,-30918.9070,-11115,89976.0541,-75600,36283.6485,3734,-90561.9830,-3852,99449.3838,82279,66171.8889,-88885,10998.3054,96852,-77859.9914,-68274,94008.7151,1069,90083.2248
-42686.8107,-8592,-84536.1468,65223,-21345.5769,78952,-34360.8869,-8012,44643.2231,-46519,-49946.7025,9739,48079.4700,-83857,75593.2810,37970,-78901.8240,16928,80174.7675,30062
-67092,37127.4251,-8497,-12067.3822,70654,-88918.9609,-68822,91353.8055,21646,22486.2880,-91325,-83508.1460,-78417,-47045.2557,40534,-71061.7848,-87246,89931.1098,67055,-13084.8520
32550.6633,-14987,80970.9886,-24748,4835.6213,72043,-24359.2644,-93305,9314.6560,88304,38790.0223,-34392,-68541.5342,-9845,34184.9178,69652,-50947.1408,-39982,-16225.8340,57116
-22238,-11774.0772,-69525,27778.9580,-12877,-83556.8576,-74002,-88458.2851,-25295,62140.7739,-77297,-25659.0279,-62795,69515.7722,95921,-61622.2618,-43072,21254.3290,72667,55877.1375
38036.5511,15677,-41393.3594,93804,36039.9803,-51041,58305.8378,3449,-92249.5682,-1504,-33166.2853,35337,67457.0723,94358,-92393.0456,-3576,-22743.7770,-3218,85371.7321,-45952
-79691,-74490.8222,-18139,-49898.2592,-86930,40781.6920,77460,-24401.7642,-75756,67871.1207,11834,68732.5542,-51335,-21734.4665,83270,3182.1911,99897,-13970.0608,34581,-25162.1676
53490.1085,-7902,60633.2921,14467,-14284.1037,-43489,-61742.1556,-24740,21714.3853,34038,-33493.9957,-14155,37738.0865,-17842,36938.7588,412,469.3492,-70335,-99331.8485,-15056
11529,56833.5636,62864,62889.9416,-19269,-87353.5891,22754,-64640.5312,35489,-60422.0272,22283,-29440.5236,55752,54720.8374,61139,-4243.4290,57968,8131.3839,-35305,84752.6099
-56107.9123,32022,73635.3956,99654,52979.8958,-50176,13000.6733,-11625,2684.5067,4634,41811.2681,-78202,19715.7932,41318,37054.1048,38982,-78860.8409,98249,-2201.4283,46968
-20562,-15258.4133,-17187,61812.2897,46819,4263.2837,-97418,75454.9130,-86044,70822.3598,-52068,75007.1036,25057,-24220.0740,-59128,18389.8406,-86431,-55486.5520,-43777,76849.0087
9676.4698,-74978,-51664.8035,77681,-26618.8433,29734,-30143.7007,-7163,-92370.4331,43801,29284.3712,-75873,41397.2099,-28764,-15387.1796,-37778,9458.2503,54146,-75504.8585,-49776
51567,25540.9262,-46593,-11374.8277,27072,-66489.2923,-70160,38699.5302,75184,29239.7470,45865,-44197.1932,38209,34432.4824,-24675,80944.3728,-41938,-26151.4858,22297,-41666.5414
-42637.9537,-58941,-18421.6671,-10952,68671.3518,-99115,-64345.5995,-31838,68679.7443,4917,84005.9457,-29172,33462.0511,77658,-16675.7834,5669,74557.9652,-5055,84403.9349,63974
-45175,59010.6974,-74608,30238.9530,-14403,65275.6460,-48020,-52324.4296,-13143,61559.3242,-8999,-53361.6804,-23617,-38669.4124,67347,96108.1887,-19054,10073.3002,63415,36752.2579
-85931.4473,-9242,-52213.3657,10685,98547.8992,88078,80107.1124,-80184,86471.6917,-43031,-48807.0288,78305,53852.2903,-27205,43113.5967,-48940,25843.9032,14729,71036.5746,17079
17773,20424.7209,18223,30782.8113,25896,93840.4116,-2664,78205.7325,61,87413.6902,9743,67902.5913,54909,78164.2740,4895,-4236.5089,39065,89745.1952,-26204,-59406.0388
-67695.6183,-50997,-91889.0205,-4762,88352.7437,-3806,71944.6244,86681,63193.1741,72076,-63617.2590,-32890,70338.9694,-33047,96676.8514,-36910,22911.2296,21583,64134.9307,-81277
18867,62295.2045,-79078,70113.1296,-49077,-53017.0641,-89061,2048.8750,-860,86462.5773,7132,-67212.1494,-96583,81078.5892,94257,6730.2715,-28684,23148.4688,-8092,90395.0850
96136.2253,49523,-34249.1679,9650,35663.2293,46574,15706.8581,-91332,17811.9766,82761,-99145.2292,-95568,-89253.1461,-93098,43836.5925,-26449,96943.5160,-16732,73588.3677,91196
-88493,64231.2016,94522,18669.4152,62060,81193.1786,-50928,-22384.9271,-51249,-99598.7737,63417,56603.8249,96383,88862.2457,-13708,19389.0429,-61716,-1510.0239,-19303,-89882.4699
-92386.2042,-57697,-64379.1020,-56028,-17911.5920,-46501,-46354.1713,-94766,57671.0826,-23421,-60773.1114,-99581,-17679.2085,-54763,-14114.2058,72342,-67178.5465,-43142,81894.3395,42602
-59797,-30680.6778,22144,82851.0606,-51017,33121.6278,29008,33168.8717,-97607,39649.9059,59538,62780.8773,59190,-57382.2478,62311,-27769.0938,35908,-58155.1293,68331,55076.3154
46232.5306,-64278,-58905.9495,51882,-69062.8742,-44832,24546.4764,-70753,-98335.5737,-22660,74877.3555,7070,-87901.1657,-63484,32348.4771,98394,92432.8993,51155,-35084.7710,-50951
28344,77378.3480,-78477,4808.7011,31279,51364.2023,-98967,-60929.3588,-25600,3785.9628,-70034,71667.9429,-44565,-78274.4457,48897,36947.5096,21941,86874.2674,-69869,81069.3217
-81769.0747,-21171,-72497.2502,77254,-81747.8566,-42092,59792.5946,38266,-6640.5102,-54236,-55131.7707,30772,45449.9000,-30607,-72192.6389,-21776,93946.5648,6662,73938.5908,-14536
-63536,11022.8060,-27213,-26537.3574,72438,36696.9242,-262,-24378.9794,70712,-45138.1274,86740,-6727.4732,93213,65446.7492,-6611,46327.8171,31681,90381.2788,-39823,-79196.2276
49245.7387,-98685,86454.4670,46101,-19827.4738,14712,79860.6051,54825,-43328.3005,32739,-24164.2721,45893,-9755.1569,96850,12938.4126,-50476,-8341.4359,-81712,-37685.9215,55177
-95546,-81705.2562,40735,-71698.3916,-85711,-56785.7158,-92094,91742.6466,62635,89160.3478,-92990,27076.4464,-69084,95100.5116,12658,78950.9628,58291,70459.6188,63716,-11764.3098
-67001.4551,19706,18452.0614,-12381,86932.4844,40291,90690.1407,8105,-68979.7306,-92259,-79102.7024,-54366,36303.4002,-61113,-14626.8291,55547,-37102.0357,62276,46288.5795,86911
-90889,8090.0267,-33114,-88220.4979,-99480,90513.3146,18175,57565.8281,-68024,-95662.3957,35316,77811.6444,39380,-2685.4847,-10617,-97413.5407,91197,-81022.6891,5160,-86162.8924
99343.7565,-74719,-32704.6466,33997,-55718.2019,-89978,-45301.4540,98316,-78938.5582,-7544,-42155.3343,60601,79901.2769,-90686,-2429.6299,61772,86422.6846,67432,-17799.8890,88287
24611,84237.7291,-52877,37587.7795,-82871,-22197.1651,-44297,89691.9443,79738,5518.2389,77990,76426.8353,71884,64547.5574,-67628,78110.6752,98182,-50140.9139,-87755,-12479.3132
-79637.7483,-10024,69393.6752,13915,-412.5219,-81868,-19926.2357,83870,81270.7283,23160,-40372.0006,53149,62260.6465,-27943,987.7443,30571,43811.1574,79251,11025.7053,-92960
30138,62861.0734,14875,-46656.2469,-52975,45352.3366,22046,-29435.5537,4063,-87558.5923,56862,9720.7358,-75371,25269.6652,25704,-47941.0858,71782,42242.5362,62462,93030.6369
49452.8805,-15252,-7129.5766,-83365,63242.0009,-34222,-75298.3174,-74336,7640.0197,-59645,51230.6717,17269,-51591.3406,6770,59579.3637,47364,-53473.5214,58749,8334.5682,-98749
-46003,-23034.9211,65727,68662.7759,41683,-8272.4325,30547,90691.6037,64082,-39352.5356,-93692,-44886.2812,-2153,-2740.7528,-558,-93883.3826,2330,-681.7068,62008,12224.2376
-38288.4520,-72405,11441.6181,-71951,7459.1094,57157,-17821.9847,47260,94703.4717,49591,79583.0719,16889,14585.1940,-60283,27675.6575,8855,-1614.3915,-70634,89447.8686,21366
-77010,81395.7363,-91548,-244.9416,-53035,39557.2082,58059,-58579.3008,75687,44017.3221,-11832,-90549.8527,6438,62937.7903,-95394,-548.1143,69685,-15916.6602,-76090,17944.9288
25997.2522,68262,-53290.0060,99995,67428.1871,26083,-23380.9960,87949,-46345.2557,-57283,72847.4059,65913,-45316.9681,-23835,-88514.8400,-86416,28877.5502,58511,-53018.2847,-5185
27075,-93208.0065,-56478,-9971.7098,-34489,-22230.5757,-73543,-19783.9019,30416,-17804.1343,-61764,-34747.3473,83,-55797.4278,74335,-3180.7374,5556,58728.0723,-95312,-78812.4266
37931.5992,-27391,33476.3359,-98805,42412.2323,-34912,-52978.6526,99272,85254.8510,65293,-74256.2174,91413,30870.3612,-65256,80581.0918,84668,19246.6949,-88598,-23832.9257,-48148
65581,38133.0496,-48090,76343.6130,7842,43937.7428,-27718,-1480.2761,-41990,-55324.2128,-86567,-8254.3278,-55206,80499.9193,-35625,83986.7061,37621,-77164.1403,-58184,-11258.7049
1392.6647,-82086,-52524.4795,-65520,-61713.4259,15771,-92807.3048,-78942,-76331.7345,-33008,-25940.2766,28803,-23867.6149,-69172,-14050.9341,34706,-31319.0018,-17591,-55669.9835,-90884
-22029,-19113.6026,19628,-72475.9009,-78834,23033.3146,6974,81048.6298,36229,-24158.5872,-74417,-60721.2421,22072,-30119.9844,10175,-50872.3709,31817,-69143.6833,17139,14111.8629
38323.4191,439,21140.9573,-16018,-17599.9399,67152,-80027.5802,-34539,1459.5026,-29386,-38584.8329,-87022,70789.0738,59076,-19177.9000,97362,-21716.7896,84681,-72609.4667,57365
-49351,54885.4501,-45475,71109.0896,-31464,-51167.8665,97312,-86954.0961,49334,28597.8277,61425,11156.7262,38379,70638.9592,28051,-87799.0500,-81834,8552.2571,-41067,64176.2827
24877.9079,82525,42198.7248,-52341,-76804.5122,-34204,38192.5333,71600,-71068.1630,-41551,49884.4501,-29733,98231.4185,2714,56553.0800,-38620,3832.5881,45805,49252.0274,-33719
-76225,-10860.0932,94947,30650.2387,69980,55665.2656,19016,87136.3663,51102,44920.6012,-83539,-54053.3575,-50324,74429.9331,71225,-26187.3362,-19647,70146.4513,24882,-34081.5307
97904.7696,-17847,-97072.6740,37455,48096.1467,50490,65368.7056,-94031,5197.1639,-33820,40360.3663,-30236,99485.2227,25956,-20844.5200,9696,-94920.0173,-78958,70708.6626,25047
49167,68046.4727,-91762,-33496.9384,69859,28214.5491,18088,20472.5450,-30333,-92126.5346,77158,18644.8299,-77752,85793.6832,22398,-7380.3763,-79500,28293.1341,77776,-90991.3949
-98552.1858,-1281,-22690.8396,-87631,14565.8665,-30354,6376.7513,-94348,-38918.6819,7676,81496.7986,-57298,45246.2714,-76181,-31013.9519,70750,-69133.2167,34391,-67391.7113,34183
-46365,-4199.3748,-9741,-99780.4375,51734,-74055.7148,63818,-20399.6378,-25120,5435.2876,40499,58089.1951,-9350,-1003.8187,-76702,36811.2299,95006,-99146.9488,-6000,64392.1737
-12480.3648,58581,-7475.3991,12886,-11721.8177,-44376,22314.6130,-98290,2593.4720,-71278,13880.3080,-40707,-56784.9294,49220,-30066.3034,34192,-89158.1792,3805,23309.5009,-48742
-8849,-28207.0300,-45808,-78915.5724,-59599,-65852.3653,64805,-35849.9661,-46828,26695.7118,-59545,-2906.0009,-13588,6065.4124,41787,-7374.0016,37199,53839.2980,-75007,-90185.7251
-60219.1059,-10686,-18373.7313,-97726,-75603.0701,90402,74688.0209,47141,44265.6075,-12319,-91942.5594,-20605,99212.3488,-63243,-56514.3547,-79076,-35520.4686,-17208,-46727.3027,36694
7546,-65164.9628,45704,-60325.0674,24241,78736.4613,87629,-3445.8281,-71855,30158.3188,77258,13549.9389,98791,33575.0587,55737,-45024.5050,6834,-57588.5714,-96598,-6381.6986
-19397.1767,-98529,-66983.5265,97332,34264.5533,31849,-21552.0538,61980,-58118.3527,21218,-21107.5302,24786,45624.7967,-74977,-11591.6078,16730,96473.6617,14491,-38965.2249,28414
-66621,36426.9518,54677,79210.4969,48920,-68175.7261,72694,-30262.3556,38551,-80403.2208,83949,25239.0119,-58965,99614.0020,2772,-60512.8254,-52536,71356.6333,94722,-32286.5076
74639.7347,94491,-89902.5851,-71408,80287.1870,72093,4301.1392,79218,-90174.6165,-91106,86808.6774,-11481,-5311.3629,-5124,47105.8707,-38910,-40996.8410,50791,-16983.7654,54569
-82966,61461.8789,-71116,13494.5837,31554,48023.6168,59173,43829.6471,8128,-57936.8304,-62,38233.5484,-4846,84317.2019,29802,46440.9016,62797,99755.2281,-64703,-51148.0533
54466.3346,11063,-80067.6913,-88200,-82911.7096,-17022,-7490.3990,-65674,31503.7776,-83606,-61811.5070,52272,37856.4580,83316,-45374.3410,83033,46878.6346,82550,77007.3571,13231
-46782,72205.4086,-8423,58279.2913,-295,-65963.9016,-1635,59418.2502,-20028,44078.4662,-10543,-73505.9144,-15378,41319.4513,-9052,81822.3214,33261,75185.7204,-88778,90560.1339
26735.3689,-18136,-82678.8224,74131,25859.6965,-4921,-50872.2544,-66972,-26605.0910,19996,-74153.9675,31987,-87842.2040,94728,29306.4308,-73472,80344.7372,64021,88573.3234,-1161
88654,51105.7425,1285,-50734.4834,-5560,97727.4014,26932,-88410.6225,99582,-87992.2120,-6453,-71714.9617,52570,36983.0588,-31798,-76853.0808,65085,-98128.6949,4134,-39139.9336
-21127.6785,84273,14637.1725,57628,93843.3301,17195,-31898.9555,12699,44380.3970,-65130,22456.8833,-83526,-40882.5572,59175,-26748.2914,46443,49784.9098,99669,-84060.3351,-30345
-76323,-78700.1811,-431,-80915.7461,-23896,38329.2873,71070,-10599.7081,10748,-14151.8137,-4787,91352.1871,-83978,-119.6911,62312,52019.0446,-5914,34504.0679,-78354,-95139.1812
-94609.3644,43474,-35487.8138,60719,37088.9966,45749,29175.9640,91884,-81575.9473,21516,-70994.9165,47132,-16398.3865,-54601,-37920.1888,-22342,33054.8671,35738,-40135.3898,-59932
-43452,-82441.8308,83358,-10997.1773,39110,-28820.6044,-65637,-79437.0451,-2395,57165.5474,-37342,-93941.8180,53902,4707.3668,13344,85561.7349,-42975,90880.7057,-50847,-29731.5824
-39756.4549,-83949,-95118.0695,21403,26582.2972,4425,-88143.1999,-48928,96598.8212,44615,-62114.0391,68616,12734.8640,77303,-21370.3605,18364,-67620.7879,3034,23143.5154,-98490
7370,15018.8412,59735,40135.1659,-73430,56124.7482,-52566,57374.6013,-50062,78886.1782,-78884,-97408.4967,-8339,97229.7291,71561,94828.8050,75892,-52445.7569,-14496,-62610.3121
-91252.6732,-34620,-17445.9273,90803,-44875.3097,28932,-76588.8749,57215,61395.2811,-78977,81632.1221,-17516,4273.3642,-84008,86397.0773,73493,7534.4713,-59468,30189.9763,43823
17057,33823.6174,-40211,-78460.0311,51851,46779.7033,67453,43360.9411,9455,30084.5028,33866,72000.8874,95259,-81175.2036,-7558,-91781.0014,56265,-96955.3370,35157,77717.1055
52649.8828,78949,8384.0710,-21869,74185.7024,-31495,-81389.8327,10253,-57199.2245,-18748,43212.4225,97286,96389.1994,96342,-12090.7681,-74318,-47707.2519,37080,-1253.9765,13538
-13644,64430.9922,-21352,-84443.3077,47827,30883.0768,-47296,-74768.3370,-96198,-20083.1581,-56625,-27832.6016,58042,1774.9270,-19741,-71548.2373,-56907,70904.3829,57135,-59422.8372
92702.2839,-5089,-46213.6533,-88093,-13901.8819,15246,-72931.5500,-25880,70329.1867,-16165,-35162.8066,-90006,-40541.8691,88210,-9145.6097,82047,96852.3817,6820,-6571.2226,-43204
13043,73532.5413,87211,-24398.7118,-38513,-13435.5954,72681,-5574.7486,13030,1402.4280,85412,62911.9329,30962,23480.2994,-45669,-51670.9589,73289,79987.9901,-81203,-15840.8025
-61930.7829,64131,-53531.9154,56726,-50278.8912,5396,45111.9968,37369,-80529.9833,74614,96792.5061,4208,4598.6274,63039,-19266.9372,49846,13454.6420,-29503,-14160.0438,7405
-5766,-51508.5951,5929,32060.3135,7315,-15779.0878,-97157,46837.4962,44128,-16799.5366,25768,81581.2939,14183,-90880.7887,7079,16468.7894,56928,-43500.2572,-40045,-34792.2541
58734.4607,-95144,83679.5349,-28428,-52536.1969,-68981,46963.5032,62520,46626.3653,34677,-9115.2000,72502,13895.9866,-77483,13400.8694,-8893,99862.3147,-648,97164.0150,91152
41160,28569.8120,68936,-56053.8706,-88632,32030.8906,74362,56085.0637,65667,-86854.1676,8976,26809.7707,-42056,-15838.3287,-37455,-31062.4938,35116,43704.2971,98503,57327.1326
72257.7249,81901,-74775.1332,47862,78140.1660,17291,-44416.8530,43941,-28521.7244,39824,65201.3416,-68150,38786.6181,4848,85137.8089,79284,-20138.2921,-17166,35874.5579,-27865
37592,78601.5455,59071,60041.4994,-51559,-25486.6835,-48913,-75405.9292,-14825,51493.4784,-44275,52129.5127,-25014,38247.5927,-52196,-19854.9337,-13576,97262.8298,42864,-49373.3855
-98532.4809,-88856,-23236.2285,-50369,-1967.5023,-30686,-3453.3281,46721,-61909.0563,-70291,34360.8435,-11418,-95454.3150,37982,-78478.1040,-70480,-35824.1040,-13063,-23256.1544,-72947
-43364,-2101.3866,18048,81111.6199,98786,55573.5028,67555,78130.8196,1064,49081.3731,58435,87055.5813,4701,-57855.0274,-75360,-48247.5878,58840,-47976.5697,52010,-82677.4942
-59294.7865,82812,51351.5473,83794,12908.9630,-29458,62129.5426,-59829,22557.5541,23881,-70529.6091,-15306,-86289.1131,25688,-47307.6040,11719,57799.5035,-94677,-24601.7077,71727
-61994,-86012.3775,-91273,48011.8168,85434,18959.0219,-62812,7678.3999,50067,41150.0376,-52832,-88678.2680,27013,-42887.1301,81451,-19876.1494,29132,40073.6739,-61684,-78576.1614
580.6136,-13651,-54043.9522,-28209,-34645.3311,-88313,54172.8879,26271,48999.6847,-80452,-14102.8976,-5561,51714.6824,5746,-40185.3701,-62634,81538.9070,2624,-55231.4369,-95086
55626,88833.1904,16185,49375.1325,-16762,23114.6979,74948,-70367.1673,-65882,-90973.4928,-94083,-59072.7984,37943,41826.5621,-61526,88661.2964,-36594,14887.3225,-25932,38612.3465
93817.3361,23219,-55370.9432,80253,21978.0819,67334,73413.8686,70071,-77043.2872,-84150,-23278.6854,2133,-1082.4804,9611,63509.6727,-65519,-93760.8469,-90987,-45949.8108,-52335
-50112,-23950.8024,75498,-86576.4196,64216,-39565.6702,64115,5018.9520,13686,19187.1491,47989,85559.0277,19041,-11527.3947,56394,45799.7267,74823,39722.3663,73777,95647.1388
97708.4218,-51999,-8524.9149,-79190,-40460.6627,-56070,-46837.6066,-24853,16367.4061,-42452,-36167.7888,90093,2831.6526,96522,29589.5654,19045,-11954.6787,-63632,22120.8557,-55019
71773,74107.1238,37765,-38376.8381,13333,95188.1156,17798,76023.3775,12305,18695.9716,-10531,64270.1383,18010,32980.8228,-94274,-73408.0534,20943,-8924.4478,78752,-57199.3494
39409.8196,-31660,96564.7976,29917,86239.0573,-52904,-81470.7845,-82948,-13751.0322,30732,4641.5809,-71981,-40901.9356,4162,-87921.8384,-19086,69639.8716,-1424,84353.2412,48682
1138,79862.4504,77405,3573.2983,-45740,-6655.6603,-2292,-50678.2398,93421,-66145.8369,95125,92775.0213,-99081,17173.7226,-57058,-98611.6671,-3653,-87353.7870,-5225,4928.2605
84646.8659,-11192,65549.6013,-27364,-29598.4189,30425,29252.4790,70650,-95945.0338,41448,32247.6717,70940,83305.3466,94131,-8084.6171,-74064,285.9026,84713,42453.4668,67627
-22648,-55427.2112,38517,7977.0064,22439,20028.5721,40710,25034.5980,-29071,-87716.2641,-43471,90253.1911,91701,83481.2959,-47791,-43543.1622,-83062,61632.2237,11537,-43674.0049
56073.3248,-88711,-37507.6175,-72461,-99210.7529,23697,47750.9082,-82298,93245.7473,-63609,-27818.4679,1741,-87317.1247,43590,80599.5346,-66481,-9612.5455,46622,-32434.1833,62363
-56720,-35364.7234,29624,-42053.6501,-93070,93120.1240,39421,31134.4811,-69632,58009.6217,98230,97811.4957,14736,56556.3605,26634,40349.9903,9239,73481.6000,25138,-42255.9466
-33667.9138,-36062,-18354.1513,-76895,14357.2017,-25161,85562.2271,-67117,72352.0029,-28643,-45627.7012,94176,21890.7272,-27879,-96421.5473,-55427,89466.5299,-10809,-92117.6257,-63131
-37751,-58067.9903,-65483,8992.9842,-44888,48440.2322,-53178,17081.5550,62239,48797.3014,6545,-68219.3603,64926,56110.1138,-4105,86703.4252,-61766,-49303.8388,73777,-41292.7208
-60493.7175,-51180,-90533.6290,-88000,-94642.0641,22038,-8433.5812,49909,20782.4637,14132,10765.1658,71144,-4824.2768,-16570,-30732.5994,5636,71420.9192,20929,-59205.3210,5696
-68009,-40717.9339,-47748,-22741.8973,37279,-67090.7679,-27457,-75919.7198,72166,-42737.6478,47864,16691.6966,89645,61467.0076,-27193,38379.6863,-44317,38758.1201,45831,-97002.2226
12453.4195,95457,38038.2353,-60441,80515.8047,97903,97330.1381,92838,-82029.2943,59712,63165.3157,1803,43753.4278,-92086,13583.2726,-18681,20900.6751,91522,63323.1965,-7017
43840,46427.2818,-53785,-3123.2240,-65425,91492.1618,6696,11003.5549,26957,-26358.3882,-89838,-57459.5051,6455,63779.9050,-41172,31478.8160,-12241,2551.8570,35426,14492.3639
74027.1392,26523,13038.9332,-91844,-38928.7542,-76449,78398.5283,50868,57619.2350,10306,78528.4285,-45007,-13703.2892,42624,-5033.5370,-53935,70448.6615,-64316,42019.3200,-80483
67928,-4079.1197,-87359,4611.0487,-89542,-87745.0406,88624,-79443.3025,25496,-68191.7495,-41715,15309.5555,-38308,-9868.3013,45985,51947.8305,63556,61229.8613,-67731,26366.1546
-58057.7752,-41918,849.4711,-10261,19611.5215,14996,32153.4991,-94068,-60097.3228,-11847,70076.9158,27021,-86628.4712,22752,74686.4037,-27589,-49674.9468,90369,47081.5765,-15554
52998,93028.8778,-33376,-97159.1951,26580,4059.9844,61528,-3010.9186,-77334,10814.2335,-82871,-50307.2339,98253,58498.6887,32605,-16914.0706,40388,31919.1494,88817,36597.5006
-83456.2856,-1128,83158.2198,51747,-61191.9818,-59157,67149.1187,80344,-98416.7021,-48450,-86994.7134,65085,3566.1768,6723,80770.6088,49531,-16328.4703,-11037,-83844.8624,91673
-18905,37209.5194,-41784,86601.1014,-38565,90036.9104,-98188,69037.0016,44457,-56744.0572,-59214,80505.2770,-56588,-76787.8899,-89807,69034.3254,56780,11998.2861,-67331,-29605.3026
-6683.9411,-29912,88219.3176,-4900,23711.4621,67550,35104.7865,-78057,58776.3999,36310,-56717.0998,2145,15836.2053,-16838,49967.3930,14883,40959.1874,43696,-42508.0467,-97508
31867,-43247.8901,-65458,-36320.4621,55871,61402.6371,96474,-48870.3837,92059,-98704.0403,-82680,-94090.3483,-21634,-36507.3760,-15915,-95579.4499,11576,-94918.3621,11095,-88243.3033
69467.5390,-25967,69142.6061,-45244,-51256.7344,73280,-11288.0919,-84000,49349.7549,81900,39628.9434,62777,-37349.6656,-20097,-37699.0206,-24060,-17288.9106,82749,-91492.1727,-82270
-88922,-35727.9969,50030,-14028.6480,-77399,79259.2811,-75116,-4925.2119,54108,-17458.3725,-34853,9292.5219,-64367,-36903.0311,-97657,-8710.7715,-38560,30705.3367,-91921,-16490.0414
-31298.1095,-31774,-96480.1904,20545,-12773.8462,-26787,-2265.8208,-32137,28200.8685,5001,77299.5303,96564,-85313.1104,-66792,-31477.2041,-10360,-92083.6478,44192,-31127.0960,18372
34157,56213.7818,-13180,-8617.4397,-98522,1085.8016,58133,54284.3533,20048,47962.8654,6865,-85079.4995,16419,-21021.6782,-93532,9221.1289,-32096,-52295.0862,-18968,8197.2965
88770.9476,-58720,76345.0227,84183,46320.6653,73435,4684.5548,-5459,-41433.6085,-58101,-26336.0454,-5419,74462.2489,5804,-61399.0401,-57381,-83788.6639,-47645,78830.2434,-81588
71732,29547.5142,-65939,-21417.7620,97245,40020.0807,-91491,31205.3516,81998,-96959.6397,23694,93616.9923,49400,-43348.4148,35472,-41118.0308,50658,-4348.3203,72171,61039.6144
4075.0747,7700,-67878.5277,98270,93467.0983,69628,-29748.7615,-36819,22045.9507,56345,-35478.1576,-66946,45517.2226,19616,42260.8280,-56972,64082.5968,-48057,-14742.4026,-10032
95079,3153.1793,47150,3161.5488,-98180,91491.1240,4533,-62159.5174,-74033,-8982.8468,3854,-99921.0114,39207,-8.6262,49591,68582.8488,-64342,80481.4007,67467,16814.6926
27076.3854,-14707,-33532.5598,92318,-38456.2027,-33757,-77056.5183,6370,-69378.4060,3804,-61585.9714,-49985,-68351.4971,-92975,17223.3751,1673,93458.7020,-19258,-74329.4325,33839
-70562,-17098.0380,-67027,-44302.4305,63431,-36446.4636,-17117,-40294.8016,95921,-6053.7937,37092,-54966.2818,78271,-10386.4765,3883,-40654.5634,3374,-86528.4592,93026,44142.5817
-70543.8604,-77332,3418.3819,-80529,-75527.8053,25022,34085.5752,37631,-63206.0789,-9989,-27554.6070,64168,79000.0334,70956,-9415.1811,94046,-92623.2081,-78229,-36891.9566,-6072
-94609,73198.6297,-2636,-35017.8771,2220,29668.4856,-77575,-24379.2157,-88875,82262.3504,31555,-29461.9963,66008,70455.9999,30436,67477.6397,27787,58407.1072,-11331,75926.8343
70761.4836,-7931,66994.6393,-12900,85323.9723,85350,85699.1613,73929,12410.1091,57746,-33653.6509,24277,42724.4092,-29224,23702.5634,9113,-44414.0341,32945,-95823.5031,86239
-82532,-81494.2151,-53466,45733.7592,-1611,64490.0189,-77885,-80236.5638,-12471,34103.6040,-91805,57696.3543,47386,-53303.0474,-66069,-42123.7033,-49709,-23221.5498,-62033,-52096.2872
-68218.5856,60484,-34458.3755,-82097,-46457.0546,-19788,65336.8136,9542,90212.9160,13001,-24876.6891,-81348,-52551.0346,9880,-78793.4407,-97256,-49914.8045,-41951,54707.7566,-41846
39795,-35729.0751,-39597,-69939.6810,-32446,-15532.5142,53288,96828.0227,5602,85466.2237,-58446,-17997.3265,-52377,-46597.3624,-73726,-82967.8012,-19271,11939.1657,-40384,97799.6158
-18370.7568,-47942,30434.4637,95885,-13725.5559,57496,-40956.7553,38595,-39157.7011,98849,-30083.2806,19731,44567.3943,84010,-70889.9936,85685,-22754.2829,-10556,-75551.0304,-95366
-76804,72647.7644,-46326,80231.4156,64469,-12521.8463,-73996,20736.2814,24519,85829.0455,-17426,-87296.7019,-96749,43423.4522,-86554,-21654.8977,-2975,50305.5965,-93166,-64973.6717
-4316.5991,11396,-29977.9020,-2210,-57970.4858,-67300,-53003.2969,77041,43787.6862,19496,88424.6185,10896,78290.2288,53007,-26243.5549,-78635,6905.1770,12648,-40387.4660,17938
58210,-99486.5279,75315,62733.8971,-55880,-5025.7463,-11349,32416.7782,-71875,30409.0439,98444,-66360.7054,11680,-16466.3009,16211,34384.0395,46818,58271.8441,-37403,38477.7178
-59157.6866,-50889,85545.4536,-7695,-19459.3208,73178,-27458.4408,-90340,5613.4248,-48841,30248.0261,40793,-53410.7096,45284,53702.3522,95001,88088.2679,-62607,95514.7674,45725
4743,99805.2996,-63242,52239.4494,-4173,83922.7045,-52889,34030.1144,58877,70580.3725,92936,-14826.3690,66500,49334.7141,-62829,33245.6630,-8679,51778.3127,16534,14200.2426
-38973.1151,12392,-43247.5931,65529,-14078.5580,-7514,94231.4529,-20201,23028.1255,-52783,46922.6871,13443,51534.5042,-11998,81683.1600,-4872,-78672.8875,-80788,-44198.4920,39050
-95903,-53203.5480,99957,22508.3043,-81150,-66172.3122,3972,-24684.6600,-19827,96257.2173,42421,79076.0198,-18262,-86822.0946,30560,16964.9172,35768,49375.0859,-60064,96582.3721
73281.4475,-37416,-52845.2975,91756,-20488.5378,78551,32932.9715,-73425,60328.0083,43841,-50932.2463,62960,79395.8042,35011,35066.2195,95283,-61012.8950,-85753,2336.8045,-82965
1469,48365.9151,-42250,-49570.3415,40007,-289.3561,-45883,-3282.7543,6752,-67623.0057,-94436,-5951.9255,70009,20779.7189,-26803,51347.4975,84485,15039.6390,74020,63757.5510
35999.5029,41202,90317.7769,71575,-1214.9614,92532,-35585.6681,68007,21080.2962,43375,-63990.4411,7993,-56913.9486,-27982,24526.4726,-45272,52228.7165,-95240,-87719.9849,37535
39768,-22648.3866,33963,86803.0753,-3130,-75883.9842,-90448,-15909.8532,6707,-40806.4121,-23346,-82478.9331,-98806,18098.6250,81958,86919.5310,-9143,6028.1973,26982,-40952.8754
-55542.4309,-20030,-9712.2892,-38434,-72799.2846,-85762,27234.7801,-73652,83635.7256,80644,67643.9119,-74464,30193.8499,79683,-17725.8810,-52836,64995.7726,-24807,-20624.5672,-94491
-8891,41325.3337,-41677,14002.7819,-44193,-66112.9499,84987,-78330.4497,86772,41597.9375,10308,-12659.6845,69260,18770.5076,-86747,81550.2742,-92845,31690.2923,4526,-77083.6090
-76596.0291,79412,-73204.0765,-1899,-31553.4046,-43596,74454.8012,-60561,-79319.8256,-68504,62440.1561,41791,16556.5870,90111,-13749.5232,-66268,-16650.4328,-26304,92723.2444,-9616
72598,-4872.3734,34343,43746.5806,-81760,-42576.0015,-81810,-60714.7611,28123,72702.5674,23207,72255.6322,6633,53031.1665,-57668,-94889.0597,74759,-82758.0409,88261,6201.1974
64532.7483,78795,19203.5857,98166,27875.3574,10491,7889.0552,-49242,-83371.6647,-16856,60197.2757,41920,89197.5243,38571,-69731.5485,63201,-7163.3967,-47707,-2047.1860,40401
-13855,-62125.8953,11505,-86868.7695,-37741,-50686.7896,68642,4963.4886,-15237,-92778.7772,87987,33326.5844,-16568,-26944.9374,37185,53085.2286,64610,-50537.7232,-60337,-88360.3897
1840.5714,52660,-59027.8570,24661,25028.7749,-67410,27164.9250,-55222,-59310.7840,-42323,56866.9455,-86584,-14820.0231,41256,-59247.6603,-28095,-411.6083,83241,41407.1136,95579
-40248,52667.9836,-13497,-25250.4137,-67202,20263.8934,-79007,-59140.0373,42936,62816.9740,17982,53266.5919,-94591,-50149.2695,85005,52082.3877,42442,33560.4330,82305,81759.1188
-20025.6410,-71841,-11465.7073,-19404,-91412.7331,-14357,94975.7318,11758,-12056.1113,-56328,-52195.8502,83731,-21786.8969,73650,-97868.9716,-91230,-51122.7502,71326,-2078.4635,9542
-80498,-18490.0035,28941,-56388.7478,-30548,-43656.6538,84612,-98040.4910,-8286,-67857.0563,-7416,-62683.5969,97269,57213.1935,-24761,-46197.5147,33897,-56931.5482,87123,86816.8681
-69476.7607,74227,-5263.2028,-62698,-90631.4667,54848,17598.5504,-49516,-50944.7629,20030,84060.0329,-323,19553.7306,6530,-53572.0055,-62213,-46581.6251,7800,82859.2451,55320
-31933,74669.8170,52753,99470.1400,88955,-77646.9199,87062,42079.4801,37977,168.2103,-8318,83391.8834,72405,99372.5380,-93650,-23609.2780,66685,-49663.3504,16295,-82745.0107
-13244.2314,-89475,-23598.3606,-66364,58654.3731,-26338,58678.4800,-12700,90450.0002,-83349,-85903.2191,65456,47648.6885,-52123,41020.6617,-52078,-76054.1522,-49576,-83930.1803,-64273
-12192,-83922.6379,78799,-25864.3744,-50113,51695.7273,-91528,-22022.5865,99218,70532.1454,33732,18573.4389,10298,62515.6229,49718,-9725.4047,-45558,-34407.4362,23497,65208.0712
71286.1475,-63698,4361.8751,27230,17393.7424,9876,66183.6029,-71734,-46728.8093,-86667,-62691.1807,-69403,-49358.2986,79276,-35720.0665,28829,43241.8080,-1836,16315.5936,-23907
-41038,88684.7063,-81,-64668.4287,18298,24767.5103,4900,-97589.7111,-79315,73711.2149,-57254,-53224.6744,16916,-17588.8684,-82270,35403.8996,18618,-8710.6272,-74403,-50633.3338
-5454.8279,37720,90986.5141,69660,29183.1681,-90478,67647.8203,60507,85900.5107,3632,-13171.1174,-15654,-70552.8335,96453,81472.8395,70157,-36773.0972,-49199,25712.8543,-19246
-31329,20270.7373,-61967,95648.2739,-39590,45315.1547,-52644,-86726.3150,8862,22122.3610,-82611,9732.9283,60862,41163.7001,-65804,-39727.7159,-45886,37565.3010,-58581,-69701.0409
55745.9743,32824,-77705.3358,-51302,-84593.1967,-97515,-52292.6682,19048,97022.5313,-44564,79426.5586,83553,-16939.1777,-35614,21480.7758,-89430,-44666.1631,-63444,45784.0109,24492
78091,-1233.6139,-88081,89522.8677,-53417,39008.3762,-68580,-37869.9781,-24194,-56813.6785,-85007,64545.5898,9386,79137.4162,-63563,-49761.2842,-83082,69048.4442,-49151,59893.0849
39475.8167,-29582,-92638.9825,-9597,84591.4299,-58631,4090.6216,-73028,36043.1171,22033,-73690.7179,99610,6142.3190,-55518,62599.9510,-30682,-88606.0436,99470,60472.5186,-70584
-14345,-62568.1043,39741,73509.2038,-36888,-32802.6055,87348,45247.3102,2493,-88439.4475,-20278,-5035.8303,-2281,25763.7944,-88429,65260.7739,93380,-12446.6139,-97148,-4893.6523
-64802.8558,4654,87637.2078,-1185,-30350.4054,-9935,24036.8150,-47002,-40348.7933,-29573,86581.4716,-96584,26485.0636,-28290,34274.4153,96565,3465.3796,98745,96972.1372,-36516
-90258,-79356.5166,-89371,-22126.0045,24628,-17222.0530,-25367,-40294.3686,53645,-38683.9440,29288,-84404.0843,-24854,64603.3244,-65498,43991.6879,-64145,81151.7237,-13058,-56716.1054
42583.4817,-14951,53458.5158,-63262,23708.6066,22009,91958.2601,-344,32956.8688,-45421,-94681.5387,36778,-50311.3455,19316,46542.8129,-43905,-88360.7496,-26475,-95367.2568,64011
-73323,53671.2245,-23181,-95969.6477,15931,-12318.5279,40777,80479.9302,-60025,16008.6138,91866,30409.6502,31785,-71537.2378,-86109,74465.2403,-22777,-3529.3654,86413,-82030.4635
-14963.2780,69213,-72779.4138,88838,44142.4709,88582,38894.3719,-39686,-29900.1758,-28978,21673.1173,-46098,-21984.8866,-24439,66211.1608,-27629,25272.0941,-88531,-39679.0835,-69665
49731,-84132.6973,31719,82093.7700,86628,37151.4778,-17956,57453.4276,9556,-94705.1050,-33022,61912.1060,-78656,60358.2397,57236,91882.2092,57008,-91724.3466,-72644,38628.7945
87001.2323,20789,-90696.4007,-38440,-14618.6669,-77269,-75953.8668,-7343,72009.2018,-29673,-24782.3437,-81098,4139.5632,-46593,17309.6852,-92741,-68129.4221,36956,79046.5014,39031
-18439,310.5260,-73699,92817.2412,49372,-8482.7837,70709,1478.3471,60696,-91198.4726,83793,-42197.2245,-89053,-70204.9247,-28440,-74978.7269,27515,81927.0178,22716,-48090.6129
2808.9722,-35418,-33621.2712,5362,10758.1336,75463,-94251.6775,98905,-74823.0810,85999,-3944.1393,-31956,-17442.3398,-34485,11410.4907,29133,89765.6684,-1921,-45371.5609,39567
-31877,-6536.4833,-43770,-70129.8171,-36542,53881.0498,68730,34827.0082,-99270,-17893.0463,42102,-48327.1115,-83084,-97104.1352,-1371,87841.2973,-93222,-75521.1228,11728,29531.0846
61719.0026,4861,16918.8836,95344,57439.1141,16229,25273.1068,97569,31405.8801,-77824,-84164.1025,-2759,43492.0635,61824,-33429.0098,-67145,8643.7743,9844,91115.0057,63964
-77212,84880.5842,30009,47700.9822,-4812,54003.3678,88844,17775.5560,32970,-22296.6020,-38536,-31724.0612,68303,76217.0457,44019,-65464.7299,51744,10498.1549,30705,-77833.6086
95204.9384,-27120,83467.4446,-10086,52624.7985,-35846,4801.1681,-69939,-11706.3698,18249,-3093.7702,-96088,-62785.1736,10277,54661.7873,11878,-46791.7371,55,89999.4914,-22297
-18176,-28988.2674,-10606,-92179.2678,33199,-23411.0149,7279,99877.5458,-81542,-95442.6204,-44174,-93164.6460,59050,99117.6828,52507,83529.2620,82475,-43934.9290,69944,96440.2777
-1540.7751,-65630,-84773.2362,12497,-92193.7200,8872,-96609.7870,50371,93597.1238,33398,28436.2184,-65100,89692.2284,71631,-77116.3026,-62747,-93360.2412,-85691,79355.3312,89023
89310,3839.9894,76470,1692.6252,60941,31994.9148,-44584,-64753.5048,-97316,-74848.2305,19345,58069.1303,-4567,-26592.1622,55408,-74195.6883,-27782,-11420.9256,-9958,99186.3747
-16438.4508,57880,-37170.9527,-94494,-2738.1655,23655,26683.7412,-34947,96015.5405,616,6701.6018,67358,56419.3365,46784,-90745.2389,-8575,42720.5008,-2588,-51561.9175,83703
-46289,90298.3128,-48853,42943.0866,-56094,-71597.6072,-36544,61749.2611,-39431,79044.9034,95370,75444.1345,90493,-76631.7164,53563,98148.8174,-97787,-73939.0153,48511,-57334.8509
-39975.0687,57771,-55009.1039,37752,57695.9192,13054,-28736.9468,79668,-65989.9251,71796,61983.7867,-68868,7278.7924,-31724,970.0021,-27853,-52478.8290,-50791,86852.3737,-7496
-39251,-53183.7599,9377,22562.3940,88595,89529.2904,73873,59750.2749,-15516,-14674.8839,-21792,-23450.1391,87870,98540.8484,-30044,-47183.7304,-205,3175.6588,36192,89325.1081
65408.6068,59729,-98102.3271,-14743,-3274.2406,-35715,8611.4422,-2025,68772.8152,-57207,2751.0816,24146,17485.4563,30496,-13774.9490,-79665,85545.3528,1834,95829.8356,52439
95088,50129.2185,-95867,13475.6273,26869,97167.9636,-27341,7350.7360,65407,87749.0262,-9384,87387.2414,-29792,-44978.4262,35426,46774.0335,-22223,-16520.1721,50513,63619.5863
-20444.2880,24644,-24301.9497,-75082,52869.2219,41626,57322.4715,-34792,-76266.1775,53632,-50616.5989,31442,-92457.4485,-75784,-62164.9397,91523,66513.8540,-98358,-51578.0124,51101
-79929,80248.2843,58621,-79376.1018,36310,-17887.5045,67203,-85003.9177,-30534,-16601.0228,-68017,48058.2672,84522,41462.2583,-73734,-94879.7749,-4764,-19468.3759,85912,-24168.3588
-38429.7177,-10919,78960.3029,59389,72338.3047,7655,26495.2431,-35663,-54039.7890,80703,25256.7164,14820,-270.7106,21749,-85902.9987,-61687,-11146.9708,-29873,87586.2383,2232
62153,8900.6170,49595,35247.6796,-9795,85320.4204,34906,-51420.2962,-95044,94158.3849,99793,90784.5575,4498,-88426.9376,-41753,-69233.7474,-19060,16110.7911,92941,-37112.2828
48988.1099,-33722,-33361.9382,71762,-74752.0245,13217,-92511.7367,67130,-26179.0318,-14901,5673.4673,73573,-11882.0888,-935,-78598.7812,70819,-16220.9220,57666,99208.7213,58356
1259,53358.8254,-89707,-13094.9869,-37322,-8163.8525,-93354,-59146.6308,48259,8286.4091,-5339,-54558.0085,2735,-77869.5995,-43328,-4981.8095,15394,-20186.4769,-14268,-64751.5583
-80217.0166,-88179,3644.8376,54535,-38634.5237,-1517,48697.9569,39475,-94006.1863,20729,85718.2323,-50706,65288.6396,-24778,-95417.4785,-31302,85235.4884,80357,20719.1525,-52744
-99075,69690.5839,-61699,-7387.7108,29472,6854.8886,-46945,-25044.3696,-44800,22834.2776,-85898,81162.9672,65496,-4682.2575,58558,-41393.0947,-98224,7263.7502,-71165,29291.7446
-4549.3883,-27757,-56758.7134,40516,-67893.1042,-96195,2558.7198,-45411,-39444.0299,36144,-67434.7790,-4474,58136.7615,-31780,-4935.7346,-48993,-40628.1271,35504,24765.6591,-23187
47201,-45660.3694,-57536,-77314.1122,57663,-41446.5668,2170,-35267.0442,-52135,-45324.6222,83150,-83731.9835,57790,40617.3331,-8955,-10050.1940,-7182,38564.9661,56208,59079.3109
-8121.7280,-91543,-55804.2044,55382,-6170.0875,84396,-44978.6262,55248,-70872.7482,1044,30621.5772,6920,20726.9787,-76807,-96702.3771,-15223,42448.8545,-93527,-40533.6037,-31035
-71067,-67609.8383,-27337,3634.5624,-45683,-55586.7268,64733,-10474.2044,9038,59804.1420,-25296,-11406.9528,44146,-66894.6468,99734,23635.0431,-38547,41659.8648,-34219,-77320.2999
-88863.3848,51266,57687.2795,-88215,-15443.6693,-12,-36333.0441,54387,-16568.9773,72226,-1118.8378,-6677,-8619.6889,72315,-73068.9458,26343,-75923.2349,56337,-51800.9841,36930
1114,-21029.9053,-42668,-56499.9667,-92656,-86302.5628,-81655,43128.0554,27601,52671.0142,27402,-34408.8967,33735,-34498.3212,8060,86882.5925,54083,88125.8693,54495,-94961.1513
-24697.9023,37193,30317.3194,72648,88838.5623,-87526,-5449.2124,66707,-83598.1225,-20326,65557.9650,81951,-12849.5520,49362,-2127.6870,50739,65217.4762,97406,-78883.8836,-54884
50181,-20621.8756,99599,-26938.4600,-46214,-587.5461,21291,-76179.4569,-68478,43818.5003,99683,69672.9767,16516,57153.1431,70110,-21508.3669,-80417,48240.4024,7623,-30556.5427
69619.9148,84683,94312.6965,-20361,-64382.2810,-92897,-65788.2776,93515,16642.3212,92256,92635.3916,65790,83536.0556,27526,-19307.7531,-24661,83074.9017,-13312,83135.4329,-98443
-38145,-64289.7039,44623,47729.7420,-29124,-71983.9229,76973,72121.6732,-79138,-12858.3126,-74954,-65141.7276,19222,26250.4599,-62507,-85057.7975,2031,83021.9496,-5128,-36612.5308
42755.8272,-46678,43551.7485,93839,88647.9156,72457,60346.8020,-85420,-10161.9956,-57271,-21584.9467,-36799,-19371.7877,-75679,28388.2290,6567,-1654.3947,-63911,-41287.2223,27828
-13688,-90511.3908,48794,16911.8246,28781,95065.9835,23876,-2857.7898,7927,-90208.8992,-37259,78020.5510,-76344,-91576.1859,61104,-26515.3462,49483,-40019.3906,17691,91903.5965
-21073.9298,98884,53548.4301,-13710,-45429.7323,-34404,-19871.2235,-12958,80608.5644,-68165,37367.8416,-3663,-59087.8908,-29769,-91951.1183,-39627,74996.2553,-31425,-97610.8637,-52333
-35232,-61378.0356,51462,19997.4791,-9597,-34702.4986,-57580,77525.7721,-95265,-73555.2273,53752,44289.0151,17033,-52832.8573,42622,-67549.4093,77059,10058.0464,-3914,-39492.2537
-86824.2367,84571,56913.8163,-753,67733.3804,29394,62004.1987,-87641,-52765.2637,3556,27768.1940,72148,-74308.5934,46720,-47607.3445,75028,-77135.2372,19564,-71855.1759,-51208
7045,-6838.1546,91178,28325.0489,94572,36472.2310,-25543,83889.8283,-96665,38969.3494,59060,-33697.8861,-20179,71814.6149,-86082,-36633.3700,73957,88789.1438,78150,-39949.0303
48281.3207,-25409,-76558.8048,-71908,96721.0959,25121,84454.5342,-94384,47777.9190,-7462,-52946.9085,-72707,-82567.6973,6878,-73541.2180,85871,-64528.7766,-87825,-48554.5773,1621
85048,-60878.9852,12481,77812.6243,80300,-59146.5211,-23126,-34873.6992,-41761,-96802.9417,38373,16936.7273,46897,-51793.2356,-91241,-86815.1123,30726,-1468.4485,-21654,-77573.5500
-49252.9759,-56366,46561.1436,-60252,-1069.1705,-98448,-59071.1124,48590,64752.9425,-75856,-95916.8608,90925,-27976.5913,-28459,-57745.2083,-26310,-13516.3302,-18253,48287.1788,84703
-54083,87217.2248,-70981,98665.6223,-13408,-18144.2044,-6251,12130.4475,-16029,-76581.5895,-4411,23451.9567,-79630,-27150.0622,-62203,77530.4727,-48092,-61099.5766,-5338,-44741.0460
79568.3634,73166,-55220.9787,-40354,-59294.8351,-31227,-63289.1097,-24020,69518.9008,-40080,-91123.8214,-33940,28401.8766,-23708,-43987.4549,455,-58727.7239,85223,80115.9304,-90814
-53601,-54447.2085,-584,-2817.8504,53941,79291.5846,6535,18182.3797,13273,-67680.1884,-49497,61681.8851,-49901,60628.3243,31918,-7315.0704,-85698,-35167.4726,1764,87234.8683
-23274.9329,69592,-58233.9867,47496,-39707.5056,-94165,-76987.3013,62909,96291.0097,80708,94838.1333,-884,68337.3234,-82511,33964.8579,-6401,18510.4324,-34912,-9704.3588,31087
4900,-52782.5158,-87393,-49036.9866,35760,18516.7402,-80605,41162.5505,-37841,74962.2089,-5643,65114.7246,21676,64919.9442,-94524,-47091.5374,9616,-11971.9234,-65472,23436.2587
61885.3186,-38257,-49872.6474,-63067,-56290.6624,-74974,35094.8456,-74796,-87754.3819,-51290,30020.9268,-15627,-87291.7284,-43465,82969.5824,-69207,-57780.8060,-86732,83986.5085,-23082
93602,-7984.1845,-35180,-46071.3273,99484,-82523.0901,44953,12532.3451,-52010,62666.1035,-9643,-9439.0572,48066,38156.0454,-30397,21967.8993,-30784,2710.8432,81845,-94027.0529
-29188.4966,-63964,-62109.9768,65407,67021.1865,-92138,-4247.3360,-98017,-75425.5186,91121,-75743.6162,48602,-44220.8046,-74838,-56013.4945,92213,67345.6255,77227,-93274.2025,-18794
-46643,9986.6482,43858,-12920.2170,38416,96516.8003,23735,-97455.9441,1839,72009.9170,93342,89512.6574,-5472,63479.8290,85477,90999.2795,36148,47569.0477,-16261,17533.8743
80320.8983,17288,-82668.3497,43284,-2100.6292,-57914,57703.2798,96545,-90616.7905,40955,-48648.3567,83266,-6241.4588,-59172,-41472.5426,66627,-55553.1512,38592,32796.5792,75313
75119,-43302.8008,-79411,43991.6042,-80022,26905.5068,-22939,-28982.7293,-18766,-15808.0726,26185,81687.0013,-27688,-46222.3851,24056,-25075.9971,49155,-36276.5690,96878,10365.5171
-38984.0214,6506,-87701.8325,945,19208.1573,-44798,54487.5312,-1767,45124.1196,-68975,-6251.0478,33426,-29592.9321,-90051,55131.4347,50855,-79636.9637,-5513,5985.3005,16617
-74712,-6744.2091,-84319,-28463.4405,-71874,-80130.5493,-23407,-22204.7143,-90035,59674.3285,-12248,38621.6363,-13736,-37357.4164,37062,-21610.6364,-55188,4058.1888,13321,44217.2796
59644.6473,-53193,60108.0781,56006,54901.5458,49951,35617.9109,23705,97445.7503,-77124,-33178.4486,77172,78861.4460,-32201,4050.6514,-68307,-32490.4102,848,65625.3777,-44107
23656,25525.4884,-61042,51130.1354,-28480,5572.4669,58231,87123.2482,-75075,-31539.6650,-67468,-90401.7121,-68464,-87856.9147,17728,81105.2728,19386,-87239.2001,-46105,2507.8342
-73268.7560,-37288,-3129.3431,-38327,45613.5868,89955,98008.6889,-15394,-94011.4620,259,-6116.7480,75233,-37518.7121,-58820,80105.5730,10136,-77655.0420,19614,-70578.6808,-84923
-13665,-12084.1628,69515,-15452.6487,93790,-53539.2291,30278,-53842.4800,-50564,-89577.1759,15885,-3652.2371,-35044,7863.5602,40904,-99361.4465,-72378,7072.3841,98617,42451.2881
-81635.0672,54200,-59267.5408,-29319,-28829.0033,16946,7896.2373,40224,-60073.0493,60673,90079.7305,36899,32553.8436,37444,-59785.1709,-86625,45434.8864,64480,-95876.0332,-16209
-70510,-19294.4123,72731,-90140.1705,52157,91224.3457,-66337,-75115.1929,80768,50789.0770,26868,-75819.0002,-86621,-75105.6493,79448,51084.9093,34291,-62387.2786,-34715,92066.5170
46678.8899,-88597,-95282.7030,37145,-69655.8642,-20989,-95322.4509,75385,-22133.9822,-8272,-48882.7867,65829,87234.3511,-42541,-88298.9573,-95915,-35665.4454,-84781,-5294.3573,61669
-19691,-99823.5874,20682,-45800.7874,47986,-41506.9512,89294,-94314.3895,76863,-96868.9914,39670,-29202.5029,81145,42385.0660,27708,82400.5490,29357,-32577.1278,36345,-12627.3528
-75158.5064,-25308,-31354.6248,78054,92843.1671,74257,-30487.0770,26266,88748.3817,-45251,82333.1930,96367,9039.6501,-6736,-18177.4637,24662,-43700.8479,27821,-66556.2128,45727
-74885,-65532.7253,65123,-97864.7664,-10876,-70957.4908,93435,-8711.8373,77141,-81958.7410,14014,16248.2073,94461,-4766.5618,-67711,63204.7978,-79031,-68620.1468,-37056,-33579.4715
34317.4425,-14313,93029.8286,12834,83918.6624,-44150,94516.9026,-2519,8599.4259,-95785,73987.7389,-39046,-24496.6507,54061,-6783.2129,94087,-1751.3102,-67857,3914.1657,-4844
-70460,-2641.6291,-3849,79074.1942,53294,83576.3323,-7617,55037.5441,-72981,6291.0692,5612,-32541.9003,-11117,31976.3479,70902,73190.4974,-41515,-2436.6090,60195,-70005.2614
24668.3305,-70548,-62744.4674,-47301,30215.9597,-30910,13208.5349,-81865,82620.9166,-6444,-65768.5479,-76412,-72897.1851,89881,21858.5718,46662,99182.3048,-11955,-15552.3758,-81875
-35658,66757.1551,-97106,32454.2129,91621,41024.0649,9510,42133.3418,38655,-72430.9676,81637,93499.4681,-33185,-29723.9662,59325,-48493.0517,-25976,-48478.9259,-37175,-81861.8524
19857.7910,-9936,-9666.1736,-6409,-86117.7364,71345,781.5656,-66885,-72549.3849,26489,23138.7978,60386,58911.8109,-81957,-329.8361,-8249,34578.2979,2123,-33657.4403,87461
84009,-89191.9568,36945,38152.5106,-38774,-62012.4413,98918,92402.4927,16649,82910.3474,-89806,-72865.7177,-40511,66341.6620,-91401,79210.9294,-8917,-32598.5305,-30684,56365.0879
-78900.5705,25744,13996.9710,43482,81278.9089,74486,28999.5377,53474,73091.5246,-51357,4321.6596,82897,-38323.6453,53480,74503.2738,-15752,-83280.5223,-57293,23304.5497,-38935
-31330,668.5777,68131,96471.3933,73836,-423.5429,-99864,-499.0194,-56917,16464.7581,-90191,46936.0666,-77168,29499.7891,-30090,67093.0414,-55534,48453.1891,-87181,-69082.9064
66845.0829,5376,-33334.2347,60414,-63371.1552,49025,30466.0407,9292,29674.4350,-16314,-93231.1213,49922,-73567.7767,69608,67817.3862,-21691,46193.4051,90394,69109.0574,-18254
-38933,82175.9125,-97022,-99553.8376,41037,16869.4181,17364,44446.9295,56128,-73270.2331,63232,-85490.9218,51270,10127.6211,28163,93941.6481,57610,-93595.4187,34035,6825.4871
27893.9490,98307,-26851.1633,-77801,-44055.2906,38868,-34967.0638,-40747,-5646.9612,-11621,93841.8704,54571,74553.6664,78718,-16841.4218,-4129,78014.2484,-19498,30786.8812,-7654
-58830,55416.0783,91550,62628.2098,-74105,-46110.4247,36259,2514.8904,-76023,83282.8053,61020,12195.1049,54136,30665.5163,85564,50329.9504,87689,-2722.7388,-52407,-30211.0101
-7909.9068,21641,42037.4845,95367,-33451.9823,-77548,-35044.0674,-86754,98027.6357,85965,2803.0553,-5077,95456.1877,37355,66569.6189,74932,21754.9541,63942,-86789.9214,65960
96168,-42360.1685,-58438,-4957.9670,-75707,-10544.9865,-79268,-11059.9706,76915,-47085.0181,-82958,-8653.4902,18643,54061.3397,28401,-88651.7494,35905,-99612.0378,-88092,-47297.0042
37315.5081,-95191,-3519.2499,-94357,-25595.4120,-87341,-80749.8030,-36872,38330.4403,-44431,-61097.7442,35640,32119.9467,62489,30245.9563,-85992,37415.1156,-69828,-46607.8915,24850
39156,10281.0579,10526,-54952.0072,-73375,45197.4263,65110,90448.0060,-69862,-80704.2304,82617,60216.9342,-88307,87186.8085,63553,42374.3222,26008,-48018.7015,21374,-81349.1063
80777.3495,-45283,55671.3909,-38573,-12536.0228,-24880,5035.0206,-84565,-16624.0963,-3325,1914.6755,-43625,-85604.9126,29576,-62290.7237,91439,22323.6638,36959,1643.9224,76944
-54022,30397.7621,83940,-80887.0694,-6470,-46095.4040,-7242,-78797.6302,19681,-15385.6482,-30535,46337.1729,44612,-70335.7188,50450,-1643.4765,95718,-72088.3061,37429,-19823.3011
-17818.5663,-46070,90020.2365,-20118,30109.3307,-33008,75495.5027,89864,74726.4241,80133,92314.1855,61419,75440.5697,66416,46992.8993,-26425,55861.9713,20697,71816.0344,93508
-92975,49954.9618,-76199,57298.7141,-67257,49440.8266,5216,-73466.6382,-70320,-44663.5318,58216,-4220.8257,36557,-69210.8217,85309,-39850.9340,88969,90055.4257,1759,57953.6750
27721.7071,-32536,-68602.0164,45319,-99966.1872,17357,96865.8289,-48843,-54522.2605,83000,-6065.5743,82139,75698.9118,-66061,-14445.1684,5022,-809.3659,91114,15953.0098,-68615
68277,-61267.2891,67617,58489.9516,-95357,31009.2944,10813,57060.5257,-55724,-52408.5968,-4922,-86017.9562,63112,-14006.5003,88972,93972.6250,58279,-58246.8329,-50783,23990.8743
69427.0083,-85118,-66723.5206,-78788,63995.2977,73177,6853.0201,-74781,63625.2014,50363,28314.1233,-96052,-7953.8111,83046,-9238.6375,-57948,-41746.7057,-25891,57920.4648,39361
-25543,-19929.4890,88623,-13458.9891,44647,-54472.4398,-46069,-40352.2038,-87188,-3542.0738,1784,-23010.9176,-57803,9850.6194,-2932,73610.1041,-15761,-47056.1897,-61942,31367.6063
-34345.0619,-62254,55439.8280,79128,-45064.5860,92644,-27230.6536,12550,74304.7651,-86363,86371.1901,17783,-81291.3532,-65314,69040.8958,-69941,-65716.4683,-44849,-93071.6105,-95045
-13695,-31521.9818,17016,-66549.3514,-6846,17916.5497,95274,64455.3789,82526,77555.7199,-85433,34802.2839,18585,-11221.9078,76722,-75261.1591,67353,-37109.7993,-83784,37021.9529
50498.9686,-93340,66884.7786,-41469,8063.4617,-2062,21050.7563,-72578,-29524.8773,-24765,88203.3956,49725,-42153.9211,-25426,-92634.5249,54866,-5851.5993,-18613,62120.3191,78666
44772,17366.6339,75474,23272.0491,-50460,31152.0107,-80251,-23221.0073,-47366,-3956.2848,135,66365.0102,-24811,-96997.6721,1002,-83619.8238,-96191,91081.4449,-404,-83803.5746
40492.7110,-62518,33285.9526,93416,459.9314,2340,42717.7175,-98986,63313.4990,38358,62309.5603,56290,-74757.6914,58275,20706.0264,55745,-59487.0723,-67846,62199.8475,60759
-2213,48470.8671,16466,-64896.1841,-33094,-70692.9219,27821,52422.0929,-23371,-28625.7757,46551,-60193.1088,-36921,-70395.4915,-35474,-80994.9630,-6174,82016.1533,23029,41748.3412
11347.7695,14977,-75457.1019,69811,-51240.3047,-39891,-31114.6350,-96257,15691.0764,-91837,3550.6417,-31748,-27063.9808,-520,97923.9983,-92704,-95268.4697,-93005,-64570.9035,-16541
-27681,56376.7991,97327,24590.8671,-51625,99265.6259,43378,2807.0606,-81384,-57266.7522,-29284,-40842.5258,34100,66219.5366,60536,58502.3073,-31038,77295.8285,-36465,-11701.9342
17743.3242,73775,-32558.2577,38757,-37023.2509,95994,-68760.4741,34744,651.3667,-49692,-80560.5786,-57119,17342.5998,95832,74313.8488,6785,-15690.9144,97266,-92952.6018,59635
-79696,-64899.4258,40191,31926.0681,74020,-5272.2647,-15528,63952.6550,-32615,11926.7804,-92478,-1850.9236,9273,39778.5068,-68400,-70953.7266,-37937,76102.3883,-95222,34638.0131
17447.8563,71245,49592.1668,-98596,91608.9679,61626,95463.1950,-83655,76325.5012,-8727,-76368.0966,67034,-42345.3137,89861,-96451.6291,-37115,47925.6561,-99280,32445.0781,-17869
-92491,-75260.5327,29795,70598.8282,74772,73783.5684,60275,64337.4366,65382,35329.6874,-19518,51881.6726,69934,-49616.9584,45725,-33261.6097,60256,17772.5408,41019,-22941.4715
-17325.8331,-44406,-17210.4500,-33357,-2296.1345,51058,84177.8269,-62063,-44768.5278,88213,38681.1349,57444,68866.8199,21727,52488.7091,38245,-90290.4903,47001,-64694.9420,51234
92934,23670.9166,56970,-77508.7292,46138,-93196.2420,-27310,-89888.8979,38476,-52908.8878,-71694,52222.7372,73128,-12533.9948,-44304,-42804.6214,-95942,-83815.3562,-62232,56902.9526
-8455.3787,-36978,98668.2510,-89713,-1929.1168,2971,90504.7908,16904,25420.7021,-69604,81791.2769,29970,-94245.9184,-32425,-19398.1481,77538,25769.0685,-91454,-85197.5701,32068
58808,97330.5458,-34859,-49693.7860,60277,20111.6401,-76320,-82767.9062,-13363,-71106.6238,-37204,-30001.0902,-58721,-9209.3370,4444,-55326.3428,-73728,-425.9559,-74015,67856.9981
-92719.4608,79774,44839.3638,82942,-26758.6286,99638,9696.6093,2766,-53449.2542,38947,-70881.4667,17638,-85613.0429,42130,73096.4769,-41139,-65565.6613,24956,16506.3297,70280
65609,-50405.4277,-58542,94498.1773,-52772,16691.8894,-58765,-12782.6881,34231,-39564.4646,-30689,87506.5777,-10856,-30206.4625,42193,7172.0230,17096,-35855.6383,-54713,-98797.4487
-39285.5063,-75337,67574.0062,6299,64990.9796,-46307,94359.6424,-68491,-53470.8667,9225,-47707.1387,9306,-94627.7961,-6347,14044.4002,96808,60189.6344,52931,-89332.4235,-51421
68353,-17870.1921,68286,-19640.0684,22372,14804.9792,-5295,41610.3926,57771,3540.3183,427,82774.6246,30942,97128.9628,3933,-78840.0277,-27862,44472.2056,12788,-90445.0733
-43274.8758,-88596,4914.3696,12888,44434.5385,-95842,-48963.5285,68819,-83388.7839,-63864,23044.1574,4277,-49203.2288,68146,-9037.0866,-54616,14463.1538,91341,-449.7166,67129
58033,-97496.3867,-2829,63866.0742,44816,33151.3953,-71000,-75121.6053,-34914,35331.0067,-361,33543.8275,-73517,-41852.7310,32306,99413.7462,-34096,-73987.6517,94794,42872.4972
25013.2777,10170,70727.9471,39082,86717.3250,-38563,41558.3115,-45585,55470.6347,16917,95372.4287,-6369,-34903.8044,-63007,-66431.9132,6394,-11418.5321,-62565,-47152.1037,48004
15597,83359.6798,93457,31572.4313,-79901,-13101.4672,-70848,-3200.5777,-59418,12244.2239,-57790,-11674.6093,-20449,75803.8761,10334,-58939.9535,76338,67472.1979,-67969,-83739.5659
68704.3716,32161,-30794.3227,7271,88085.8801,87715,24466.0478,9862,54760.5096,85060,51996.1795,-36277,-50103.8643,-22194,-95154.0087,-44927,-80530.1283,64052,-67454.1092,14468
15559,83707.3844,33768,7144.3905,88443,-9596.9519,-83977,-47554.5607,39295,-25746.7917,-59096,92169.0469,18662,75518.0381,-63867,92616.6114,24662,64715.0222,70372,-59485.2118
-14201.0135,82174,-97633.4069,48646,-71325.8490,60676,-75044.2957,61919,90036.9150,16892,-36808.8021,-59272,69241.7579,52857,-59668.6244,58570,6787.5396,-40806,54185.2132,-18791
-89611,38438.3465,-65891,-87043.1785,16099,-85827.3023,50809,-54507.2521,-44630,56666.4332,83821,6968.7194,58263,-10674.7276,45150,-75182.3969,-84468,-30107.4020,-43946,3115.2239
5821.6813,31241,35603.9440,21282,47807.5971,-33675,32825.9575,20221,-45605.2094,-1366,-41784.9798,-21254,-73613.9488,38626,82390.3003,-48764,45570.1037,16430,29247.2374,-31660
-85438,-40205.4339,28946,-23492.4735,53867,-2757.3091,31468,-85563.9752,-49111,-86384.4911,79403,-67868.8896,91266,94097.8703,7355,45619.0463,24106,64941.9430,-54272,-94458.3095
19851.8966,-59167,25396.0407,32462,68787.7101,-16346,-13789.7509,-12458,-34069.3617,4448,31221.5414,-23566,47873.3297,-29362,-76618.0673,-88335,-8012.8856,-48177,85394.6430,83665
-85341,57017.4062,30024,-65760.4125,33239,64432.2566,-83845,-48390.1353,64776,14107.8346,-39016,63191.2341,-95973,60218.9277,-76544,42661.8289,-84975,4118.4383,-92185,91459.7072
-33137.7510,49310,37454.2402,89416,85810.4954,36709,-38291.6772,-19195,74136.6997,58342,26997.2226,-3531,93870.8427,-88228,54990.0913,81093,-31654.5687,-73260,71889.8487,-52009
87500,31729.0167,55850,-69539.6127,-91684,-33560.6167,-23200,19960.3771,87749,-21869.9813,15202,9944.3569,-78826,89264.7215,-47786,-85218.1027,-25555,73631.7811,-89754,45934.6489
-87057.3716,75701,-552.5170,-11113,-25183.5476,-71737,-27254.7728,-43211,32688.8053,-73662,98431.9109,91611,71634.9795,-78396,72518.7350,88304,-81312.9721,48426,75260.3233,54055
-89019,-4598.5451,-97450,25845.0111,59237,89930.6141,71536,13545.8926,-77224,89094.6740,90786,84573.7052,-35235,93162.6267,12236,-79660.1152,-37514,-44822.7517,-96910,59042.5528
-66771.1983,-97725,-96316.1471,43415,88750.1511,29354,882.6122,-13152,30879.6246,-15314,-26407.3835,192,-83924.7636,-7803,-57153.7954,-35182,27160.3576,57212,-67008.0456,31158
-53821,-25439.2294,66466,91999.0033,60149,-16730.1610,-5867,66546.6369,66392,-12453.5402,-1846,-52056.8188,10635,59854.7525,62472,26273.2652,94941,99198.1732,60792,37702.5621
-97559.4478,-93556,53380.4755,91494,-63541.8611,76153,-79663.3151,-19008,39958.7556,-49188,-72727.6717,71391,5305.0284,5387,53902.9098,80997,51843.8609,-29795,18590.6939,-92893
48590,-9851.0523,-61519,-63327.9000,-25682,67700.2490,-27525,97213.3922,-57361,-55805.2741,-62121,27321.0118,88384,31017.6436,-3712,16156.1910,77419,95400.3292,56680,51488.4805
56800.8057,-59325,-9247.1341,-78809,-13859.2980,-37634,-1958.7447,82021,1769.2456,-227,-41158.8840,-33577,-5573.7308,12794,47752.4911,-79638,10294.4217,-27942,-4676.9369,-40049
21318,-93906.5107,-67704,-59377.3292,-57392,-52744.2649,58935,-2248.5725,-78826,-65159.2244,-66363,94567.6733,-78941,82386.1011,-67081,76825.9422,-61696,88534.7947,-37831,72716.6967
19586.0909,47702,-28468.7053,-2752,-5580.0183,52096,-47733.6214,-92156,66871.6665,-79846,69439.7449,34824,64982.4360,-61552,-93225.6128,-17438,-68418.0313,3675,30256.6617,45465
44350,29542.1246,-47292,36471.8251,40125,-66976.3421,60210,60032.3170,48567,-14857.0905,-56560,-81194.9489,-15866,-78488.1237,73334,-64079.4594,-51571,-46326.1323,45732,13607.9340
-98504.3907,74034,52443.9842,-25167,5427.7237,-79578,-51433.2004,92363,45484.7784,-81449,94940.8477,-37547,37232.3264,90823,-51564.1207,3737,-74488.4855,-64748,8707.2921,-33111
7159,-50246.1929,56482,-68633.1470,9876,-52449.7369,-60126,91131.8172,-70571,51760.2918,-51488,-86971.0743,-91922,-88735.3021,-42895,32964.8587,40621,6764.2220,-71931,-57280.7795
85128.5948,95573,17616.0073,-70706,44034.5337,-4746,85541.9339,-47094,14543.1188,58309,-69177.0964,5550,82119.9586,-89030,64673.0409,-49000,7081.1599,81294,17983.5003,66281
20113,51162.8970,-66568,-43794.7525,-17987,-45151.3343,-61982,54453.6279,-257,-89847.1662,-71916,71778.7846,-95285,90454.6992,-15400,-82699.4565,8982,-4753.5530,69416,-69635.9703
-92423.2324,93757,-28829.4059,-24932,-12357.0202,26424,-31856.3379,46709,20386.6174,73837,29976.9718,-39514,4438.6307,-37691,99750.2115,58084,99035.1987,18478,-16234.0250,94241
-38205,75906.2754,-77652,-16234.2128,-64043,41696.8750,-69306,44602.3699,68478,-31767.7840,744,45506.7305,44528,63839.4698,3239,82072.5174,-34923,-65688.5121,-65089,-61118.5257
-92268.6225,5044,46509.3248,19812,19383.0452,-38232,-23300.0223,42573,4874.5326,-95282,86505.5663,15959,96007.8463,23190,-95569.9536,-9638,80225.0220,-84491,-69236.5322,-69988
18751,-53513.2174,-2610,-12627.6843,-92894,36031.4252,-97491,49957.3684,-53369,41413.6220,-69552,94793.6346,75631,-38644.5661,85004,-20819.7306,-17658,-84083.2798,-66936,-32054.7849
-53524.7492,-70028,81255.9333,30000,-28509.6162,-6490,68403.8368,81002,840.3931,-10162,-31425.7082,6101,48379.4666,-72243,-5160.6009,90523,-36267.2866,93703,31749.5085,45541
81486,10641.5055,-37724,52354.5577,50364,-35663.8877,-83572,59333.8407,-35597,-63119.4267,-80337,25321.1730,-79542,65826.5762,-95705,69890.2676,66463,-80642.5754,-16313,66978.9389
89962.9137,9710,-92153.4197,60285,30770.7138,-13108,-78737.3967,25425,-49821.5284,98927,-83374.2403,21047,-96676.4819,88001,-44202.2915,84891,72460.3782,72111,-965.9261,-22459
-98290,-89734.6728,48247,-95186.8731,823,-10447.0094,-72073,12589.1285,-12829,-40862.3002,-35141,67056.7268,-16024,-74372.0404,63541,-54888.5375,83780,67537.3742,-10531,59145.8314
-71046.5202,-55987,-58123.9935,-79021,27050.3997,-73084,-59161.9717,68498,-81384.7006,84992,75001.9264,29149,38185.0547,46212,98857.8783,-75332,-81455.1517,-56059,-89973.6905,43668
67024,35088.0322,-67299,30940.3039,82480,-81789.6106,9134,-70431.3960,-85086,40323.0762,-37446,68661.6337,32921,94636.4756,88974,49216.8916,555,40069.0650,41659,-9221.7180
-29437.9550,40515,-6785.8882,77348,-19257.3103,-66849,-64331.0554,44072,81803.4517,-94730,9066.2658,-4971,78225.5226,-61202,-1149.3607,-76477,-37977.6533,73822,16552.1344,-22746
7980,-16835.6058,-42589,-42666.7967,-51431,78882.6209,-53800,-90411.7791,78060,-44112.0765,34047,55361.1963,80689,55528.4752,-45366,-19.9522,-15812,91229.9189,36806,50583.7337
-98273.2404,33828,43175.8054,89270,-19924.8626,70960,-90639.2061,84843,40875.0670,-23998,-65805.1113,86718,-88124.6376,-97830,-97715.5612,-69940,20339.9746,75267,-51878.4378,10911
35441,-27986.0686,61732,-97419.7264,37745,-61727.3477,-64254,-94758.3320,42781,6132.7692,-59632,-81634.6971,64926,10899.2448,18456,25782.1520,-64075,-46096.9821,3242,8052.6617
-25625.0075,91609,82212.4790,-73226,14020.8286,-96862,6197.5471,69032,-78770.3383,91599,-945.7182,51370,-20439.1663,-57688,94271.1604,-30987,75041.8290,-37042,56470.2414,48845
-57042,-5169.1342,-91999,37911.4324,65824,-36390.7300,70413,65147.6134,-87755,-9728.9096,-7543,54198.6919,-91905,-3028.9142,-73454,-62697.6276,-20132,82142.4764,-95461,-67829.3446
-76777.8666,-83011,50653.5306,97004,-82047.8214,40551,-12969.0025,-30340,14830.7183,36320,-46097.7927,83493,-36480.7623,36728,40267.1421,-75857,-8870.9646,14767,-7065.1604,38929
48261,-39991.2556,-20801,1010.8467,-68192,-12235.9308,-15724,-56187.1709,93539,2602.0496,86606,-4020.8189,-71296,-55253.2690,80635,-20550.3131,-74801,41854.2720,-7902,-34910.5133
57157.1945,-11297,-91981.6436,33526,5996.7815,96272,30727.0290,59739,-67403.3268,-374,-25998.0876,59855,43002.4709,66519,-76174.6872,21538,-53859.7081,21248,-79169.9776,21599
-42849,-76946.1373,93311,-87501.6332,-6794,-86603.4794,16947,68998.2200,-12312,43014.2088,53925,9322.8228,-94427,-95609.4295,-35661,-74516.9793,19834,-38684.1351,79812,77556.0149
53300.3118,-57950,82911.9526,34042,-50331.4554,-53802,-27771.2088,-25812,-66452.8326,-94891,-9544.2304,18801,-45099.5644,82569,-25097.4265,86776,31150.4330,83364,-19758.8209,26119
36929,27464.5023,-3399,25539.1242,-6641,1699.6252,-66714,67338.8487,-53286,44112.2497,-1113,18695.3425,64628,-22362.9634,44891,29083.0254,37816,3074.1895,-6765,-98537.3591
88051.7008,91378,-50016.6387,-92767,-92236.0758,-75112,53138.4060,-87932,-21360.9941,-53107,-34378.3399,77744,-71091.6434,16691,-17225.5362,-32830,-61617.5593,55354,5758.7526,-28469
-71503,75537.4200,92940,-10052.7506,40547,34530.3977,-37063,99123.3325,68388,38495.4697,50247,2529.7809,-86134,86193.6711,-80188,55000.2239,-29635,21658.0476,-20562,54895.0000
42964.7924,-27415,-99124.5147,-24045,-14911.8693,55838,-16220.2193,95809,88123.3908,95191,-19340.7791,-55524,53157.1977,97299,-81039.0546,-90212,37294.4909,62998,-73384.2064,-19549
72133,57902.8230,34612,48797.1348,-54668,22200.7628,-33141,-24847.9483,2177,8342.2042,-35326,-60617.6726,77400,95959.2688,-8508,-44765.1490,36429,44786.5102,73945,37035.1995
-51401.9281,-65206,-80723.7364,-61440,71262.0284,-50372,36167.3437,20815,-65265.4372,-54509,-2495.0741,16483,57820.0376,95052,66703.3112,-12543,93889.0370,1870,-47408.0581,31488
-48109,-57607.7906,-12801,51230.5852,11990,62120.3326,3177,-46165.9876,-69307,-80082.6911,24776,98734.9398,-97617,-10358.3136,-33073,-66630.0882,91584,90981.2380,-71985,44033.2581
70349.2053,-43198,-81862.9642,90911,-23310.1704,-48817,-11071.5554,56289,65931.1331,7894,17781.8304,-26992,-94985.5980,67785,-90505.5069,56753,-34124.0083,61431,-72578.6162,-74480
97648,-17611.2943,-55052,84705.2904,-2350,4987.3085,-63944,-14789.4787,68317,84436.4658,-71869,77779.6694,-50837,-14609.5604,-72523,84729.7130,50914,-24428.8111,38246,-76332.2230
-81424.9524,46491,92766.5389,59359,22953.9514,24740,30415.9136,47425,97053.3580,5311,81679.9611,51631,29980.5154,-19116,-52599.6359,-6370,-16370.2604,-34835,68806.4163,-39018
-49107,-73092.9365,63613,-67494.0226,-43950,12228.7261,-54424,-29934.0281,-14969,67751.2330,-74698,-29288.5978,66527,-86651.5763,-29700,15251.0213,32318,-38198.6959,67372,-82305.1521
93945.3815,86713,-18671.6523,56045,95387.3241,88337,85721.3713,-79465,57913.2872,-37485,59641.8866,79937,17197.6605,-70338,60405.1859,78693,14309.4904,21491,-94586.4158,-52708
69970,-52944.0608,97853,84903.1336,57814,-67877.9417,-29159,-16870.6619,81700,2205.9092,-81867,-77396.4754,-69787,956.2112,5314,-42777.0409,62786,-18843.6614,-84025,-29679.4953
44715.5681,7497,98502.4002,79398,48193.2881,-37355,-6557.7996,-94869,11830.3415,-78698,-83343.1712,89138,-46424.2367,49932,6632.4772,-12328,-26618.3314,-62582,-60306.4800,41423
86287,-77186.1843,-1521,78145.6427,-62770,-19621.5952,-81286,84701.3896,-22938,-6741.9779,81567,69023.6728,33546,46410.2228,-90930,826.2936,-10984,-13502.6996,49075,-40103.6223
-95740.7947,61614,30619.3563,78308,-28707.2608,58997,-4032.0840,47763,-97959.8023,-49026,83127.4828,91056,30161.2780,-5630,-61484.9928,-87627,56264.4787,70990,-35184.3109,-92241
-32827,25683.4794,46668,26849.6618,-71694,40632.8428,-11437,-38946.3762,82418,-72988.1576,-98959,-64366.3771,54275,48826.7596,87863,-2703.9539,30642,-91782.6823,41964,88475.5859
45366.2918,-68865,87117.8099,-83267,7315.6114,41959,-48953.2955,-18915,81979.6142,-5687,258.5001,-82186,-27776.0753,-61177,-32105.3444,-36165,16390.3513,97187,54225.9843,8303
-47659,21116.3782,97901,84750.3136,72848,50570.6277,60476,-53611.1858,74675,34954.5920,-46693,56491.5504,-37416,-91659.6863,-96629,-43098.4425,-17561,28193.1198,-39795,-29703.4669
-32857.6977,-61646,-17265.6048,57115,32786.6721,-10598,-10459.7108,60253,62028.5012,-67075,25784.5383,-77997,29359.1684,-67628,-89896.7183,43733,12556.8649,86859,98187.8613,-21989
-71981,75172.9578,78381,42634.8417,25009,22896.4003,-47616,16878.0400,-26913,-94674.5004,-93746,-24104.7856,-11622,-49104.8565,-94548,-45477.0126,55442,89657.4873,-15245,51491.9286
46645.8512,16302,72436.5969,24317,-69890.0790,19293,-19519.3505,57280,22671.7335,79878,-62129.8651,13057,-87528.6435,64193,-13149.0705,40096,-74104.9013,-58467,14562.2798,-7350
-43640,47032.2114,-7830,-4484.2538,33150,-49392.6496,3252,-2106.9810,39293,-23982.7979,-1444,-22509.0630,85655,58080.2126,-33233,-52047.2615,-49712,-13843.8029,-44118,-93831.4936
-49112.9974,61594,25828.4160,-98146,76423.6907,85147,-12119.9795,-17504,90897.4748,-58541,-28796.8578,-52256,-90581.4559,55213,66655.1442,-71236,-47867.2984,17388,15323.7859,88275
94261,-61373.2706,62284,81379.9369,-54311,9317.9079,94373,51830.0773,-2385,34993.1019,96307,16674.8589,3634,14204.0088,-7206,-18173.7585,-36249,47651.0474,-76297,98423.0026
29355.6689,97983,55374.3994,76009,6941.1536,-65898,9331.3428,-62453,52061.4694,11756,4244.4969,83276,-12742.8701,-62413,-73701.2842,-3684,-59938.0942,31558,-58316.8575,-21428
-84296,46448.8843,76037,83916.0596,-17353,-55489.3772,-79410,89127.0947,35961,-13667.7299,-71938,63466.0406,38015,44368.4263,-93804,32074.5467,39958,-42691.3321,31705,33723.3346
24211.9268,28549,-24018.1527,82456,74999.7892,6033,-66714.8023,51661,-98590.5915,-81728,88727.1220,-97461,-27423.4184,61370,87294.0074,-97158,811.5552,-17883,10676.5983,-99212
-577,82486.3629,-53769,75458.4199,-89326,-5954.9884,87821,22063.5890,444,28924.5515,24050,31172.0976,45171,76192.1040,-5052,51708.1085,-44155,-96286.9401,59061,-28503.4653
-76573.0123,-85917,-50686.4104,-47707,-34844.0733,71648,-77081.9186,70121,49139.2470,55805,39762.9387,-28063,27473.3010,42224,15688.7619,-25552,-7677.7881,36761,-34639.8047,13155
33205,-20979.4243,-36438,63308.4345,-74660,-26270.4625,43301,79058.9540,-82667,64659.8605,98785,96836.0737,30310,26399.6854,-80177,84331.4831,-74506,-95896.4667,-25276,16779.7244
-79705.3154,33722,92072.0611,59803,51060.4368,29417,-28681.4543,-18398,-36222.0074,-39574,21431.9427,59848,-69947.9801,-63368,-6218.3493,60706,84829.6513,18523,1003.1596,55873
-41989,-27518.7351,-63899,-70790.5184,-96802,-63631.7149,-2057,51191.3212,42525,-6939.7169,-10046,-97949.9459,10273,35445.5731,61956,-3762.8360,-95854,-67670.0562,99258,3535.1842
82466.7325,-12939,-1142.5526,58184,71920.6953,-36698,90664.5027,-1522,-30965.7598,-64351,-2425.8922,80919,57538.4972,-83406,2958.7061,-67550,17715.7593,-49425,84915.4506,62074
-1059,7589.8211,-31131,-4881.2278,43371,-61990.9350,23016,-53728.1258,85948,67871.9239,39651,-13966.9296,14809,55213.5735,9952,72867.5515,18569,54248.1628,58898,57401.6250
48161.4035,-2780,-76189.6588,-96475,-77329.0971,22026,-71637.6012,86459,-52409.6814,-36682,88414.3144,98182,-13751.8215,-48616,-93393.3334,29958,11108.8831,-89618,28390.9667,36404
82173,-82582.1997,-93600,5171.9714,-52457,90622.0062,-12103,-89895.9159,-18902,-53472.3884,-98147,-18596.8125,87574,1991.3077,90897,-82824.7300,5418,31865.9254,-77384,37734.5602
8009.9677,-12422,-13112.2489,16128,53584.9986,-93240,90067.6847,-15411,37961.2442,16995,9216.9194,40639,35473.6657,39844,39561.7098,83847,10190.1333,-36283,-43914.5772,39824
-25007,-34458.0833,31196,-38736.7727,-66265,59847.6711,-37461,35160.0288,-3282,97139.4796,-82651,814.0817,60053,-66024.9374,-38201,-45453.6799,-69501,-29111.0901,31030,-65358.9087
14879.3190,-30421,31271.5776,-52557,-45393.7615,53274,63195.5127,77629,-48664.1598,-12726,-61751.5532,-9447,65095.5233,-72765,11131.6127,-34647,-90555.8309,-87815,90730.2525,1127
-42827,-66502.9562,38058,-8992.8918,-72651,33936.4595,-39213,-43896.1340,10689,73676.1059,-76864,-59921.7108,59871,73484.5039,87532,-85195.1423,-54572,-41703.1528,49491,46494.1434
62257.0670,61365,36987.5377,-45477,27444.1647,-42666,-52822.6564,64136,36817.9914,-36946,50794.9033,60249,90986.4293,-3665,-1706.4537,-4910,-8702.7092,91024,40276.6860,-28971
67792,-35174.7671,11843,33795.8980,52162,-15710.8185,-60973,26186.5889,23531,-56644.6252,47637,93540.4026,-61639,73206.0464,-80708,-46491.0497,43464,65852.4689,47701,95971.4446
47124.7976,8596,77903.9314,86330,-12984.3081,-1006,-59645.6588,-70252,-10984.3257,-23199,63829.8078,85484,-92892.6271,27773,-4126.7143,40311,-83332.8389,-74689,38450.1849,-30047
-14911,-25742.8999,34282,-70738.9100,7666,-36512.8465,73442,-84954.1746,-33879,61375.1726,-21312,-31125.5347,-65700,88192.6029,55068,16801.0945,-4660,-5858.0381,-45963,24839.3742
-49988.5999,-21711,-54971.0367,-49722,-34872.0888,83617,-26399.2565,28756,-89948.5706,50123,36054.6232,44070,-64899.9603,55802,64130.0024,-36475,77105.3727,-23241,-59029.4378,60404
73709,-88240.5683,-33446,-68110.6304,-15090,-1951.3941,-27983,-68485.4204,46802,84407.2642,23109,36611.5773,-15281,94066.3216,53469,90504.3899,-52367,69500.8838,50254,-61678.0097
37150.8845,52475,3473.9874,-70632,-99024.4891,-92719,-16229.7533,15206,-94891.6806,-67537,59827.2781,-34102,64593.4411,-49792,38453.2542,-31253,93746.7583,-4416,37682.3944,46602
-28035,-42019.8985,-55760,90176.1285,-70807,37053.3713,-88186,66124.4357,-80421,-31434.0906,41922,-25193.0272,-58944,-25689.3787,-30198,20647.6429,-23851,93952.6410,54421,-67003.1005
47059.3490,10234,62594.2966,-69815,79854.6138,-66264,51505.1733,-27097,-48810.0814,26887,-28082.9228,15090,24424.7723,-75308,-84542.3891,-76012,42527.5384,41691,-94785.6160,-12550
-26661,-44538.0301,-10259,64485.4745,67292,17695.5355,-95699,-91945.8021,-52375,-39027.1187,-42122,-22799.3529,-35592,-7357.7678,-12680,-80034.2796,-6446,57160.9913,-45960,88565.0584
7713.9527,63242,24209.0878,49907,21140.7158,19469,32123.6691,-68317,36599.0534,6922,96010.1936,77767,-4157.3406,-12849,-98123.2413,2361,-6659.3613,-18304,54436.9181,-2419
-72498,-31714.9898,-98323,-50688.4472,-25556,-55564.3208,43015,-84427.7591,-57435,-93757.7754,-15440,24791.8622,27074,75113.3045,-47854,-78576.4461,4577,-97639.6723,-40463,54317.0323
-45524.8160,-93012,91578.6742,-90999,48616.6898,11974,-5529.8209,-29580,-49614.9219,76124,38545.1015,10958,26754.9575,31160,-46754.2566,43147,25742.1187,-28405,-87038.3641,-18632
-79258,-73889.0319,56166,95652.4870,-70234,53442.1837,-90144,-56176.1885,-96581,15634.3335,-70410,-23863.8808,-69716,-52156.6833,80601,-8415.9446,-6684,41012.4342,94714,-65659.8266
51579.4534,4215,-88929.0248,26480,-24917.2090,-32673,-43877.3616,22673,-13691.1159,-62795,-65550.6544,-95174,30697.1078,22718,-5049.0618,-80212,9000.0471,-74235,29292.8593,55564
12882,-33004.0877,67668,19548.9932,-68540,-45777.4231,4732,99757.2852,7302,20390.5508,-88095,81401.0700,44160,-18656.5249,12925,57076.7968,-58786,-75068.3368,-34491,48565.0275
-90841.4074,-29821,-51554.6030,-67599,-14243.2507,-43601,21512.0109,58596,53320.0879,-18373,-9442.8383,83176,32909.2251,-47246,-41135.7026,-82706,18873.6305,-15720,-1931.4659,19024
-92797,26362.9689,-61621,-9972.4689,55996,-54536.6682,9936,95072.7205,24859,-70058.7313,-41516,81352.0570,52855,-21988.6723,-19584,80841.4500,-25526,35522.7606,-80624,-83563.4986
60305.8064,51718,33248.4842,29997,-72299.6928,-43360,-11559.9365,-15686,-13520.0214,-91420,62220.0344,8143,21444.9273,2158,89633.7348,36120,66478.3052,40054,79921.6069,96846
56768,55333.0844,-95461,61460.5282,83274,-97137.5928,35171,78787.2102,54474,-13983.9376,65678,-22478.8213,-3002,740.5121,-28588,-89070.7939,-9813,29441.1877,16155,-39244.9462
79106.0003,-55117,-82880.0987,-18801,-50379.9308,-84390,62690.6066,-65736,-55095.6776,22512,-37781.6027,-42960,-14925.9670,-50413,-11252.4151,-8702,91884.3184,-10579,-86890.6424,-86871
-10923,14701.3425,80916,-55030.6347,86505,-72076.0264,36561,-34911.9847,7820,-52915.0468,68609,-77403.3880,92038,-97831.2398,28576,60172.3441,20137,79302.5914,-92577,3826.5434
-17326.5267,-54415,-60939.0074,50372,66263.8283,58415,79264.5077,95635,12392.4156,82425,99183.0094,47493,-34873.3698,-62224,-23704.9085,58737,22881.4398,27713,77022.1490,-66184
67416,61406.1536,84417,90690.6832,6024,-80856.4313,22290,-92760.8697,-90724,-24162.3740,42093,43014.4225,23626,19706.6453,-67633,68960.3919,96577,-61770.4316,34007,80294.0379
-72467.7028,44822,97950.3069,-308,35411.8901,-49203,-18656.7545,-81798,-40384.0934,7555,23228.1841,-64239,-84425.2548,57589,-87788.4704,78747,5788.5584,-91016,-91739.9662,64082
80562,73965.2377,6711,-3058.0999,-27219,-94363.7288,12618,97831.2172,21760,-29239.5159,-84233,-87845.2392,56144,47245.2012,8993,-28371.1962,-75607,-59940.9363,-49966,87201.7727
80090.0150,-75795,75895.0112,60343,80208.1653,45327,31294.8502,-17382,52431.8015,50201,-97484.0782,-82526,77935.8751,-79252,-86860.5662,88121,67153.3148,-39230,9241.1929,-28301
-50057,-60356.2942,-30570,-81612.9326,74880,-98463.1126,16268,93025.8635,73410,83131.9802,-33759,-82516.3523,99765,99651.0798,89509,91962.3789,-14644,-74594.5306,-59035,83445.2740
73760.9053,-1261,7311.1048,42412,-18215.6750,62266,-92145.1399,-31036,-75679.2983,84265,99679.2969,-76627,-96092.8877,-83232,-67123.8093,-41373,-40749.3635,14279,-9244.2140,64402
-22423,-20414.3893,-59519,50642.5513,67813,75303.8811,29825,34333.1296,-89721,-68222.9034,-85927,-98346.7119,51195,11242.5267,87128,7197.2397,-74806,-99300.7618,-41094,54332.0238
-63755.6713,-34354,57034.5212,-1610,55355.9993,12702,85032.4549,44412,-32050.3921,64485,85025.5726,60936,40753.4609,61034,-66347.9422,-35319,-29441.8882,36483,-50353.3640,-38987
94396,39638.3230,-2562,71633.1291,-38210,-72381.2812,-66235,-86546.2302,-79909,-56110.0534,66835,-52951.0954,29016,44930.8300,63145,38623.9739,-21418,-89709.5504,97159,77862.0828
-66348.3966,-41610,-13968.7261,22651,-53123.5585,84469,-8591.1722,67988,46790.6130,-13795,-92184.8418,-82840,-41642.0602,-57151,79394.9283,-26905,-60319.7455,28022,-61718.1160,-74162
63254,-795.5815,79232,-68942.8227,-37215,53816.6559,20974,-28390.8144,60063,14385.1142,39984,88182.9608,21708,-2027.3609,-50075,84100.0459,-59543,-88656.5058,99348,92630.4059
-27581.0992,-65814,16810.5107,50962,-59788.6405,20374,82167.7012,57853,-65868.5204,71820,-19958.3205,40461,79116.8983,61626,-31537.5736,2452,-28959.8620,61268,74716.6665,-27334
-90304,-32584.5103,-74951,-73078.6837,-18213,-88416.2179,-79227,32277.0693,-29344,-96113.8858,-8397,-66341.3416,62149,32824.7159,77258,-75286.2040,3950,38523.6073,10656,-75918.1309
-73655.0110,37865,64641.1031,-20330,-23533.9412,81233,-9037.8478,4490,47953.8932,99438,-53227.2394,18957,65160.0436,12441,-85575.1079,-24075,72409.2133,72240,-28008.8721,-74964
62960,7146.6503,48032,-59634.8661,9886,63178.1598,-58879,2275.0599,-97780,10455.8488,-69216,64134.6145,53340,25705.1118,-78598,27835.1313,50548,64129.6354,92376,-31366.2927
-74809.6312,-22885,38458.7598,-4388,-32664.7421,20941,50616.7564,-68743,92928.1533,39175,-35156.5354,-31971,60263.2125,58428,11332.4324,-42568,35391.8075,78779,-33670.0391,-38522
17375,21779.1190,85290,89132.0294,68006,-29056.4114,-30968,-89267.1801,-19344,28196.8358,42931,80790.2921,-39407,-37755.2595,21510,60356.5233,57286,77007.9701,-15734,-66840.9757
76456.5624,-75491,-96826.4982,15645,76347.7554,-7383,25963.1607,-79914,3883.0639,-15064,-27162.1749,95618,40144.4656,18983,44050.1292,6255,-56321.0655,76188,-57357.3971,45609
2990,4127.8163,52027,88887.5596,81889,-43619.0053,-86494,39215.8301,25043,-56577.4719,84781,-80776.3345,-13033,77786.2842,-86718,-92719.6928,-1828,19692.0381,-16525,9681.2888
67331.6609,-80633,-31249.1369,64728,83920.0444,-64519,89665.7689,-34897,88821.0798,-2191,35966.4217,61140,-34326.3436,-42475,-38290.3477,88273,17307.1642,-82961,67378.2917,-71727
93856,-29695.6824,-36492,-44578.1640,37053,5600.9076,-75853,-91233.4134,-86521,95394.0522,-18431,23419.4023,-76774,-63071.3092,-97853,-12415.0890,-78367,7333.7865,23851,87955.7725
97982.6200,-89525,7696.5289,-9054,42296.5530,15434,-55294.1543,35103,69616.6549,-11016,5260.8104,14952,41931.1371,87947,94539.8529,-15606,-19252.7315,-63703,-77682.7703,82293
71041,66592.2165,99232,96975.2215,10729,64739.6008,-58178,-3248.2002,6673,-95187.7625,-52817,-36813.0142,307,47257.1458,29913,20068.1743,75147,92314.8415,-76790,-52150.3668
173.2328,-80943,3997.2909,-73989,60203.8770,72292,26174.0993,-45192,-95129.3373,29809,21550.8104,32876,-23903.4760,-73176,38915.8676,-77952,-36564.8565,-3537,24363.8064,70543
33714,4076.6005,-67804,-28534.2470,-14005,31881.6504,33832,35835.1087,-72731,59049.9391,-5620,75980.9661,-91298,-64581.9661,-67506,-75441.1681,-39735,35942.9681,-1512,-80911.1460
36009.3124,-31251,95357.8087,33704,-90443.9265,-72768,46164.3054,35718,-97864.2628,95234,-73441.1336,-38719,34951.1997,-7503,79987.9243,61416,49835.7445,99395,-54337.5552,-84279
-64521,-15718.4277,52642,-73219.6685,70475,72246.2241,65024,-88807.0730,-78076,-12411.1034,-33569,15524.1971,-30166,-88014.5151,20910,-47756.2703,-87604,-67361.2136,-35157,34116.7405
7492.4329,75821,79254.4592,49808,-43254.8396,-61831,88679.1216,-53793,-62153.8832,89039,84361.3838,-27993,9238.6242,56975,-95259.2444,75139,90366.1458,85452,-17243.0989,-81559
-33885,40493.1243,86024,53433.3432,88906,-64285.9765,-70732,87920.1683,51427,76363.7379,72942,97054.4579,11555,70716.8208,-38739,74058.6739,73172,-7553.3342,-5050,-6335.8146
-19165.4159,-7883,-93276.2883,-66875,28880.3100,-81749,-82407.2016,-92205,-11781.1711,-53221,62395.2242,663,-73704.9620,12915,-40762.0599,71712,-80527.9144,-41777,-9375.3947,22071
-32702,-25192.5107,-47738,31718.5238,47268,34406.2045,-61195,-17290.7022,33542,-21800.8740,-38946,88831.4565,33771,70804.1917,-54554,30071.8182,89797,-37440.4510,78037,88407.9004
33357.2370,87211,52275.1771,-21820,-19599.1069,-2985,-83521.6062,67205,-87872.1663,-30501,-40348.9061,-31762,-16377.4258,5443,-45647.4786,-69596,-31595.4778,-13361,-91126.5223,-8029
-54106,-24648.3815,14358,77311.5373,41607,42763.4429,90329,79084.0061,-59012,-68259.3557,-72193,-40117.9136,39562,17276.7338,-45385,-92290.8525,83553,-95187.9562,-27719,-7102.7279
95300.6473,87851,42541.2139,9252,84883.0299,42442,-11596.2505,-91251,-14955.6447,-38632,-96206.6969,-78968,-70837.5639,-38975,10189.8564,51968,-10262.1578,-58713,80841.8666,83199
-52867,-36311.1885,-62474,94725.5147,1359,60269.2367,-21026,70585.7686,-90562,10088.5107,-17754,46510.7364,40396,7073.2238,61445,-31788.7465,-29896,71543.1432,-93990,60245.4254
1374.2122,33096,-34797.5103,-92645,35118.7419,-68697,-79106.1655,-17898,-27267.6587,34751,-56938.7300,-44212,-82347.2897,-40610,85991.9454,-59237,65332.5991,16976,-61226.1447,-28323
-84142,57702.4797,94742,36726.5233,-416,87629.3119,10816,-10668.1983,-43780,-91391.3342,-63200,15033.1413,83918,75983.2949,46704,-2080.4841,176,-25533.5418,-27573,98203.3650
-30636.9522,34834,70544.6370,71910,-30427.8719,-5762,70839.8870,59192,-44879.4999,-52406,1266.4832,-77387,-22555.7097,-80175,6609.1266,94945,64669.5329,-24913,89009.3932,2281
-78752,31094.2256,-3674,-40432.2365,72501,-60566.5416,29198,-12554.6156,-43343,39869.2733,-68285,96866.5098,51499,-76426.0455,91502,-54747.4470,12391,-81647.0581,-24088,55876.9034
-7322.0299,87816,64800.4378,-83712,-32549.8659,-9580,99517.8182,-74011,44550.7130,-69133,97189.7504,-80367,-49542.0549,-93571,-63655.5399,12150,93215.6424,52413,-46961.9284,25258
-52987,-96738.4872,16493,84468.8472,-18231,-76054.1177,8354,-38792.3352,-9599,75448.3175,3277,65059.2097,91300,10335.5707,-84396,-41591.8918,-65897,-1398.0881,-84156,18151.7897
50085.1786,-35400,33445.3746,56138,-27091.1318,-68523,70463.9928,-7154,98454.6770,55349,-15875.5396,-29265,-36740.1952,2015,78961.8234,96205,61385.2267,-492,21405.8584,-85072
19709,-50163.4851,85765,22678.3904,82810,14748.4218,-27053,53047.4806,-70603,58739.0840,-69059,58913.6638,68454,-92764.1607,-53854,-87625.0382,96718,-81732.8827,-29205,-41114.5392
10539.7483,-75433,12008.3041,47641,-71310.3629,88525,15611.8195,43852,-24902.3364,-83340,20038.1612,16282,7968.2175,14514,96263.2011,-47682,11430.5693,7933,58422.8098,9681
99694,-22949.6563,-49411,-30562.2976,72587,16672.2599,-84860,9312.8668,-14385,3963.8698,26762,-37571.7556,-16582,37158.8808,-5197,40848.3211,76703,47513.2688,86598,7550.6901
38139.8443,94674,-28656.1223,98355,-51965.7189,-18158,54882.7441,89803,-98791.4049,-8863,26259.7325,-83498,68548.9265,47022,-32719.6744,-63043,46536.9810,50365,76679.2569,-99806
-74186,-92058.2800,72972,-70526.2360,-92923,-93447.6763,53772,-45308.6918,-79816,-80948.7805,-97971,-6805.7752,-64092,-28762.0840,-699,1364.5988,-93355,10589.3921,16681,-71236.2001
62864.8415,-58006,28428.6927,-38669,-87150.3258,-29409,58749.0158,73339,-1629.8111,60703,50587.6007,84737,99900.2276,49011,12060.3374,-70684,90443.4881,73739,-38809.6451,33759
48872,-3809.0928,-24228,-80171.9104,14517,-89652.7786,-48505,-6450.0065,-87974,-66248.8963,-63973,65931.2712,2791,-25076.2717,-86588,-10572.8366,25438,-17838.4389,-13705,-73402.7460
2732.2745,94693,-10399.9903,-8670,41222.7761,-39422,-99591.3113,60876,6982.8789,-34274,75065.1263,70620,-66871.2305,-27242,19812.8893,60388,-32557.8980,-36967,-78335.6395,-96140
-29403,-174.0864,-61879,5145.4903,-86496,31150.3921,1951,-32504.4579,45951,-50676.3274,66644,6601.4937,-8809,54917.4476,34961,-53481.7510,-86229,-14352.7540,-27774,62425.2915
-58854.0796,-32999,-56850.1416,-66220,6202.2339,78453,49417.4100,-52876,-34825.4650,53607,-45203.4574,84346,-87419.8726,68872,10218.0186,41679,-47503.9873,-93739,-70441.1719,15909
-60278,81881.6565,89465,-43165.0905,65733,-65375.2034,37337,13861.5310,-68672,86145.7206,-70759,3373.9511,-38915,78326.1096,-96492,85232.0421,-91677,-36939.7746,52007,-99955.8136
-49692.2924,-2829,-58462.9960,91787,74483.5575,39500,87345.6704,20445,8417.0724,20714,-13979.9354,-37848,2642.0019,94053,-3407.5803,-89765,-73670.2144,46212,65365.8359,39209
98965,-53013.8502,-32585,63950.0192,-15001,37444.8391,56092,-35264.8410,-46291,-58415.8781,88040,25087.7440,68508,-19329.3713,7119,-24831.6381,54427,24804.7578,36264,-24335.0752
77682.3691,271,64218.6170,27746,-15308.3651,32061,-14832.4545,-11803,-168.4880,-31019,-25771.0388,-2020,13676.9109,-90631,-970.2268,509,23928.4615,28360,-66863.8045,-92164
-79603,52665.5612,21396,13344.2476,64140,-79369.7997,50286,89545.8379,-25993,-64368.8084,80557,75168.3224,30469,-44982.1046,36080,-36311.7557,-40567,21928.2262,-14505,-82612.6339
-3048.7029,36988,-16697.6495,14733,91798.0544,-20433,-53727.2331,-29856,30423.0390,-23083,-45132.3662,-17537,-11420.2686,91424,-12620.2314,-87776,20849.5886,-89426,-74089.5486,-60505
8956,70578.8653,77246,98428.7120,41225,-22875.0279,55124,61064.5038,-27686,78334.2925,82477,1887.9090,-92156,-81658.9377,-94901,11894.1957,18338,-11463.3180,23763,-29488.2397
17995.1282,-66244,46580.6850,38591,64887.0641,-1557,-40799.2309,20407,55807.9157,35162,63151.1964,-60990,-84425.0052,-56849,-23380.2895,50807,-96221.4809,23079,-8171.3522,64882
3594,10934.2042,-13718,77371.1228,-92243,-6869.4935,-27936,-65456.1378,-24351,9578.2424,94514,-75769.3214,-28936,16979.7452,-71168,-86465.6803,75274,27956.2404,34664,-27218.3194
49959.2942,-1222,-26339.6501,72313,61128.8230,82530,83056.3402,88147,71252.8646,-14884,16437.6976,-65513,40929.2068,18130,72970.0744,-17697,44232.9635,-58201,-62485.8042,96735
-42527,-29914.6082,-94352,-25214.6047,-8080,63928.7548,10626,17844.3498,28995,-97032.8340,92004,7346.7051,57812,26331.5170,-36364,11943.4030,73407,-62651.9334,31759,-12260.2807
9831.9863,255,-76924.7551,71756,80266.3266,54081,95542.8014,59710,52796.8153,15029,88833.7001,81647,-21324.4212,3661,-83401.7958,-67211,-52978.3892,87217,1570.9502,38940
22829,91129.1010,72265,-341.4021,-39445,21365.0637,76835,-83355.2870,51417,10576.9980,90473,-78473.2789,91372,3541.7992,49458,55457.6030,-81480,-55905.6433,-34824,-66360.0575
41942.3182,-35233,68337.7367,47758,-27115.8762,77945,-93054.0843,-79044,-51417.8787,10756,-76339.8869,28052,-92759.7573,94547,-27795.3378,-69012,-64807.8491,19505,45578.0995,89902
-10378,-52095.2822,36138,-32105.3006,23844,4396.5992,-84061,6161.3081,-37041,-5654.3533,-15390,89927.9079,-79402,-93893.1137,29453,63839.3280,33213,-64136.5075,29187,-59063.5363
-16931.1503,-28827,-72869.5107,-46996,-81906.0305,-9779,4828.7337,-11783,53452.5685,-91500,-11883.1618,-32173,29948.6017,-63260,-75502.7575,-71044,-24643.2815,50816,98157.6487,-90368
-63857,88199.5778,-10221,-98665.8980,48046,-26972.6393,-60706,29736.6236,60276,24112.8427,75151,-79061.3750,94824,-99649.2798,32624,63952.2111,44240,-49906.8636,42504,76156.0044
87719.6537,45888,-58308.5018,75886,-92198.4803,-52054,61530.6579,69268,-83295.9953,37845,-91242.7129,-40321,-71425.1448,91655,77244.5922,-22148,-50775.2949,39656,-51240.7404,2513
-18590,-94384.9195,57146,-21286.7395,56077,79308.9355,76499,2987.1846,55554,4703.7007,8267,-96253.7294,-94320,-59248.8658,95082,-58955.3323,-60678,-45032.9688,53519,30261.1021
-11459.3442,-7320,-71960.5163,85284,-41203.1395,41425,34658.6654,-86981,-99644.4239,-45167,41834.0406,36391,75758.5946,87119,-11965.3385,-1871,-27703.0858,-54572,26601.6457,-63054
12394,-97859.2718,32653,-13434.6992,-49189,77952.0688,94185,-36913.2884,19332,80340.7443,-95698,-85540.0328,83004,-28549.7785,-25059,40590.6240,-23310,-86599.0618,-92854,-22324.7527
46812.1395,-30842,2000.0546,27257,-44053.6828,-1132,-44450.8021,78723,99540.2019,82179,-42970.3710,-28926,46130.1146,52375,-42020.8979,-73223,-48424.6273,-20134,52951.4208,-76865
7619,98425.7458,82820,38436.1953,53207,33077.6807,-59232,75089.9566,25468,96428.2923,-72379,-73771.9138,-85967,84051.9437,-57201,-37583.4003,38010,74582.1167,18355,20722.3835
4212.8844,95540,52671.7710,52814,57261.0951,-94649,-39685.3429,34393,-87787.5062,-36572,-46712.9156,31732,73504.7699,44236,-13753.9710,34535,-3415.3838,44003,29037.5664,-46509
93175,5736.6152,32141,63470.4425,-51856,-37429.5271,1549,62266.0991,-15200,27416.6877,-15228,63728.3464,-43518,85825.1502,17557,73064.4461,56857,-65305.6085,55595,36644.4307
-15534.6782,-62412,51654.5011,50192,21424.3813,42910,-31529.9109,-25300,7157.7391,-23257,98321.9377,-2436,9239.8558,-9715,55773.8705,61764,-97594.0186,33544,90554.4495,41979
-28454,-57714.3691,23974,-64290.2340,42908,-66280.4991,-73238,-77164.0519,-69530,44356.0071,-15297,-96083.2853,-72464,17847.0037,20260,-32722.2148,-63031,-52938.9610,-23179,-29669.4790
-50416.0767,-99119,-30728.2764,95729,77636.7530,13249,11445.7027,93536,58177.5979,-34495,-45970.5088,-48669,11602.8156,99703,-99247.9171,36944,24864.9796,-4976,-91231.2677,-61343
-51575,-18490.6704,-67042,-84757.5438,9696,53291.6676,41909,-73058.4592,-47697,-48510.1691,-93586,12043.2973,12860,48212.4791,27798,-97926.4230,73055,-65389.7652,-94246,-14953.3229
-35132.8590,44415,-7672.9951,-79285,95394.9580,73763,79329.7578,-64134,-86388.5480,-39007,78508.5997,2005,-62450.2625,93325,5512.6067,-2359,80479.5923,-78948,83923.3488,43558
3598,-12342.3471,-57979,21803.9274,86013,1017.9445,-85334,80650.8863,-19101,98755.9930,-79205,73652.5876,-79075,99186.2537,-64787,84824.1641,68504,97696.9927,19540,-49023.3312
4367.1669,57005,34333.0199,-66443,-89267.7749,8454,-78897.1100,-77623,-61475.8016,-2159,12127.7619,-54767,-48727.3305,13274,49836.1051,35152,75492.9959,21495,88972.0560,53180
-97135,60544.4705,-97971,-75959.3222,-33003,31402.6858,64511,57914.6207,-50182,87043.2406,29866,77768.3006,84400,4194.6292,86305,98037.7967,31159,-26993.2312,-24427,-91770.2771
-94194.6625,19398,87945.8064,65324,-6465.9935,-10674,-2949.8573,48520,2759.1904,28734,25456.2836,-91799,3555.1071,82633,85649.4646,-29347,66614.4838,-64563,-50153.1671,5706
-73909,33680.7851,-9511,80274.1033,61998,-39521.4726,-60843,-21242.9816,-17804,-84944.3864,34256,57870.5487,57071,17204.6740,81792,-83308.9016,61789,-37169.7774,97713,-21496.7193
52641.7326,58044,-94300.9591,-97395,-95199.1212,23711,-23395.4180,-92580,64163.2534,-88919,88139.1854,-53174,-65372.1276,12103,76698.5131,-71478,58166.8330,-12618,492.3701,-30188
-17076,-63154.7648,-65763,37030.0816,-80566,6287.5410,53476,19909.2941,61353,82117.6830,94673,62906.8253,-27722,-29824.3717,-86214,-61066.6390,-20969,10831.2337,64744,40481.9818
-23076.2153,-29780,-75307.6872,-38053,33710.2391,43747,62941.3466,-33127,28694.9377,-9628,-91922.4666,2470,57607.0149,78040,55367.5547,90774,-91177.4943,-54755,-62999.9561,-85067
-67201,19729.9363,79522,-62871.1608,8848,97201.1217,-27122,-16766.7867,13192,22796.8476,-30605,879.8753,-78284,34409.3633,-82361,-32949.1193,97787,-30949.7849,-75234,24095.4129
-2353.7362,-78360,-50867.2404,-47543,-63240.5131,-65812,46522.0259,56444,80151.8928,26366,94819.5452,-93140,63524.0423,-69133,-83628.8184,29125,64360.9378,3961,-23741.7077,-18192
-54958,-24760.8576,57621,53674.8797,-42086,82605.1362,-52141,50250.8097,-53524,-86272.7086,83468,89894.9330,38171,-48873.4448,19946,-84940.7473,66714,-33356.5505,-32863,28609.7809
-11394.4174,11762,-16597.8768,-99841,-39109.4844,88783,-41536.9153,-28325,19508.8929,56693,99297.4154,-93170,-64150.0535,-15570,-62158.9657,-19229,85306.9244,96912,-68728.2801,-72318
32343,-73023.2421,-68765,-51903.3687,52043,-73812.4081,14098,39963.6276,44883,-32425.0834,31634,-58759.4516,-19660,-39123.3381,11138,-6721.2680,-31877,-40656.0080,-29081,-85585.3956
70396.2718,60412,-79319.3331,50943,87112.4681,-97096,-49285.3122,-73659,8168.8056,-15183,-83467.5522,-21332,81792.8739,79892,19097.2608,-49309,-11496.7080,-26392,-95807.0456,-75737
30968,-66348.9074,93353,88230.3268,17014,66087.7410,64969,83386.6107,51100,86093.2372,51552,-9901.4608,-39633,50919.6205,-25234,20654.2429,-39443,53186.6861,-48783,39740.9316
-78816.0604,-73595,-62531.0503,46617,48749.7472,-407,83657.9999,-48859,36873.2995,-39338,-59963.8734,-30495,-25428.2701,74901,357.1187,19220,59623.5481,425,86214.4331,-93241
99534,88786.1187,-90849,73588.8361,-90946,-11191.4511,40192,33898.3401,6603,-74149.2523,-21379,-45043.3699,46833,-84024.9992,51885,-84155.3799,-48576,-17180.1684,-7625,-66922.3647
74632.8218,8818,82223.1617,63032,51528.4119,50121,1206.1811,76650,-23140.5504,14219,-93698.3490,-61611,-81425.3364,-65137,-32679.9568,-91318,-73475.3550,99837,83083.8050,-71600
43478,-51360.4111,11438,-24719.0768,73353,-80010.9584,-49552,51035.4597,-49601,-88692.9818,62629,-54138.9485,-68142,-75648.6092,15155,-88049.6769,22814,40300.4769,45191,-1400.2222
24877.8766,-54057,28194.4291,92360,66894.8276,78862,-51296.1374,-33241,75577.9140,-48924,33164.0377,-58859,-90896.7613,88641,-3611.6287,-8572,26197.7393,-99297,-90465.3318,32908
-33388,87227.3657,50730,29109.9115,67616,59001.2338,-65907,67775.8257,-92404,-87188.2275,-42890,41978.8133,96755,-93018.6629,-36668,82367.8145,-11479,62023.8081,-31393,-16679.1456
45995.6901,-90604,93354.7391,98112,93995.0533,-27335,99776.6466,-11149,12772.3690,-29086,-63221.0040,-26342,56312.3487,-11065,70708.6927,-6902,1910.6385,-43018,78335.1680,41835
80713,8165.4973,78523,26937.9183,10145,70514.9764,-57378,6872.2068,-64546,-98657.2378,-79827,-9799.7723,-15825,-73190.1101,19026,98944.7981,73380,-47038.8067,-68978,-14868.7482
-42863.5223,-11110,-37102.8315,69809,-44157.6251,21004,-54726.1423,-96468,-90267.9861,-35419,68534.6499,-82102,-35854.8390,27901,31567.7336,-37769,2181.4378,76669,-66528.9076,-48958
-90065,-87131.7868,94124,34459.2557,41968,-4600.7155,54661,96639.8025,91529,10858.2140,8192,-50098.6668,-9498,-96438.9516,63478,33416.1793,53460,22596.2498,17309,-68770.3124
-82943.7775,10514,60928.0848,-67978,-98706.1517,-38817,-65957.5629,-83840,81175.5804,72409,72305.0550,-44936,14177.8413,36580,-51632.1009,-87260,63015.7542,43729,-38418.5138,32462
-33841,28522.8005,53874,48390.9086,17249,-49790.0663,-67476,-4334.2825,-23067,-80027.9025,76403,18330.7491,34225,23130.5024,-97482,86057.8940,-99204,21031.4024,-66568,78077.7386
-14144.5611,56064,35514.4226,48232,-93188.6493,32453,-69512.5444,79101,-57413.1061,-44118,88812.8781,64252,20149.4088,-50716,-90203.5601,82419,-13358.2979,-14912,48588.6130,-48098
-37444,66973.5431,96772,-8458.6325,73906,-79975.4941,17597,-9781.6788,38631,-33596.0089,-80386,22517.1690,-44098,-79258.7223,61741,18548.7416,50569,-82548.0945,85378,34169.4980
-84740.7508,-96903,-3913.8158,18046,-37998.7434,63422,41251.5935,-97019,-25949.7329,92222,90915.4217,95266,-5523.7178,51502,30638.0988,-59730,-58298.0087,91201,82369.1177,-64772
20588,-98850.4732,-83361,16612.4161,48954,-27789.9984,41809,-5471.2748,-95862,40037.7021,8132,-5566.5379,-16873,-51658.6338,79021,-6528.3176,3529,2030.7213,49805,-66473.4127
-85168.8792,-60347,62137.7206,-41726,39732.3080,-99701,-18390.0757,-28659,57788.5316,52114,-93312.7398,84370,-97342.7205,-6908,6294.3232,54015,-34812.9546,-39318,62475.2029,24142
-7605,1879.5439,-3775,64705.6918,50840,44090.0001,-18605,44174.2225,71560,-52466.0415,71984,13636.2370,-90937,39308.1764,-2308,-18836.6569,20557,66348.2177,-69759,-55697.5889
78815.1916,5376,25056.3474,94550,-38479.8636,79616,6701.7102,-58241,41446.2130,44058,-23616.5385,-95635,92817.7878,27484,47388.4984,-3664,36324.9524,-15740,-40589.4015,91259
-21357,-38872.0099,-82674,46926.2799,-30815,57640.0573,-23379,48605.7955,80714,-66802.0649,-75311,36415.6421,-93297,90619.1651,6851,93821.3154,77999,28133.6405,72020,53774.6984
75990.7277,76998,37404.1125,25228,-5868.8286,48597,81857.0830,20518,-85118.6710,-35391,-21003.6938,-21710,13268.8355,45089,81626.1084,-11553,91095.4881,64412,-16116.4071,-43831
-32524,-97779.1954,-45877,31637.9688,-86939,58809.6588,-97582,77978.6800,-35631,43569.8275,60802,-1358.9548,-41457,62957.1757,71127,13037.0939,13623,-46946.1876,59624,-23841.3587
-5134.2306,-87297,18925.0493,-36245,30007.6001,42718,-63884.3328,-32930,-98.3670,33521,71578.8701,-59439,-47434.8727,27055,-29631.5294,22596,14657.1042,35292,-69662.2745,-16282
73491,-51647.8957,-8289,71503.7289,-23744,35832.1490,-75053,-70461.2386,-8897,93336.1178,-43403,93542.2174,99897,19819.5250,-38157,-183.3453,-91242,63753.9551,-20472,30593.1510
-41274.2057,21622,-39820.6706,83692,56916.4777,-65106,-62794.7006,-52695,-49914.9221,-29729,-43272.3633,-95748,-65410.8745,-369,-80909.2013,-67334,36967.2846,-4609,-61023.4321,54756
30503,16875.5895,-9432,-69612.6659,90381,-10397.7543,-99612,40077.1534,-2816,16117.0485,80834,-38640.5739,53841,-96629.1568,-62944,68740.7923,54265,-91780.9352,-68640,-89169.2369
-75408.9527,-47733,-9065.3093,-16369,-27172.4355,-94231,24132.9340,-61476,29734.5124,-82612,11366.3062,-47058,96725.7240,-62487,68181.4624,92475,-84200.8122,-39145,9563.6668,-79754
-46901,-67287.7629,30905,-99812.4791,34521,-37457.4137,31012,1079.4000,9658,-50537.1797,5470,75145.5098,-70540,24590.3670,19180,27451.2639,80510,25151.2089,12587,-4250.9151
3425.8710,-9721,-7562.6733,-42785,18349.3434,-95337,-48813.5295,11096,45550.4016,63181,69442.7460,-69803,-17787.9193,-77983,-5035.7281,-42416,32865.4447,-48245,18925.6104,-62927
-99294,91906.6180,72898,-98210.0203,17894,80647.7687,-74177,39801.1771,65145,92475.2869,71697,54950.1151,-11760,27242.2623,36023,-2159.1644,-18451,31287.7117,-81140,85150.8122
58854.6516,34847,-11953.5269,63990,36512.5919,55081,17682.3474,-59173,-17867.7060,14119,81345.6870,90217,39068.8220,322,61864.0030,-95866,-61803.3182,-55627,-74469.2527,-23990
51586,-98088.2574,84016,60631.4948,-99533,-67883.2586,93449,-24239.8694,87661,-18175.7292,96094,-60514.2605,44742,4579.3621,88666,-47206.4679,-3427,-79109.0362,-76826,-56209.7132
86254.0971,62617,46435.0825,-6399,58382.5178,67900,45559.1409,-71088,-69626.9217,71284,72373.8491,44008,-75412.1432,18361,25259.0648,12131,10482.8672,35286,87105.3773,61520
77226,-45068.7286,-82279,-95685.7848,-11860,12992.8227,-49627,-16096.2442,6511,-38965.5005,-78518,75532.4878,41485,98812.1592,39526,-35280.8797,-44479,61042.8408,61506,-89396.2479
66320.2648,47554,-80006.6916,-42047,-54282.1761,-52889,-5862.2530,63394,-92149.9275,-44931,-67869.8775,33532,78648.6334,71491,-88374.2239,12483,-99704.6320,44383,-67860.6863,41818
19572,28319.3242,-87308,31088.1695,-85015,90081.6944,58396,26649.2686,-90755,-9922.9094,-82288,-38958.0951,-48061,-68363.4117,55149,87776.6967,15848,-31352.4850,39148,-93937.3926
89434.6776,73920,-41099.1990,8355,-26633.8834,-71115,75936.3481,54869,-65521.1038,15748,-48708.1007,26247,92035.6451,-3496,-82943.8617,43433,-73404.5237,5002,51655.3679,-57105
99159,-80633.0841,-25719,-56189.4992,-45873,-3319.7340,-61656,64688.9417,82140,-74666.3000,25686,-70155.6296,32184,-58415.5156,-52222,-41174.8379,93700,-7757.8556,73336,-18872.6486
-26637.1640,41222,-37212.5807,54089,-76323.0998,-49377,-47257.8687,-54110,-72883.8185,24777,-63012.9117,-51303,-8890.7604,20090,-17190.0434,41170,67120.6927,-476,-27234.6441,67323
-88063,18756.9187,59733,-90532.9307,-84851,75587.6933,-10231,28888.6846,98635,22964.3786,-36984,50878.1398,11995,12147.1984,-91392,12939.1878,-48427,96287.3251,49544,-15920.1682
73788.9379,54510,-5509.1170,-32309,68398.9489,-9505,67338.5281,66205,84860.7331,56990,6540.4891,-52541,34648.3746,67797,-10460.3811,-25673,74491.0495,53694,38405.7007,-1953
22013,-27021.1307,24393,18207.7519,-77117,-77285.3937,23580,-83869.4076,95526,3009.9382,-17516,27552.7479,-7006,-34328.1149,26801,99769.9596,8258,42879.4271,-27667,-29824.9524
3140.7730,-27175,86546.5188,-23947,-21213.3204,-31528,-11112.1992,50630,92307.7307,-54039,-86445.7409,61652,15278.9047,-34059,-97648.7770,33215,-33003.8251,59092,34714.6836,-89909
-52501,60797.3567,62050,-9084.7362,31130,-66190.5133,-57026,51837.6948,-94859,90170.0855,42377,97408.0586,39278,39065.3376,82181,-61083.9545,-18919,-54966.8643,65951,-68704.2177
-25153.6262,-34329,68668.3890,48617,9137.8889,-46348,-85774.7908,65558,30539.4951,14258,-13013.6334,-68179,-43541.4495,80597,-72987.3164,72000,-60247.5612,-92230,-94004.3989,-78876
-31996,-37016.0555,70424,75154.8409,-6819,-68840.6842,28818,-41658.7573,-27021,-13097.3537,23659,10332.0020,-61298,77371.1684,-16813,75274.5041,-23092,94762.2757,-39617,-71462.4773
-81410.8635,-30594,17261.2169,-14160,-28897.5040,44733,65331.6503,9523,-26734.8195,34585,-60394.7736,10317,49562.9086,-1537,-89637.0425,91670,19517.2961,-36447,-3125.4132,-58994
14499,62656.2782,12872,-92483.1144,66291,58957.6171,-90031,-44984.5511,29868,88692.6342,67997,-83605.4230,7400,-5642.1018,-75086,-52515.3316,-91902,26533.7297,82888,91457.1649
-72808.2627,-54666,69837.2065,-44835,-8660.3222,29053,48714.1684,-9044,16116.2532,-48648,-35033.7324,-40963,-94552.4953,-77596,-8199.5455,-55956,55293.6454,-68245,2032.7988,64086
69168,-57281.4384,-20152,-47443.5084,-9734,4563.1428,-6425,-75668.7227,-15848,47062.4218,-36199,89826.0976,-52215,-78320.6779,23934,-41505.9681,44673,-54133.1765,87339,-75925.6889
33633.5858,-82784,-86979.1804,37228,84396.0994,-198,95744.4669,11261,97683.8658,6058,-63332.2127,-83368,39632.4744,-14261,38682.3226,-40163,-31889.5311,-79009,56614.2785,-94678
53493,49918.8626,-28390,80894.2482,4559,75999.5856,-61012,-13411.3257,48251,17095.9282,4528,37285.1278,43135,61598.9332,35189,-96985.8118,36993,-37092.6048,-48211,51274.7267
83556.4646,43802,-8245.7661,70970,-28296.2904,-47416,-81268.3934,-82599,-31092.2413,61770,60411.6044,47119,-93897.4887,51485,47396.1127,69898,-61065.7371,65259,-97626.0164,68613
-39025,94495.6190,-92138,-44696.9670,55397,-16186.7139,-13102,-48552.7117,-1543,-16157.9427,32267,94991.8213,38351,31272.8124,-4255,17972.4092,-10812,-71933.8976,-92571,-80621.9981
-44487.4856,17359,97558.2288,-72873,40484.9028,-42038,66815.1628,-82050,-72797.9451,99962,-63020.0631,-94398,-94292.1356,-97838,-98961.3404,90086,-92953.8622,-51327,-20980.6610,51628
-88261,33166.1824,-71978,-78918.1024,-72384,-38056.3924,-15244,25655.7012,-43096,97281.7811,-6262,-74253.7873,19732,-35820.1812,22982,92796.9502,67823,14447.8978,-51814,67635.9469
53922.4210,-37547,-87696.3356,-18598,27406.8698,-95904,-89671.8175,64177,87975.7892,2470,80268.6800,-97847,-50570.1202,9569,-55222.2484,7993,-72582.1164,-6966,-96159.1094,78107
42003,98324.5052,66240,35804.6082,-99532,-15025.1759,-22226,26109.9465,91004,55465.7427,19597,60622.1338,32629,69712.4038,2217,41217.8902,-95868,87106.4485,-70041,-25892.5597
5523.9743,61370,-97557.3279,9294,-1966.5990,-96039,93107.4642,-96468,-96804.5194,43071,-84766.2993,88695,47083.9797,65785,-25762.1868,22659,-27114.0786,-43593,-73291.7386,45613
-27814,61138.8559,-46428,20762.1782,-90201,-27251.8464,16874,-99789.0694,-7437,35764.3381,13647,31708.3010,50372,-94577.6147,-73926,-90384.7236,61149,5046.0927,-60956,-97850.2301
-3121.6154,-95985,89475.5031,36559,-90575.3151,92972,-23753.7553,20233,14489.8676,-95806,-73447.5974,30789,-72141.0747,-84719,92247.1083,26738,-22341.7658,17745,-24564.6493,48509
37185,-8654.9230,18979,-53408.3079,97104,46172.2573,-33178,71030.4094,-18363,23644.5602,12405,93152.6671,-17170,21006.8205,-10580,-60553.4927,-1735,37839.4599,-61888,-76477.1746
-15913.2012,-95257,-68235.8927,59484,-35989.4692,6093,-45666.6469,-61514,54915.8783,-23950,-53362.6262,-79840,-14007.0002,-28064,-54937.1909,33057,-58662.1442,59658,-77463.0671,-90192
-26824,-39066.9065,77213,44643.8646,16706,88422.7112,71833,58512.0136,93689,-51869.9426,-57249,1243.3007,-55173,89652.7678,73109,4020.7549,14867,47276.0684,-66042,30064.9908
14312.4085,-55275,-86716.9545,-48596,-44525.3854,-35052,-52430.5893,-44106,-82061.4709,36281,35886.6011,78243,64272.7456,-17097,84526.2896,21049,-80405.9255,91050,83957.1636,16405
91101,32353.6616,32226,-44585.0378,57856,36021.0936,-21874,97392.2441,-89061,-66778.8441,1652,2356.5433,-48513,19322.1051,-37861,52134.1629,-61176,-98485.5118,-76191,-46452.7307
-9630.8182,-36313,46060.0921,12248,-55185.3395,1266,47854.2190,-3212,-10953.3119,-33209,-78742.3048,-57598,-15416.4753,-70183,-33637.4047,-46729,51934.9594,-57307,-23964.6152,-5463
17191,-52091.0615,75956,-94476.7853,73524,-3570.7624,79119,-80050.4054,79110,-92459.0348,-4315,50673.1505,-53586,-99650.3156,89254,-22733.1844,-96129,39055.3812,54387,17028.9071
-82596.7397,85837,-92558.4220,-70043,71409.5011,-87666,-64502.9352,94738,-75839.9210,67208,35270.9580,-45680,22193.7074,-92809,31084.1981,-22761,-53784.7170,-34226,-4022.5285,-90087
14093,-16555.9291,-82692,64038.6453,-13770,-66604.5099,-2391,-69898.6506,60497,28738.1061,64915,35938.9429,67731,-70895.9917,-76505,-98702.0060,-18549,95660.3370,29061,64487.9838
-28207.1166,-95120,-56555.4076,7958,57129.6776,72662,-89681.3957,-56167,-47743.1316,-88575,-8647.9554,-3917,75406.6542,1801,70674.7487,77787,-13876.6765,-20055,-93410.8854,-23636
40127,-33859.7326,85831,-65344.7757,21523,-32319.2667,9923,-32575.8354,42294,-58055.7782,12064,-65499.7936,-28293,73386.1651,-31482,37458.1583,-98718,52673.2037,28483,32793.5982
22072.2393,64179,84638.4336,-53595,-97210.4546,60187,-64898.5773,-6707,-29933.9977,-51768,-43308.1151,-31624,97225.3437,76334,12631.4971,-48959,-71979.1603,-89876,36316.2518,-52175
28939,7633.8777,-72061,25620.2634,42062,-24296.0870,32999,-33753.1369,-34255,-17101.6496,88779,-17732.0352,-37477,39363.4723,71481,61571.5434,35873,52059.0348,-73749,-83901.2821
-97627.4307,11916,39835.8604,51012,-32771.6450,75970,46302.8972,-73909,-50867.6484,17058,-2323.7136,86269,85484.6371,-77313,-18631.0567,39666,59068.7848,91118,-91548.6036,-23824
21930,27114.0226,82870,-80331.5991,67253,50271.0984,99533,-28267.3042,-14749,-7751.4565,-55463,-97144.1925,-19194,-59333.6449,-36927,-16192.2164,-70221,-26509.9444,989,-94708.3753
62722.4631,47689,-59352.9600,-4757,-70247.5936,-14043,55113.4767,40853,-205.4205,71112,-61631.2345,-57872,-17516.4536,-79503,16369.5429,-61711,37328.7112,-9978,-7029.0898,-70327
87670,-85349.9206,-21287,9007.8251,71142,-57695.4624,-41170,20728.8407,-64222,-46319.7246,-68842,7298.2225,-57233,69632.1974,-21970,-66867.3535,-46438,2484.9300,-32684,96406.0130
-42519.5633,-78465,46588.0431,-38503,59837.8665,10110,-37365.8969,-26728,59251.6766,91800,-88411.3482,-19747,50704.3670,-79364,-33343.2817,8517,97952.6850,57115,-46405.7001,97195
-36639,-315.7318,-33324,-41137.2796,-62812,-43203.6908,30207,-66076.8120,68966,-16516.5421,67588,-58543.6749,-33639,-65402.0023,90092,64714.4746,36957,83000.6029,-38871,-25411.5208
-93102.8459,94972,43760.8554,65849,95535.1896,8787,-94877.9327,67381,-7610.2836,-34413,12688.4998,42248,-5912.8450,30535,93207.4851,94991,2336.6278,-98289,13484.8956,-9318
-98775,42035.2576,13534,87456.9559,57398,12009.5312,-43044,27725.3249,-62270,59395.4427,-27559,-2635.6188,-17951,-10091.9554,47132,33663.1046,-34193,-38738.8177,-75225,-16997.9746
-91366.4365,-74423,-47495.7789,11380,27713.6190,34493,72149.0385,717,44761.7059,56769,-18098.1356,5923,-88673.2205,-30807,15387.2033,-21706,44404.0115,-40634,10345.7488,-4390
57748,-93001.7840,-68103,62889.5246,-74913,41965.3611,91519,-60071.8770,4443,91526.3587,-44170,-30523.9834,41542,-9433.8792,-91146,-61185.3392,-12689,-5521.9196,14868,-24231.5312
95938.0425,77489,-85980.5373,-9686,-77848.5136,-14056,-40536.7767,11237,-83167.8218,-67143,33747.9342,90754,-4962.6406,58302,-28365.5256,-46780,68493.2750,-54692,58981.3321,-97191
68902,61550.6472,-57200,47902.8634,-94119,-34687.3467,-74306,58345.6567,-54671,16730.2786,90382,-47320.9710,-73587,-26884.5216,31028,-55392.7333,67408,9063.9716,-75570,-56684.3979
-7596.3759,-32233,15436.1085,-25516,58534.0665,-65983,57674.9097,-7119,-17502.8588,67840,-58671.6519,91165,72450.1717,1952,-8948.5118,-72048,-13577.4802,20533,91224.4950,5355
62315,-78758.3407,-12460,-40144.5445,-81378,9534.5852,-22266,-6530.3786,-29937,8960.9110,81520,-15201.1194,1658,3109.8300,-57572,69565.9669,-79358,-1062.6040,-70236,13706.5790
39179.7480,19498,23375.2229,34674,-4828.7693,36541,-87926.1618,78584,96638.2890,4835,-38561.1663,-42965,89921.6269,40608,-70240.9497,-6745,-49655.8878,-88690,-63534.1227,66089
30718,23393.5500,36997,20536.0707,-32601,-46803.3954,29715,33322.9793,21831,-74952.4982,-44385,24733.2486,-97263,-6396.0094,-45030,-72005.9411,-79689,93815.3091,-73672,41865.9845
23582.9930,-13811,85882.1435,-23398,-48366.9136,-50981,-41041.5556,91169,-76226.5364,74296,61543.4738,-4808,65507.7872,-28173,76718.3813,-56166,73098.1557,1580,-74232.1816,-45753
-78603,-68122.5652,-34034,47294.8773,-47740,85812.5722,-82336,-10495.1911,-94715,-47875.9023,22439,37505.5244,-17671,-58530.3064,73412,95523.9449,9399,88106.1413,-83870,66526.1022
93762.1826,-37414,-88678.5403,96895,-76138.7230,-67992,-24110.3182,40809,92929.2174,-78185,62998.2525,-37890,-63357.9791,-45584,1509.6060,-1064,55937.9480,-19871,-87021.7838,88727
-5720,32251.1356,-73340,-80426.9317,-30840,-24525.2092,50441,-89496.8623,97225,-24484.0578,64094,95605.8251,-62589,-12424.9951,903,-21526.4173,-13201,-50020.5843,89086,-72682.1596
-30690.1031,-33131,-40574.8075,14341,41160.4056,-82472,81251.5985,82485,-92891.6206,-89722,88165.1309,22445,43966.8301,47728,-97036.3242,-91097,-79704.4760,-57189,-43081.9536,-48230
-82904,24896.4565,-7459,-6400.3760,15416,41473.9260,52309,-556.2667,11910,85422.5406,27998,-3453.8873,-82804,1332.5966,81758,34558.5454,20354,11812.3647,725,-57653.7364
-91440.6126,-52481,2275.5715,58133,-86495.4299,-55541,-28591.0173,-11439,8013.8808,-29593,-39824.5425,-98723,56354.3121,74364,-22412.8249,-22775,93527.5773,-25502,-7533.2609,33789
-67957,90117.0705,-36095,64949.9499,-21334,-26949.5926,51260,-52009.9083,20913,-60348.3328,-7068,-29243.3787,-17710,-89460.5958,-86098,-83116.0754,-39885,97759.0702,-24891,-76906.0752
-45275.9195,9872,76628.5445,35952,63149.1018,21804,-97114.3727,20525,-16846.8977,-16478,2218.3603,-27676,56796.8487,-59258,-32060.3818,-54830,-19752.9412,81571,44333.2301,90806
83806,23139.2575,-59116,14946.4161,138,90716.2928,-93110,-11455.4451,-38907,-74176.1142,10839,-24037.8904,52607,-98526.0747,76437,-8311.0296,48315,-25147.8160,-8704,-34688.8532
-82363.4862,-15875,6395.1909,-89260,21434.6443,-69143,39847.1468,-64845,-19318.8874,-3181,-47953.5306,-31103,4062.8929,-23607,-23327.0745,73440,-16759.2085,-24275,-53258.4759,43395
-21179,80895.8456,-76475,87050.0450,-2621,84348.6134,-82585,58561.3712,-10357,58089.3382,65427,-53596.2861,58857,-34830.4687,48510,-78396.5287,60064,56503.2951,-62045,-48706.0765
-8562.2782,-25718,50056.9695,33778,48764.7225,7137,-45352.0910,-37751,78094.0598,31684,-31322.7735,-23089,-5185.6894,59866,-63348.7361,69352,-4939.1805,7408,77916.6554,37337
64863,-66365.1208,-48901,-95435.7339,90231,-88376.6737,-82359,-17635.8980,51645,75695.7260,30133,-44184.5348,-17859,-21230.9400,34010,24332.2815,6547,-45701.6637,89651,41188.4092
-34186.0431,-37735,18598.8540,13808,-26756.1979,-30190,-43633.2519,-46871,-91367.1546,63823,-90432.0681,1007,-61271.6566,-15533,-96922.5944,1812,56810.6128,75603,-9981.3885,-91594
-67664,9655.4829,-96512,-71044.4637,34798,-23796.8727,-26202,21157.6253,-8887,81487.7398,-37770,-4737.3101,77783,83289.2115,89211,-99755.4514,43071,-40000.3836,6804,49283.9479
-71620.1009,40696,70545.7846,11804,-59126.9202,-13178,-75225.8390,59595,52140.4452,94225,70618.6901,85925,-64188.8323,13166,-53039.4476,67015,-43180.1879,-60731,-35633.9213,91233
-37027,-93897.5265,98462,-4139.4747,-23257,-27794.9452,39041,-32955.4973,-70040,24826.3131,-63013,73472.8853,-54464,-13408.8276,14353,67894.6792,-66125,-40082.1342,45657,92912.3637
52910.9463,-19189,-31229.8089,2656,-10113.8847,-655,13779.7362,26788,69789.2272,43654,-24553.8032,-38702,14214.0400,-80497,-46088.7157,37541,82741.2385,35743,-51936.3932,19626
-47664,-84596.5598,-30666,-10924.7889,60497,88436.9289,-2643,-16447.3844,65890,-39886.3906,6810,49799.5742,-83415,24600.2511,3852,-59382.7421,-88220,-32853.3040,-45673,-44423.8488
-25051.7646,-69157,-57717.2713,-46528,33187.4677,-53160,-52268.5849,27729,-23214.5985,24204,5587.3549,-14708,29013.4419,-34618,-61102.3279,-18261,10040.6621,76070,62395.4089,97520
-36876,28841.7066,-17511,-54170.6474,-29654,-56656.8900,-85454,53423.2196,42488,31182.2560,-36179,-29836.1742,-24123,-81309.9538,42249,-75939.6402,-43411,-10752.2541,-49650,42937.4164
-1849.4902,-61757,61199.7960,-33989,-18677.2950,25342,-56517.2057,53010,-13240.3574,-6238,-34132.1257,40428,73141.5131,-2938,-79050.1863,-57314,29879.0038,-24630,66547.6916,-39786
-24515,71099.5722,-314,78963.1824,16102,29868.7656,-60789,-5197.7173,-83579,-80546.9760,-79720,-53059.4113,6579,-15717.6956,-6668,38704.0691,-22347,81919.4660,-12075,-68070.9882
-83330.7723,-99551,87093.6901,-27540,62676.8631,-77215,61117.1850,-40415,8241.3744,48279,62104.8152,67443,71327.2404,-31534,81686.0295,-64610,-7701.6120,-23874,-69471.7078,44646
12122,-12024.7737,58776,3606.7446,-45837,-24042.5006,-34704,21516.7912,-8378,-54852.9102,-35344,-7319.0549,84080,-53562.9436,83824,87220.9345,10855,86320.1250,41715,3700.9121
-21982.6115,64307,-52852.2879,36390,-11894.3256,-66561,37634.5941,13955,93507.2568,42895,80433.4918,-43130,-57732.8696,-77959,-98071.3176,-90336,98231.1471,5211,-91541.4669,1613
-97607,63891.6598,-70972,-33409.2937,14797,10077.6213,-29518,58380.2556,-47263,68449.4821,-82471,-73015.8148,10532,-13541.7338,20913,17590.1654,33559,-50623.1214,82301,98608.2745
98307.5162,82358,-57344.2855,93692,26436.2108,81273,98025.9824,-14513,-75946.9192,-60530,-61973.2553,8306,54569.2678,9529,-35723.8049,-24728,-32155.7967,-9451,59592.5187,57239
76454,-28480.9834,86170,56339.3521,93679,79471.0056,-51035,-10973.2611,73966,-6014.9238,-89420,-1876.7532,44603,21050.0114,51762,-55806.2680,-83464,25213.0044,84902,93119.7983
94309.5004,-53810,78583.0578,48160,12933.9624,50801,85810.6487,-56359,6101.0891,11591,-862.4108,85895,-33818.0740,-40886,62222.5191,90419,93630.2420,21391,31642.1226,-64809
-19999,63.4940,-22543,61120.7276,4953,-91940.5073,-44235,35292.5964,28743,21930.5634,91607,86881.6360,33655,-33852.0435,20009,-29639.7640,30866,-87157.2124,49372,-25204.6716
81037.9071,-35936,73559.9613,-15146,20167.6589,-68780,-84497.5035,-46421,55307.6669,-52868,-87169.6919,12368,2597.0349,75738,-30388.0475,-38194,-80778.3627,49780,-39041.0391,36761
9971,-84056.4097,-59591,-16756.5788,-26416,-1526.4780,98170,-94899.8523,-31979,-36064.5135,808,68332.0604,11841,83698.1183,98302,4640.9474,96772,62524.8252,-32569,63064.9009
51657.3107,-34247,96660.8819,-66047,-97037.6122,-86744,-35495.9784,-11710,4818.1078,93397,36312.1273,67088,-89309.2953,-60559,473.7442,78586,-9550.6244,65576,-86352.4355,56405
28976,71721.3310,-97211,27837.6019,56321,-23595.7272,45274,-73459.0973,30485,56129.2072,-46889,49391.8310,-9930,70795.6893,29532,10846.2505,-52522,-30978.2383,53426,22161.3274
-32626.9795,70786,-36840.4879,-10337,-26943.1142,-65504,51551.0800,79201,-86439.8877,-14262,-36016.0828,50865,-55352.9179,32013,-30643.7130,8535,34103.8113,59207,-35505.8766,-67393
-21192,-39510.4754,52211,35134.3937,20583,16657.9366,61567,-34179.1247,57987,25464.6317,-31213,60930.6314,15020,-32802.6075,98925,-25199.7037,9753,-22037.7010,-30166,93891.8187
84531.7518,58018,-69487.4378,41238,-14404.1302,-41496,-78805.8978,58543,67019.6660,8916,-20867.0512,-92908,45803.2458,-33155,-53549.5175,-64406,19068.3104,-23764,61506.7774,30527
-56195,13895.9918,82447,79431.3659,-87916,79923.5732,22118,-48331.0370,10910,71030.4277,45000,95967.6839,-38991,-76496.3593,-41779,-10611.0715,53213,-71309.4142,30008,-22207.3479
35340.7532,-35005,94506.4334,-94224,6060.9138,-51981,-34368.0354,7888,-94634.5390,-21167,-67282.4015,32948,25244.1316,-2476,51414.2519,41174,54991.8346,81703,9463.1602,32580
-23307,73406.7964,12348,97040.8871,-1393,44517.9181,90686,52434.3232,-2960,35818.6971,-58789,89475.7582,-13787,-85360.7746,-45890,92712.2160,6738,18229.6275,85663,-74977.8576
-65907.7996,-21523,20176.0355,18610,-18475.3593,5128,-1930.9166,57163,25328.3157,-28850,57107.8078,14847,62552.5031,-87395,56513.1758,74467,20708.2394,77847,60133.4588,87314
69081,-63089.5998,-41448,11046.8476,-13924,68354.4256,65544,-85207.5563,-35522,-6059.7995,5951,65725.4499,95182,-45913.4019,-55313,14284.7023,14003,15221.2013,39058,19655.4552
-97809.8436,51937,56917.6600,-26694,2174.0408,40599,-88254.7828,77737,-23807.5882,48454,44771.5932,17072,69476.2218,-35897,-19802.5365,21755,8809.5315,-10640,-95861.4331,-57537
-23906,-81592.2979,79695,14832.0685,-43736,89241.1245,39115,-58593.7483,26704,-89766.8669,-1964,76135.5056,73137,78697.5699,-62711,-55835.7313,81238,-82196.6592,-66352,51657.3231
-16579.7459,-70163,-81062.7934,-74831,52075.6476,90328,56040.0737,78329,28510.0467,-17461,15171.5763,69255,34359.3339,-90983,-35780.2564,-76855,-26146.7906,67055,-54219.2106,21735
96508,-67932.7396,16282,66866.4238,-38473,-92977.6531,-79564,82245.7424,23766,-69475.3891,-41963,31402.2534,49679,-33404.2441,70022,-21577.7433,-26899,-4927.1239,-72554,97039.0992
-71637.6195,-6566,36263.3168,-95488,78554.4489,-35138,61731.8111,6616,-45964.9594,-31773,-97314.5266,85191,938.3868,-97988,-27465.1538,75293,21480.6085,37834,41567.8556,-10301
67330,-57883.6978,75850,49973.8486,-3862,-55209.8373,67354,76197.1283,-39734,65593.0346,88989,6835.2429,39022,45044.1891,-10221,-78990.3337,-29425,37188.1200,-24770,89280.9411
-75203.7676,-47640,-47479.0475,-25701,-51379.6452,93111,-21534.2153,17186,-56090.7368,59734,-20187.5762,-85202,87097.1289,89478,-90349.0113,-94921,-17752.0358,-98276,-61780.3449,-77821
90734,-56189.1325,-89918,37085.3168,22837,-17725.1761,32322,53840.9874,73769,-20385.6826,17025,-17138.8511,68835,-28940.0289,81064,74667.3694,57789,-62254.0433,-3538,85019.1869
35331.6529,-8941,-45465.1734,97046,32536.6880,-58087,31817.8915,79586,-6410.6061,17048,68189.0397,17439,-56230.0303,67955,-24881.8788,-45588,-34197.0666,-20458,57178.8834,59607
96173,14967.5095,-54976,82988.0796,-23349,-79855.9082,-95428,-37942.8280,-42389,3295.5944,-5309,-99855.0682,-97330,32618.2361,42624,24373.3981,96883,-77671.3196,-84788,-30187.8908
99691.4461,30538,-50282.0200,92443,-84633.5748,586,-60761.5256,41705,-95505.7958,76862,23009.3917,-89508,-69920.0113,22324,98900.3512,91910,48734.1340,-59658,51142.3636,-69738
-41367,8906.8837,-28620,65945.1830,35851,83125.1111,-50309,-94333.3396,-12578,-99814.0476,90850,4011.5785,-42560,36877.7353,31005,30968.4809,62066,8889.0392,77364,-24783.1309
10319.9305,5122,36171.4344,-69648,-78500.1890,-59486,52961.2565,67710,86870.5672,-96891,-73507.8275,90953,54618.8265,-62326,36348.5989,23083,13029.7603,-84839,-84619.9082,63311
-75689,98333.0560,60979,-62668.7907,-17672,-40110.6322,48772,-68524.7407,-57382,96467.0781,-93255,47972.6062,-35252,-7737.6102,-5244,77139.0914,-25983,50079.7152,70566,43870.5777
49329.0513,41280,-74474.6503,-82283,68196.3513,-60986,-7333.8549,38989,-17981.1403,-33582,-72208.9710,81198,-77960.0707,-13666,42113.9068,-13603,29121.9812,68694,60959.3570,-88784
-78709,77665.7404,75219,71034.3255,43874,-87393.7337,-95941,48665.7897,1218,-54911.9258,-74958,-43631.2753,90614,-48075.0852,-76116,70425.2587,-65141,16126.1110,39870,61983.3818
-16898.7185,-61437,-67152.0043,-31598,74066.7050,33791,-30134.8168,-20841,-74396.1381,48852,2960.3079,-77957,-58915.3817,32832,54780.1780,99420,-20385.1949,-28478,4627.1539,49143
-66698,-68057.6002,61832,93147.9430,-1672,-88679.6796,-17002,-41353.2002,66169,75591.0964,96373,-14146.1195,37226,80294.2864,65280,-41921.6830,-32320,-11854.5212,52296,29540.1914
10784.8918,-54956,-7708.6756,-94151,27242.1634,96811,-29179.6192,-81224,74384.4873,26219,-79150.1139,70062,-66842.7410,32257,58053.0594,10562,1585.3659,-88678,-45184.6468,-41536
-66293,-52105.4008,46208,44098.0224,-60049,33268.9985,43265,32957.9386,18793,53668.8079,68733,34690.7413,8522,-3565.7920,-86258,77475.0070,-89159,-16327.6659,22761,52329.0524
85046.1727,-90388,-44050.3254,-87311,-48961.9003,91305,18787.5625,-59477,98610.2385,-430,6771.0285,73797,64801.6629,80953,64526.1191,94804,38312.0937,13868,-20450.1560,-41070
46416,81755.4930,-9578,14422.1878,78,-73474.0985,46722,-21056.1336,-3838,25543.7167,92075,-55334.4793,19544,-42591.9698,11656,-68006.6835,82393,-25394.3003,-45555,-58997.7365
33488.4212,-52220,-37716.1733,50343,19914.1451,73895,96918.2574,84596,-19156.0561,-19247,35010.0716,54317,57706.6066,74690,33409.2241,-62214,72947.0568,67941,95831.9202,-39613
-87472,62712.2217,36526,-22985.2241,15276,97604.5559,-26971,8847.4756,-54745,-9063.7233,-74357,-16676.5559,-46932,90093.1195,-75737,58903.7351,-60119,73200.5439,-87599,22799.5640
89865.6393,45047,81296.7873,37698,90719.2233,-6468,33785.6997,39743,-31860.3724,29113,-46042.1255,38130,96109.7784,-24436,-73102.8678,-20821,-53485.0077,-98119,90585.6527,61481
-329,-30463.7910,13508,-40512.6863,-83259,-78974.8539,-79437,-93793.1394,-17290,-2668.2257,-27361,-95846.4460,-90927,-21667.4944,-49078,-55041.8713,-83619,-96743.8683,-39112,5160.1034
29427.7854,19002,69578.3825,-25459,85904.2367,50378,37564.3612,94891,93278.3734,9661,-78650.9161,59419,-28800.8133,-46116,46342.2878,51759,63858.5210,75786,-47761.0677,62646
91313,-64969.8619,-71149,-25961.8822,-37397,97704.8857,81227,-41823.2194,80894,23819.0370,-40647,-9833.5678,-51523,91560.5866,-16132,-74150.8745,21910,81131.6865,45955,88986.7309
-73109.6983,-98962,16195.6426,-44909,-60226.2869,-60512,-13930.8299,-89694,75858.3456,-14142,88143.4904,50588,95461.1787,75929,30672.4390,-88369,-23797.2018,-17776,-95025.5741,-14076
-42697,-56069.3968,58530,-23145.4238,16633,-10991.1832,95788,76300.9012,14211,-98057.5894,-48701,60576.6369,-64832,77802.4301,-52739,-10251.9274,-84298,1971.6428,-82511,-93743.8648
92255.6834,-45434,-64675.4442,-74603,8266.8087,81137,-82776.5695,-3617,-3567.3450,-63238,-93065.5816,-98795,83317.4206,1126,-38209.8847,13122,91814.1312,-30477,-93225.0516,-36448
-79715,-61035.7274,64374,-78394.9850,-90228,-34400.2384,-62770,-52690.0317,-44674,29161.0476,52894,-61256.5702,-87047,64661.5187,-44729,-55329.3118,-22981,97423.4226,-84457,-88968.5764
57695.7123,79429,-87597.9890,-93513,-42746.9228,90124,-22778.3022,66446,87125.5038,-4289,66430.7396,-53290,70842.5904,-90492,-13734.4939,-59457,-2042.5462,-53348,-4396.3273,88844
-68539,-38024.0541,-20673,18214.1594,7554,-69781.2504,81912,37050.5023,-11750,51729.1041,63654,6227.8108,93811,98921.7032,93072,-86804.3277,19684,-385.9413,-53348,-48435.4600
-85107.0671,-29514,84962.0999,-61640,-76100.0271,-79334,-60828.9753,7978,-89807.8298,82451,57888.7182,-67198,97511.2102,-20452,99194.9087,40619,78942.1285,-41383,-43790.9110,53029
-82293,46907.7655,38412,29862.7905,-97490,76741.1458,61480,43066.4579,-3146,9663.2907,-49441,-45505.2194,-15943,-7853.3834,69415,-26403.6590,-46026,-60087.5608,-78730,-6781.5710
29041.3778,17063,-88818.0374,43157,11400.4135,-68907,79976.7731,-62987,97073.6089,-30917,92349.0287,51888,79090.2273,44424,-54715.3238,-45577,-98901.9248,-11031,66592.3334,28531
-49162,-39958.6159,76055,-80046.6193,26095,59278.7308,-18650,-52547.7474,-81479,35278.4055,-74093,25777.8053,98245,-71883.2967,-61641,-5108.3152,15068,-7155.0798,81504,17169.4829
-94717.4431,-52131,-25117.5381,-26396,-48475.5942,-59822,65229.3894,-94132,29153.9102,23758,40389.2485,-44554,6761.2245,-4183,50605.3446,18758,-62202.5047,65494,-38265.3611,-40073
-43176,-90531.2137,34917,12758.7407,-98189,-88822.1901,-74112,-86903.0189,64964,-7895.8423,91012,-20543.7528,-32833,-55243.8609,-68567,4597.5742,-44552,-40491.6011,82638,38664.8840
-96161.0574,-34651,30975.3516,84129,-88644.3042,-95268,29037.0519,-74233,53699.2922,-28751,27639.9472,-39025,77687.7556,-12907,42272.8745,-33896,-9259.2672,-57990,1662.6258,-56334
11460,-52758.4185,-63914,80975.3266,49015,68294.0083,17725,94959.7819,-15938,25332.7991,10971,-61972.4491,-89088,75445.2108,-39582,98445.7806,-66333,-88556.6417,-4496,21078.1832
-11870.3416,78151,80594.6304,-11931,20633.3389,-7830,-64639.1339,4883,98503.0456,-83962,-49244.8626,1420,1795.8666,-51189,18163.2885,-9406,12418.9110,-62129,-86400.4180,-14463
15352,-91203.7632,54407,-38842.3239,-93403,16042.6189,67770,-35990.3016,51175,86541.3023,-21171,47881.0059,-42728,-44505.8390,-51499,97011.5966,56697,94144.1685,62654,-6.4636
48322.1313,-6588,16929.7629,-99300,-38621.7239,2592,26514.9605,21318,-91803.3070,-26124,59613.3069,84929,95710.3692,94616,-96114.6622,11222,22878.3201,68561,73449.4551,-22139
19639,-9850.4692,-57541,-64525.2585,-6939,34090.9181,-5823,97209.1369,-49941,-3497.8712,96361,35752.9331,-41866,-95929.7854,-87714,-87222.3250,-19874,65211.3846,82589,-8472.4305
19323.1365,96280,33981.2656,-91315,22741.1899,-85456,34078.8729,-75401,72913.0299,-90313,-80749.4943,-75579,46586.5462,-51101,-33665.6245,-23523,-31950.6594,-76051,90881.9174,-63493
-2524,-87187.4895,-88629,-17365.4450,-63395,98783.5501,-91821,-94489.6054,-23078,20905.5096,46340,25906.3316,65632,14782.2281,64840,-26960.5898,-49601,-37814.9502,30617,3704.0116
-96222.1315,-32360,23310.8550,38184,-87397.1890,64302,-55818.9250,-78614,23610.4902,-67762,72321.4956,79809,63958.1006,63822,82785.7814,56559,-41538.1549,35535,1655.8123,-17557
-73010,50219.4405,99345,75828.2166,-9935,-7067.4785,-5225,-28463.8478,42058,-16811.0037,881,-81169.7369,-12067,91741.4725,3438,31017.8159,-20839,-88692.3066,-89550,-37470.5876
-86479.0973,-14787,8049.0719,51812,55410.9585,74618,67456.6955,-62803,94233.4884,46817,-32662.3376,-77133,719.3434,16505,51798.0091,26360,-87538.8016,-99892,81687.7045,55648
-94389,42699.9039,93503,60216.2667,-47320,-81687.0328,22800,49532.7041,29650,-81788.7073,-9096,-40334.7618,-13788,-62592.1534,-31916,38152.1281,34854,34160.2777,-78685,6653.5961
36887.9539,49956,-92840.5536,63730,-27597.7025,-15623,-61834.7914,-47798,-88051.9795,33060,-36959.5881,-81294,26693.6157,-17242,12634.5794,-83250,4175.0663,72216,34712.4733,-31430
-52868,60092.5696,-29516,-623.2868,-45215,46358.8638,81693,-3305.4202,33552,-71972.1932,45702,-56608.9834,13148,52964.7241,-35984,-58155.1469,-19150,-66106.8519,39465,-53450.9421
-49957.3910,-81205,59079.5261,-62368,-15193.8328,-28403,62008.4932,20291,87219.2208,-24302,65604.1827,20994,-43389.6912,86050,15393.8083,19810,-9116.8651,-94473,79868.8730,-82203
32374,-40151.4892,73098,-95209.4427,10960,27168.6811,-97579,-61209.1646,84685,-30536.0821,3269,77078.2968,-80841,70371.1543,-27058,-10400.5293,-10702,-75517.4057,-80211,16086.4688
84901.1992,-4112,81179.5713,-31455,28222.0052,-3798,37073.2815,-57811,-53223.3858,67384,-80377.8800,26797,86556.1233,28867,-65010.0743,84102,6670.0968,-96845,-15946.7248,14053
-20751,-72654.5403,-55740,29257.3843,-39138,-19966.0221,-36548,-42124.0869,6454,73336.6913,-56566,308.5597,-57544,-26513.5165,26044,-911.1121,77140,65502.4136,14848,12655.3319
99629.1607,36386,-30113.5074,-71418,24754.7079,-43773,-33635.5608,-7026,53188.8480,98921,-98246.1402,24172,23259.6766,13969,45082.3589,48288,-8241.8321,25606,-50958.1569,-24593
-28244,5458.0548,-32516,92154.9456,-28810,-66961.8962,-45111,-65696.6170,-31466,-26535.5495,-66530,53201.7065,66907,49827.7715,-27852,-82937.1331,-53052,29999.4488,11029,-28825.3312
-12898.1862,45614,-13561.2833,54436,-98429.6540,-29725,-52721.1301,39436,80020.8958,54314,60872.8787,26921,83558.6682,35568,66373.3201,-72293,-67137.1888,-40051,76719.8430,72329
94248,84203.9430,-89379,-11914.0149,-1298,87476.7302,2610,16905.2022,-50356,-96575.1521,90168,36855.0842,-84870,-70912.4662,92841,65614.3538,-64090,-81036.4062,88116,-11040.8342
34749.8574,34212,-32685.7365,-52451,44260.8318,-61373,47391.5941,-76048,-84522.0189,-38979,99625.8795,81057,-21921.5408,58833,11244.4618,1428,-34540.2367,73527,-89286.1234,-34939
7978,93947.7313,-36205,-83886.6420,-82439,61338.7097,23846,600.3333,-68283,-46895.0774,-65970,-78018.4343,-96663,-35135.6368,80346,-60615.0910,32351,17958.0491,89136,7208.1843
-33255.7256,-89463,70625.5217,93744,-43598.5553,-4850,-78087.2006,50910,7200.4321,-13022,73084.1515,75200,92518.1525,-32606,68227.9538,-65003,59406.5922,-19635,35971.0637,-98840
-55329,-9038.6334,41849,47455.0911,-1328,-3393.7927,-92795,48647.5317,28340,-76530.4499,216,-60567.2603,-72742,-80543.0039,-87580,79944.2416,29138,13324.5156,40229,62362.2205
34394.6655,23109,3219.9582,81124,-69793.2402,16170,90553.8878,8891,35136.9112,-30329,74304.3106,-6828,79122.2712,-17709,29881.4759,-77334,-86308.2889,-19752,97353.4048,-82962
-24886,-52675.6907,19563,-56887.5313,-37705,49945.8689,52065,45574.9234,24155,-69926.5295,-1536,72126.8612,20618,-48519.0730,-77639,88864.2625,95884,34489.3768,-76702,-75390.1293
-36190.0319,-32581,-12831.2281,84977,-47717.7475,-19996,-28211.8732,19329,-76873.9338,-52827,-41017.0702,65834,85979.5904,-78928,49629.4377,2889,57100.9802,70873,-91123.1053,30047
43994,-57038.3607,92938,-60532.5857,73458,98787.0613,33174,29839.0990,4198,78679.3462,87525,89432.7845,-12504,58280.1291,77960,-32128.6358,74901,46758.5873,-62758,25177.1095
-35332.0708,92213,-83515.5854,8924,42447.8020,-30856,-82019.9857,-54977,-59515.1412,50693,76195.6814,74865,99363.9473,-78766,-26928.7073,-77879,-26174.1462,93004,71529.6082,-69901
55542,694.9907,27975,-50482.2761,11218,-91192.2047,-31763,-72660.2396,37695,47605.4326,22435,-11835.2599,-16439,4708.6640,16411,11176.8540,-45519,54279.0644,-35026,95662.5738
-8809.0506,-59101,32988.2869,95166,-39838.6430,-403,55968.7939,-63517,14064.5150,98831,-38631.7269,19685,38377.3969,-98851,-38726.5328,21886,15753.8954,-39961,35429.1485,-17303
-54299,-56322.0866,-87201,-96352.1105,-71092,-17280.0718,-92733,-78838.2369,70782,64020.0619,88577,67460.8210,45804,54299.0050,-70384,-72383.4296,-89097,84579.5690,-94788,-17574.3090
85340.4231,30762,65157.1165,-98369,-94467.4705,-66628,46187.8703,-1119,-90699.2041,59183,-81796.0956,89458,58470.7354,64754,55552.7028,38274,58901.3591,37449,12197.8712,28066
-72792,-56251.4583,-49799,-79122.9840,62877,37291.7015,-14793,-26569.8670,52668,74488.7271,75565,-84386.3047,5550,-35175.2318,52651,-73087.6260,-51929,58844.4065,75330,92897.4493
10511.3831,-85222,-70560.8248,97968,46617.2265,-9352,-71678.9269,-85474,-79838.6083,96887,-65835.6345,17118,-69451.2610,17061,89616.1199,6449,22091.0656,2348,54163.4891,10067
99361,-75927.3598,-32439,-29782.0781,36786,36432.4878,78516,90527.3051,7510,-96641.5528,-46071,60903.7520,-9309,-73645.9361,77717,-43322.1869,98713,-18538.9093,608,42274.8520
58967.0381,92199,-3165.6190,-54618,26199.4874,13929,-79137.7163,-75200,11707.3340,-77805,75070.1190,-43416,16066.0556,47088,-78155.8822,-53191,-82737.8338,-76294,-48165.5333,-37743
82103,-22560.2906,-18188,-34955.7236,-61738,-84225.4802,75254,56990.7849,38642,58487.2775,-32986,66508.6206,13569,-25215.9058,-69859,24371.1656,-46070,48772.1811,-51417,-68742.7475
56137.5926,-86937,41032.0248,-59203,85540.0257,-28041,-38847.3995,-94286,-11035.3340,94443,-48843.9111,58004,-58219.0795,34303,82684.6146,74269,-48152.9376,-14265,60929.3917,-10822
873,-30518.9902,40558,72575.3721,5297,33783.3255,-75849,-83481.3493,97391,45697.0548,32366,-25418.2987,-82517,-45875.5701,70731,64840.3879,70167,13115.0812,-86120,-57358.9117
-31493.9376,16939,75961.7538,-99746,26147.0527,54291,95493.7857,18609,66521.6024,-74197,-86252.5923,66762,99005.8002,79865,-71978.1801,18693,-55786.1872,-41057,87119.9083,-53190
34180,34072.8961,79597,-86051.3024,2574,40040.9159,-73928,-53053.1560,-3657,20789.0394,-64456,-82346.4460,29073,-27592.8393,7568,4467.7298,-82879,-98010.5762,-51152,28738.5716
26009.0352,-47488,-32174.1802,-60225,-88997.9250,-63467,84266.6347,13398,50612.6234,-34802,-14910.8543,-54241,14888.3062,80338,87915.0605,-24413,-94528.9981,-56789,-30556.6203,36171
53775,66058.2279,46251,-55674.5550,-20945,81800.1919,50483,-79019.4966,52229,53719.6903,33554,39079.7590,58800,-96581.0058,-87868,-82919.2663,71549,23935.5665,-18793,-66518.3493
-67077.0283,75945,-12359.0230,-98797,47802.5064,10668,-71167.0022,59798,27897.6868,-71193,32341.8037,-62312,-54015.9595,59360,5271.8578,42579,-12371.5012,81149,43465.8915,39025
-68004,59033.8559,-4495,-63723.5909,7116,66294.1669,-37644,85813.7119,45135,-14871.1936,32574,-90849.6049,-15496,-10970.7417,10015,-2011.3561,48079,-73367.5153,10238,7331.3180
-44459.4047,76828,74043.5116,44853,20855.0024,-9264,-39493.8629,-49197,10530.4742,56591,-69742.7551,50154,52005.5945,36108,34904.6838,-1339,-81178.9596,7785,-19159.6895,-52093
50630,69185.0784,-85288,27704.5631,-3007,70240.9477,-4238,-40930.5052,-61954,-38130.3082,69242,75951.3059,-79069,60277.5227,47381,-94568.8471,-95959,-69924.7526,-81565,76046.7427
78181.9771,85886,19277.4913,49601,-58711.1802,11923,17671.1860,-5964,14119.0575,-90845,-12247.2038,-78876,77743.5024,38394,70797.0224,68373,-81876.1966,-24656,3844.0092,-44555
58457,3810.7501,98179,19570.4802,20047,88530.7423,29166,91907.0602,40195,-46319.5876,-86291,13660.4386,17637,79357.5230,43457,1958.7695,-9643,73387.6597,11535,36865.2419
12025.2397,58818,-52974.9574,17482,-64566.6126,36668,-7212.2493,80770,-42323.1257,-62694,22328.1501,-89868,-67389.7716,-61536,25206.8606,92328,7714.6219,75527,-92523.8871,-25702
-66760,3936.5547,3011,-13341.8143,-17035,45680.6443,-11553,31082.8628,10976,72594.1577,-89908,-22993.3264,83563,47945.9452,38804,56764.5636,39335,38850.6724,27792,73720.0327
82802.9762,56201,85236.3213,53421,91617.3008,-46185,54708.0474,-55851,5491.4349,18099,80560.9348,-93560,-15983.6960,49236,-53851.7183,4979,-31048.0604,66804,79609.2091,-27667
4209,-53415.0769,52487,78138.2254,25086,18507.2173,832,-44521.3887,66396,51867.5450,95081,-31140.7037,-35806,-74018.6912,-45163,-62369.6001,57002,-86350.3299,72339,-55827.0188
-95355.7858,-92587,-18843.9869,-21890,26114.1477,70837,14045.7872,55348,62245.9550,16755,76685.3751,-97296,19226.0661,3512,43446.6678,10161,-31387.4915,-18407,28616.7980,83942
-61901,19101.0629,-34966,42080.4285,-30730,-69548.9723,42799,-53861.0244,-48586,49933.4139,-30629,-4641.4566,-4774,66285.3991,20652,-93419.1453,82507,-80839.8652,83774,-7900.9097
-67281.1644,9818,29319.7893,10101,-66549.2213,-70778,-92323.8258,39909,42146.2633,98346,22062.6062,76441,39354.9246,-90696,-41298.7002,76485,-91997.2972,-60532,-20990.8920,45522
-4333,-48148.4904,51063,8041.7214,87439,73978.1137,-86147,-54274.1397,32566,41920.0003,-10963,-37195.3003,21503,71982.7226,18857,83900.0029,-19172,45680.1788,-96905,-48099.6727
-49480.7478,68610,-98916.5303,22167,49426.2692,21972,-83047.1063,-66532,56054.2746,60300,-67591.6584,-77742,45293.5539,-23652,-31685.2680,-66562,-72117.7841,12075,-967.1371,7972
-14365,-20744.3308,-53465,-94015.7720,-24055,94860.5363,70092,-50864.2322,-32187,55068.8103,-57740,-15171.3922,-18166,35192.0781,-40176,-60858.9473,-10059,-88593.3770,-23159,-10358.6708
-27453.8030,-35597,-25866.6370,-9849,-74400.1236,-24762,64447.2423,-25402,-24630.4350,76378,33189.6188,-28544,26022.8137,-11190,-49971.4115,-98071,71338.5329,78566,62637.2039,-42266
57034,-98871.4504,22113,45256.8717,16599,-69959.6116,-12537,-69916.3542,32824,50082.2799,-31365,73623.6723,51628,10230.4102,47671,95132.6833,-20652,99645.1071,45402,-67079.8317
-58652.5613,-23331,8983.4282,-46928,72755.7469,74090,-8296.3880,-98505,40812.7651,57609,29791.3510,56756,47664.4714,-35520,32012.3186,36300,-30391.9598,40737,-90008.2115,64979
-82067,-71941.4574,-72788,97648.9731,-7801,60209.6032,-99611,-32534.3845,3169,-36871.8758,72170,79304.7500,-30811,-67554.9271,-30541,-32326.6475,44913,38236.3817,-4830,63664.3949
50801.9020,3456,82649.4287,-16685,-8323.2067,9598,3855.4682,81330,-86380.7663,-58656,70249.9703,27350,-38791.1451,-92568,22210.2443,94607,44097.2849,72103,74379.9840,3020
-8673,53418.8836,-56602,92469.6351,17372,64082.0225,60797,-85981.1498,-15472,-1367.8940,94895,-86086.6911,84215,62542.4568,53099,-70498.7233,-63799,38975.6904,86520,-36627.6509
31900.6647,-78188,-93302.6647,-34234,40127.1694,9931,98229.9874,33759,-36499.3575,-78836,2483.8465,73195,24277.9726,-60243,-72436.2608,-75920,-6956.3941,98144,-13332.1408,55880
3864,-63599.7450,97082,-20345.1241,70721,6813.8553,-16082,39611.5037,-83392,36300.4134,-68266,46018.5716,57805,-56982.1433,-43376,14661.1163,-45588,84702.9899,64910,-76403.4591
-96076.7205,99557,63465.2224,83200,-98949.6627,50539,-26647.7792,-76927,75161.9656,-69158,-26766.2487,-76128,-3888.7380,-39498,-77303.0525,54947,67971.4493,97147,-5597.8543,-45879
-71927,-58843.0815,-74121,91225.5028,-83527,-60948.2623,-90844,-1554.9043,67443,-82601.3417,-1394,-22026.0715,29075,75592.3159,6288,-75239.5448,34628,-79487.8337,-88303,-54977.2207
-3494.9035,71932,61949.9586,-91074,-74395.5371,34120,-23186.3526,-90962,56253.5520,43822,49936.6870,-34925,-27356.3901,29854,-14349.2565,29659,41689.5031,30892,67781.8837,-18110
-68441,37452.1901,-26576,85368.2578,-98225,-79387.9613,48799,-26460.8645,55818,35139.5253,-93008,52242.0899,-36114,2356.0200,13286,-31017.6853,-68752,-7849.9732,54327,-12805.2113
-11437.2614,63531,-25704.9430,-10610,-17721.6176,13742,731.2882,30910,-54701.4532,-56342,-5432.6513,-52912,-24483.6845,-61190,-8315.9775,-74513,3182.3655,-73024,77679.4977,27336
-11422,-79556.1625,-76999,57673.8762,38929,51342.0445,-2599,-78348.4072,24710,70999.1896,25683,99871.5362,93788,-5594.1035,-90173,70954.8879,-47893,-88540.5419,94702,-47978.3584
40854.5370,-92161,87487.1109,70404,-99764.0644,-5498,49252.9798,-22498,83337.3893,-96601,56554.9647,-6439,-6468.7069,-13100,-67223.1481,27263,-82429.8664,70127,30127.2640,-48444
84195,32229.5241,40791,-22376.8599,56706,-68947.0818,-91541,14104.2030,51402,16779.3415,-44288,-10436.2765,-49500,-82964.7096,-74223,1476.7551,82243,71034.2652,-22138,32749.2317
-14792.5161,94494,-10933.5546,-57937,46125.9273,-99600,16605.2279,37510,7963.9727,-85432,-45990.0698,24093,-4448.0328,-26630,56146.4097,-25265,4249.0051,36408,9246.3279,-59330
-69925,-18072.1266,-15544,58722.0569,7306,-4343.5299,52143,79260.5757,73491,570.3927,15977,-44033.7979,-82161,13869.9607,14015,17552.4058,69719,6165.2955,-30777,34407.1294
49457.3811,56811,65872.6932,35760,-85385.5010,39723,-3611.5089,92734,-67343.2274,-34744,23986.8762,22270,67680.2405,57317,20230.4241,28874,-15492.3384,-51866,79439.8416,-89291
-99111,65153.5514,-10620,43147.5137,93483,-20645.2176,1711,76077.7852,30525,84671.9623,64715,18867.0144,85562,-9344.3931,31375,-19880.7269,-84069,99823.8870,80500,-47348.8512
87958.8302,-37452,-22206.9152,-60595,66361.3975,22401,33148.5916,-49872,-57650.0097,57250,-16588.8728,-84101,52603.5253,71355,-99768.5925,-32538,27074.6883,11173,90153.0181,-14773
-37808,63749.3632,-32343,51660.5470,-71864,-80094.2388,97392,-45235.7628,64649,-74269.7172,-63017,-98859.9202,46374,42087.2290,-12446,-81882.4913,31016,52046.1276,-10524,-60151.6979
-12066.9176,-69052,-82842.8748,7650,80588.6598,57471,-1400.1095,85988,60898.1281,-79224,-64733.1727,7790,44181.2433,-87383,-14739.7610,-16700,80195.6080,-65079,-85730.4709,-21821
-60609,13068.5080,92889,47184.2085,46100,46889.8771,79937,-86291.6244,31323,-88101.5460,-97291,71785.6940,59641,23704.4008,-44205,38113.1736,51182,40883.2689,-83945,17106.6333
5197.2941,-39245,-1208.8981,76791,-11815.6000,-66771,5955.7322,8519,25511.8977,21240,-88059.2254,-22772,95995.8532,-77982,-11350.2439,-72844,-54224.8059,56624,99817.8280,9998
35311,-33381.7940,-48539,-45951.0715,-71661,70451.1918,-80296,56356.5953,-61745,88514.3652,69694,-17582.8434,45506,-31133.0538,71638,-41581.2269,-76695,27205.3944,-77535,73715.8310
96818.7461,-45674,-55797.1759,821,60646.1826,53653,-35969.2694,-82425,-66216.4598,83523,9745.8267,47622,-54116.4135,-6966,-40136.3945,74041,-84748.6597,-13156,-31259.1077,-46204
-61308,21777.6525,84798,-51724.3333,-63016,59723.4026,61140,18008.3901,963,35014.0333,48585,-15346.0487,-37863,-6918.9024,-69845,91866.0475,-61074,-62896.1197,-87584,66072.6761
-60384.0122,-44805,-93006.1354,-36646,-80111.8056,-58240,79744.3600,-30289,-17469.0331,-21913,34398.6351,-44454,7847.2511,17937,-71631.9399,-8771,15416.3222,-4640,-271.6831,81004
-86163,-94215.2772,84521,-94367.7319,23404,4839.7316,36642,58174.2312,42798,-11935.3459,7408,38369.4021,37876,-93261.4330,19894,88203.9273,-8411,-87971.9861,49964,-19893.1914
5393.8453,-51463,-42293.1717,-16850,97724.1624,5393,-11818.9227,17982,-28316.7916,-73082,84032.6800,-52034,-29943.4128,-37905,-65699.6393,-26817,4786.7607,-52403,62296.9469,36289
25419,89199.1128,-81076,69690.8638,-59676,-32103.6377,-49652,14082.5477,-95887,13377.1449,64389,-74610.8586,-75546,-2744.4491,76020,-27054.3963,61089,48605.5167,-43418,-595.2623
-10519.6944,-41084,-94818.4621,67457,-8220.7250,-51220,37532.0114,-45661,68929.0488,-5223,-27554.0193,-19997,69645.0705,36539,-78665.3753,-23032,77807.3008,-54556,62834.7239,-65202
-59215,37313.9322,-42220,-69955.7736,-47010,20515.8312,-7337,73351.2383,-75716,77043.0434,47280,90920.9283,-32538,-6848.6626,81104,18593.3702,-64424,8152.8611,-68852,12209.4468
28718.6500,-57826,45933.3704,-88828,-10209.2909,41418,14053.7093,87842,-56275.6963,-727,-81557.4618,44368,65629.7903,28413,-48902.2208,-25555,-28807.2409,-63355,-67695.2262,-20898
-9181,-66549.7086,25463,40697.9266,63763,88874.5939,63,79715.2716,45251,53210.2336,-48718,29364.7316,-33025,-79219.5629,49348,-19612.5237,69935,98790.0030,-82421,-94311.8310
5891.8483,-75733,70109.4404,-2676,-32635.3494,-54425,-22134.4962,-74710,86993.4862,49924,54503.3308,-76084,76799.0038,17497,6088.5189,-46787,-91427.5735,88268,-77393.8805,-76501
47006,4375.4344,83860,-37524.3604,40854,33582.1901,-9672,-49505.3871,-15798,-45932.3351,-82302,50468.1838,16582,-23947.6821,-62069,-91705.2382,-26092,-80506.3004,-99084,-55877.3090
-67619.7010,85691,11725.2285,-64562,-79057.7469,-42256,23151.2948,-32690,92227.5021,-80132,4934.3111,-41974,61368.8092,32555,87857.8759,-53937,-21158.0781,-44186,67305.4232,99578
-29405,-52976.7181,-69199,-63937.7979,34335,27296.4263,-53260,24223.7996,-71561,-50919.5075,98236,34635.6134,-9230,38939.6748,-32757,40961.3611,57693,93245.8847,-18326,-45105.4968
-80393.8927,20371,-88576.2427,69884,-74763.2935,22157,28761.3551,-33908,57679.2385,-50818,-60919.4765,89543,-23649.6631,90193,-94984.9929,79116,-66518.4419,-55319,69206.8433,-25201
99787,-69624.4932,51904,55612.0304,-45011,-88103.4454,12040,11310.1676,-46541,23680.8668,-36897,56721.0913,12842,75393.8721,-44428,29697.5653,-85135,-54350.4777,44336,78498.8916
1191.5983,-21390,-84458.0069,-60494,-67834.1876,-9329,66845.9363,82065,86436.3775,-59391,79976.2876,-96605,-37337.3812,-55817,42420.2083,-9428,18393.9769,68169,-4705.5109,-40540
2982,-36355.4516,-46764,40402.6516,83746,-77568.2930,30025,-9211.0960,-2301,18646.2912,91937,87418.0435,-37892,97915.2161,29142,80101.4512,1804,28222.2875,-50496,-52442.9785
5962.1734,-62354,-70812.4052,-99808,-52212.6680,-52138,64799.4000,-17573,47791.8968,24365,-47018.1370,-17904,35676.6564,-75764,4150.9758,-47228,78085.7897,38605,98721.4298,-51360
-73684,-59394.4800,62724,3018.9164,-93969,15443.7406,98992,37459.4543,29523,-12821.1999,30607,62645.4861,64060,-21847.7146,60683,-58775.8543,-61269,-46621.4400,49934,2257.7805
-7530.8328,32505,76630.7963,20574,-71688.6725,55605,-47911.8200,-67579,21718.0854,-80497,-17117.9887,-21538,59440.1170,-48204,-53351.6901,-52376,-15254.9869,15284,-48502.1386,85476
-83193,-55998.1752,22880,-34441.2820,61952,23280.2561,-54382,64479.7423,-29583,-5588.6953,-46224,-47941.8416,98484,32573.4505,77502,-16378.3520,-10532,17433.3561,-65391,-5190.5638
-40307.7296,-62575,6421.8660,93271,30695.8830,-23004,-68600.4834,92108,66072.0520,-60990,-32433.8921,-6514,-22616.3217,-47495,-72722.2748,-36039,-332.4037,69978,64732.4496,81599
96778,-77630.1636,76772,-28631.7363,18798,19829.3130,56726,26243.8786,-90559,-724.0296,-1878,-64367.9527,-29554,-96612.0069,-35008,46926.4843,-9932,-88046.4137,80515,603.3479
26781.9659,-15410,53291.1714,-98363,-77196.7334,40202,45768.4603,48340,36380.9554,-92314,9227.7145,77981,-51820.2891,-16844,96825.7776,-49584,-68607.7227,78350,-37636.2984,2469
18413,-98438.1641,4914,90945.4783,-94946,16556.7427,38291,-50553.8349,79343,-19234.3333,-71054,61655.3621,2410,19092.9157,98270,-35808.6195,3332,7948.2722,-96197,-11935.4582
81015.4103,50808,77156.0580,-44255,-78199.8537,-81292,78239.1794,77902,-79796.5459,5113,-22799.5100,-46718,81830.4684,71979,-35172.3869,30734,9023.7581,3735,-44274.5358,51631
-54056,9310.8973,55561,-21349.7685,-43917,12021.0283,-3872,-88193.7902,73743,31005.6723,-16122,78187.2772,-21327,57714.6751,-14419,35407.1241,-72349,98238.3728,77711,45841.0943
76592.0424,-97355,-943.3826,-37460,-9691.5245,39787,-60727.7667,23528,35982.0864,99602,-85170.3046,11024,99644.0356,-98007,-19583.5293,38367,-83699.0731,41759,-37831.8969,-70127
39142,57357.6203,-18385,35590.7892,63792,37231.4569,53482,19900.2367,85892,-61547.6907,-90067,-47789.7898,42616,65636.5201,27305,88999.6782,-39320,-11197.1439,26569,87562.9974
41735.1139,67850,1918.2565,-32930,83122.3405,-19555,3526.5183,8402,-7726.2034,69742,26032.3880,-63641,-95696.8618,-33560,-81371.2467,-64354,98536.7138,15233,44889.4451,19923
36356,-25019.2843,69358,-92743.1836,-64673,-58314.3553,-22799,-55550.7328,94995,-1143.1999,-36382,-77412.2040,-63786,98585.7274,-46536,-25662.9653,-80874,32147.2202,48581,13425.7823
37667.9710,98324,20415.0995,-71789,-50344.6480,5203,-85059.7034,97110,37681.0977,92510,13059.1835,84878,-73809.0857,-20208,51207.1996,75394,-86492.7904,1416,-35072.4550,58378
-99922,7021.6112,33964,-81597.9274,-10300,47366.1800,31278,67456.4763,85116,11910.2834,-57436,-81101.7219,-32842,775.7414,-47817,-1183.6297,-56712,-96424.0143,15716,-65466.8549
76511.2468,25168,35294.9506,71870,75006.3217,-6484,-91698.1785,20212,51621.2959,72881,-92395.5880,86890,47865.1957,50907,-15514.4480,-89590,-28002.3418,222,-24817.8748,-24790
-35654,-87912.2015,42574,210.7554,-15253,-63183.4386,-59888,-84506.8848,-49295,-14355.3351,-68854,-82257.5869,-81181,-81264.8131,29328,-41763.5162,69308,-25195.1603,-74135,-49919.7417
12279.0587,85160,-52259.8987,-97628,87367.7050,30575,-72113.9693,10974,23587.8346,-37602,-58301.3670,-22480,64848.8141,34018,89005.8325,-90177,-68681.4544,-78414,-15164.0272,-82586
85677,-45391.2214,26053,-66516.1259,-86995,8274.2993,-52854,-48183.8637,-38901,50394.4608,78335,-26772.3495,-32445,96601.2946,81240,-8386.1434,-15420,68770.8527,80646,-51127.0227
-94482.8691,-19702,-46191.3216,-50989,-35968.8053,17978,-10216.0242,-78659,69546.5402,28141,-30059.4300,32799,76649.5043,96951,45035.6111,-42596,47096.9448,-30469,-81871.8133,62782
-72153,-49317.2490,-5733,27555.4438,21550,-9998.7244,80763,-46026.7678,5713,62680.5507,43969,-89304.9504,-29626,-15831.4363,-95188,46518.0118,-90894,-71362.4421,56346,67629.5906
-49123.2912,-69223,-8146.8584,19907,-91334.9488,31795,-12666.7730,-81684,31462.2176,-32033,60096.2318,61458,14296.9866,95531,-13361.3670,-3196,26339.1674,61293,-37710.6915,-24160
-84247,68669.9061,-3711,-60284.5140,-23279,-48034.2870,-32122,61284.8301,-96565,83907.7191,-77435,9443.4356,49171,-59255.9949,-71028,41989.1307,28885,50880.5416,10643,16573.7368
37243.1134,-89245,31059.7979,34971,35512.7901,99517,-72421.6857,59935,92429.3433,-2791,-98676.7815,-63910,79394.8479,19132,-1109.3253,-17351,19308.1729,83065,-82537.0902,87135
-47324,-8702.2276,33687,91578.0101,84089,59313.4900,-12673,51453.7111,-7246,83417.7116,75032,38268.6593,-61277,-93884.5423,92082,87447.9211,34669,58259.6497,-2545,31610.6718
69741.8132,5559,-34518.9193,-49373,60918.3774,20382,28627.8089,-50826,-32007.1150,-12932,95858.1334,-42649,-41495.4098,-39638,61565.4283,56167,69759.9536,42907,-37963.0829,-53065
-90987,-53157.6800,35544,12021.1359,-84584,99280.5697,-96040,37872.9337,50123,61283.7285,-16383,-13836.8824,-7195,3754.3971,72193,97821.9740,-21402,-15131.5394,27669,-61882.6609
6239.3185,22701,-2609.4721,-80936,-84747.4715,35490,-9652.4562,-24794,-58672.9502,28911,-65448.5489,-26888,-42474.3413,25095,-55783.3161,85814,23399.8189,4248,35676.8563,93637
-59651,-58944.4919,62913,-30356.2717,-61461,-29916.6451,-71323,-24203.9756,-35649,52582.8184,-67394,66116.3870,94025,-67374.0264,-35672,67250.6465,93807,-13808.1855,88474,-49582.1867
-39290.3052,48281,10742.8977,-50311,83770.6853,-33163,91419.5215,22083,-54221.7091,-38431,22871.3965,-55462,37821.3475,-79728,52708.8809,433,-53447.4650,-65831,-74553.7182,62960
76103,87229.1213,-51656,-70089.2528,-54744,25718.5249,38791,78008.1481,74352,37292.6902,64241,37228.6846,-51702,40043.1968,25955,-24894.2795,-12097,-86909.2743,-45710,-12817.6520
-6634.8225,-22854,51564.6312,46906,-13766.8535,93472,-91981.2958,40782,-61332.7742,-18912,44831.8867,47439,-17083.9791,-82290,15521.8369,-9080,85082.4987,-16734,33422.4949,75506
-60277,-12379.1944,-25934,99548.6883,-80808,-99598.7755,26217,-85190.9192,60600,18948.8211,3474,56803.1663,-28970,82980.1432,-96025,-35682.9281,-46776,-99008.7494,27583,21905.2965
67526.6064,-66004,19083.4580,11200,61529.3197,-70702,-27339.2483,23298,41844.8453,-32422,81222.0271,63512,46841.9905,74953,39061.1260,-704,29149.2454,-33963,63728.9758,-69138
-52731,-66114.4738,3426,-6677.2522,-41472,37875.7026,35483,-79791.4730,-58817,87067.1152,89968,-1805.5019,-33022,-11999.9812,-48977,-47451.2773,17513,-13588.3189,-7036,72549.1386
-10666.3069,-30370,2188.3538,39545,92353.9245,76983,22391.8073,83008,70093.4015,67680,-29920.4246,-362,-74074.5937,59930,-54601.8423,-98717,5524.2232,33015,-69812.3124,21189
-78883,-93412.8236,31895,-55428.4518,92177,7313.9156,71756,4487.8537,-30500,40867.8666,40255,89250.8344,24897,-67519.0550,45510,-84850.0186,-62673,-46878.5576,89763,4908.9481
37869.3919,-53732,10458.6987,-31897,31098.4640,-91,-6537.1156,-69585,-49961.9625,14015,-91263.3833,-1590,33754.8307,23079,-94082.7726,-30571,91341.6784,-24103,-22675.9088,3530
-83141,-95000.6560,96329,-73256.9327,-37813,-34839.2296,-66137,21202.1879,53661,-88015.8468,-19343,52626.1443,77622,94860.0920,-34251,-4729.0601,-79215,-59384.6229,29420,75524.8017
95304.4844,-95260,-98211.2563,-55877,95751.8673,14719,-17143.1584,-68735,45389.4087,84349,-2132.4794,-90948,-55493.4184,-90002,-63366.6270,36962,25670.9245,69467,-42574.4221,56133
56888,-16233.4315,4817,-21468.7986,43831,-43430.2334,41531,23071.9696,41680,-89312.0611,-87624,32702.4617,51437,-46274.3133,-88555,65542.7793,-95070,-31812.5378,59351,25837.1838
80347.5580,82606,-48626.1468,99297,53895.5058,470,69848.4951,65428,50558.4598,97454,-85514.2255,25703,-24113.2112,-17028,39491.5134,-27644,47008.1611,-93537,70755.1895,61714
-46968,40052.2146,98955,85626.2260,56392,63948.5450,7342,85619.0808,73275,46235.6105,-7175,75843.7050,-71025,41946.3879,-78160,22239.9176,73803,11282.9923,24977,33557.5664
14633.9683,62365,23906.7907,-44435,81676.4592,57046,-23545.9332,-43602,-25203.7373,44733,-28303.5774,62388,3121.0583,88898,-20291.4375,-8751,-28093.5911,-38007,-5727.3049,92682
-91331,22651.8026,-4947,-19825.4900,-70417,-39134.1233,-16948,-34158.2658,99294,-19148.0533,-15751,-95567.6384,-93380,11414.3688,58585,-77660.7494,-67974,-60217.6132,-78493,69437.0943
5105.6789,65704,-18811.7229,-558,-77939.8569,-22691,-24628.1938,-10304,-38926.5631,-35305,-19051.9411,-38562,22845.7176,36546,73901.3180,-2563,93943.9398,77428,76084.2347,58118
87376,-9739.8015,88410,83177.8571,95975,-57856.3316,83554,-93817.4145,-89271,-22137.6450,-28350,-55084.7507,61821,68547.6361,-53092,42729.1250,-39514,-9594.0286,42770,31575.4990
16754.5246,-37881,65942.8226,-42571,52247.3026,-54777,49508.3196,-15513,65089.3001,-46517,-13903.8026,49503,52800.8014,52895,86328.7649,55692,-77872.6354,-11297,83802.2150,83862
47039,60602.1307,-90333,-17633.1425,-39079,21998.2202,-8644,-66041.1021,-30719,72236.4202,96885,-86479.6316,42930,73712.2817,-13551,17563.7888,3008,-97938.6786,-25902,5456.2435
-194.4644,-65993,3002.7290,16076,-7200.9157,35511,16719.6396,9151,53748.4337,15310,7283.9219,45689,17704.1253,-52337,15383.5952,-57420,5699.7884,-75142,-34668.5101,-92308
6326,85561.3867,3832,-21679.2076,-38754,-56843.1613,57950,-90686.1007,94257,2410.6349,31273,83305.8025,-72578,27461.1381,-19798,24503.4391,62651,80484.4622,97314,29344.7934
-77031.2171,-3987,78003.3249,-72515,92225.7883,-25805,16653.5389,-62860,-98289.2870,26846,-29646.9323,1179,90093.8432,-2729,-13746.2128,82068,-37856.0953,-67674,-82013.3624,-12650
-45275,47012.2443,-31828,-62340.8249,44867,-62099.5169,-80109,-47332.7717,-31235,-39483.3425,-2572,25939.1052,-54856,-67035.1486,-30028,33810.8745,86286,90278.0307,86689,3101.8513
74330.9344,-90378,91019.5531,29868,47638.7658,60902,-35595.6560,47296,-48045.8924,51053,-60607.1330,49531,79560.3831,-38487,-27503.4388,-3472,52748.5106,-91903,78081.6327,90423
-1818,4598.4539,66430,-51032.9615,-74359,-305.7359,70410,-24411.6066,4443,95704.5339,54428,-46663.7835,51445,-2577.7849,-15558,32530.8288,7857,28714.6045,-3213,64776.4937
33808.2193,-25426,-38575.4990,-82849,8541.8706,-76487,2118.4546,-36403,-15313.1744,62684,-79647.5563,15941,87226.3496,-54203,55741.5381,-51057,49900.2379,-46141,-12418.6498,-49239
97007,27051.3404,-84068,14272.9028,64724,37935.3063,-91665,78796.4060,57084,-31427.2313,-59051,-30699.3495,23671,45704.3588,67495,-84925.6056,-42979,88131.8035,-18843,67567.0801
50776.2846,-56286,15498.9194,-59856,92157.3083,-7937,-83167.7254,20605,-67764.6412,-89284,4855.6468,58557,92134.4076,25710,-94351.9622,94109,97819.6857,-85533,17599.6432,40963
-37167,-19664.0366,-4045,55970.5489,53008,59598.9640,-3954,-53225.5898,-85944,29226.1826,-59252,-86183.1572,-28607,-49334.7436,-47373,-14051.7521,34332,3187.6818,58492,-68662.7655
-11247.9589,-11685,-55931.9318,-46920,-95035.5061,-41045,-24223.7795,84243,72717.0278,52140,68334.9266,57371,86388.4534,-1981,12937.5037,-24456,-6743.2019,60621,-67057.5684,19425
29460,-22805.4614,-29404,61751.8808,-28977,39050.9172,65141,-34084.1285,-96786,98581.2876,-32750,262.1188,-96367,-40756.5638,35204,-12800.0451,-32127,71779.1048,98196,27087.2580
78202.4665,66651,-82892.2166,40598,28308.3253,-93132,62045.0265,86011,8548.1955,87396,-95235.0069,93057,90149.0200,-43160,44790.9552,64836,-71169.8624,-25783,-38145.5482,32460
97589,-21153.7837,-74916,-57335.2477,-12804,-88453.2265,-22556,97635.1916,49437,-59700.6779,50112,-87146.0066,87173,67721.6046,-94101,17349.8502,-47848,3699.6156,-74092,-31779.0979
-60028.8872,60298,58966.8067,-76555,39793.7849,-36055,-34712.5122,25265,-37788.8480,83144,69326.4651,-63533,-96722.2372,3905,94208.1204,93180,6926.4250,69187,-43320.7089,5197
-11506,-19888.6390,49723,-40721.1441,10128,31090.9497,-62477,7.1084,78053,15394.3311,84079,20665.9815,67915,32465.5906,-30674,86038.9443,-5282,503.4770,-64641,-37567.0417
-2735.2437,33428,-88916.0690,29956,38851.4976,-34766,78003.3979,-80217,-55621.7747,-31565,-29875.3754,64840,-71264.9514,87306,-28584.7312,12763,-35547.3880,-6467,-89551.4520,-36223
-72868,-97058.1327,-68911,-35153.9702,25950,57195.9472,68805,-86883.2570,94232,72788.0257,-10720,-7982.7348,-99148,75723.3592,-82844,12156.1626,-12083,-36957.6833,-82081,12609.3573
-56297.3895,4798,-3352.2726,-6774,63030.9937,-30486,-57614.5872,84464,6586.4753,-26559,-65351.4015,1730,-35154.6195,45284,72809.5713,21527,-60563.4864,-45749,3908.7847,-41210
37418,69004.2848,-60768,-70259.9461,-41712,87784.7288,-62050,19619.0714,-10133,-83962.8215,-59552,29916.0436,31469,-8571.8557,-88589,94413.3917,19556,55264.7763,63622,-22330.5156
2689.6696,-73412,91537.0285,23373,96425.0061,60996,-46122.7446,-10229,46537.7366,-43664,-48204.9665,-1805,52709.9987,-59950,-58664.6103,-89416,35855.4874,-68822,50382.4916,52163
35226,-90703.9950,20221,-86984.0429,65137,-42979.9691,-64961,95254.9501,11316,-190.6126,-37969,49983.8162,-66150,74161.7323,10466,-52997.8407,43721,12873.0234,-81212,-68340.8542
23053.0747,-44937,62499.1365,-43983,-93963.5883,-17006,-74995.9316,80728,83858.0974,95360,-49743.2095,25773,31147.3844,83300,18631.7925,-12912,322.2611,-30678,-92594.7710,78079
-43440,27211.0451,51295,53225.9734,27544,-10710.5783,75179,78396.8775,32421,-14170.2240,-61586,61758.5322,41347,91450.2675,-33891,91339.1178,61608,-94593.1452,89057,-61309.5227
50588.2303,-68291,71521.2585,55980,20952.3699,65390,-39461.9708,-45930,44533.8018,54999,38784.6147,-84122,99070.3718,77498,-41717.3926,-32444,37646.7071,45391,92555.6171,61712
-14863,-99528.2773,37135,79276.8288,82128,-32188.7170,-7746,-61990.8672,21989,8540.9013,-89477,-51726.2539,42207,87825.5246,-89152,76295.9106,-69912,10838.8858,-20302,-84299.8751
2941.3442,58443,-96983.5990,41140,-66741.8001,65182,-2671.4495,-6958,83403.5875,-76279,-601.5314,1134,-21474.3837,-47874,88469.9766,-84105,-17147.7390,41223,-32696.5794,76666
74691,-96418.0805,88400,34009.1909,-16851,4407.6530,94455,-94140.1512,-47971,-79029.6133,-12991,9185.9227,20898,58146.3179,-74956,25895.5726,97212,-29367.0183,-29685,-42640.5982
-8788.9049,-5419,32132.2472,87903,-91761.6362,-92960,-35511.1431,88129,43011.4667,3880,97724.3084,-33702,-70082.7127,54241,-96934.9296,-39899,20312.5297,46355,-38584.5160,28855
93394,51975.0613,-46021,74132.7154,-20344,92831.6110,37503,7228.5212,31518,-50577.4893,68550,-21186.8312,-9413,26812.1455,67453,-74851.2084,-95532,-97365.5832,51355,6212.6980
-64066.3451,59043,-58982.6856,-63800,-85027.6492,54420,94290.4310,70717,-22585.0095,-93078,17899.2090,-25541,-16607.8942,43788,37402.3769,-11102,-53388.3590,-49892,-76284.3557,59941
-7340,78521.6854,78703,-36160.8140,-94291,-26630.6174,78723,35156.9102,25989,-29232.0253,-71941,89167.5408,-53344,63489.3552,70384,35447.2294,-85281,30787.5498,-72470,42099.0077
20550.9762,43892,3771.7482,-119,-68422.1813,81700,-85269.3828,-32495,49656.9368,87279,-67275.3541,42378,-9194.2102,-30058,-53022.7707,-71823,79840.9419,74037,83396.8663,-36595
22537,22811.7813,15842,-2818.5127,-12202,87181.7904,59862,-43574.4875,-10218,34494.3697,9052,44487.6229,-14580,-20468.2718,-548,64977.3876,-70273,95844.5010,67537,-30545.1125
18901.7601,26558,-94336.9101,-80057,-42266.6969,-25000,-63354.0671,-3710,60891.8281,-32395,9201.5586,-11799,89466.0592,-58059,-46314.4806,3314,-21928.0057,-90450,56708.2476,-84233
24112,69517.8058,8419,13656.6286,-55783,72437.6523,-94567,2360.3631,-16876,-32590.4769,72707,49785.4095,-42290,20854.8314,-22947,-74104.6127,12630,-19140.0006,-56617,9426.6228
-40195.0008,43928,-41700.7008,42298,32503.9865,-1849,-11160.0461,-23691,84053.7667,30438,96984.1764,62979,45844.5952,3818,41802.8726,33088,35730.4784,14203,10439.5254,-62414
-91559,-15843.4726,-67953,-69827.4338,-21901,14410.5348,-34537,1606.2302,-46005,89821.6213,84423,-49910.1876,65854,79249.9283,-5123,-75574.7357,-95466,-8380.6757,-16167,-33355.5924
-11856.7109,76517,62122.2225,40494,17866.0717,44954,-55931.3134,-66165,-63301.9800,25155,29683.5250,-42040,94001.1039,15631,-17759.6361,88215,-23154.8972,9110,13888.1878,10076
-13939,78957.8973,82410,-22782.0147,6400,7339.0503,-59472,68941.2900,-9265,55135.2034,72589,75711.4423,-89793,-68460.2789,70753,14566.8614,64377,71732.7043,-95269,49922.3438
-82274.1945,50628,11196.8414,40972,91317.0606,-93151,-81256.6992,-87287,-86870.1733,83812,23251.7381,-73226,-36047.7519,73496,-23775.8892,6618,54540.3006,-92529,42680.9263,-61261
26949,30760.0372,-88059,40140.1572,73273,38362.0607,-89980,-38380.3956,56949,-73569.2164,-65572,34542.4856,-201,9038.2287,82269,-10665.2688,42154,32112.1909,22456,77278.5169
59174.6951,49265,-63718.7048,61167,5648.3738,79017,-27929.1905,18232,-63916.4242,-76467,90624.2161,78786,94053.2665,-44244,6560.7805,49215,-48356.6503,39176,-45231.6882,-12441
73452,-19282.4704,-1257,1381.6773,70674,-3359.1310,-12338,99826.7687,20656,-53228.0589,-83369,53996.3679,-39334,50116.8125,-22717,56676.5316,77513,-7666.4800,-63883,-67933.1244
95897.7106,-82959,8703.0578,26023,47792.7149,30717,-55621.9434,605,-56307.2500,52393,-65605.6760,-94143,-68433.7670,22810,-7829.3886,15768,-46883.3912,58844,-28519.6719,49420
-14161,-76894.3396,-72893,85360.0811,16476,93392.6606,22455,-72811.5993,55537,-81162.1521,-39829,71504.8683,-5564,-6267.3195,-61410,72247.8310,18246,-40780.2389,4698,18693.5328
-48746.2069,-78882,-76197.6214,-16454,-99610.2764,9261,-77080.0219,10216,-56131.6935,-97476,86879.2507,33277,87975.4418,10348,-8948.1548,67228,7783.4794,-15786,73484.3851,-39284
-36863,75474.0970,-45379,-5757.3563,-60481,16393.3069,52469,25702.3837,-83066,66548.0020,-78694,70843.6608,-85904,-15397.0143,83004,-73015.4753,93419,-67755.9653,-27252,91935.4923
61243.7293,76217,63288.4275,-78431,36091.5558,-53697,78734.2203,77296,85642.0196,-3349,67655.7120,-60880,-78607.7836,-94274,-52364.2137,71106,-38177.8993,88947,6780.6728,79618
-23837,-96451.2259,-70690,-47839.0097,-67531,-76115.4675,-25999,43397.4446,41983,69992.0403,-58705,-2203.6636,-95854,-91562.7025,-26649,36548.6890,14414,12057.4722,-70276,88658.4590
82613.7966,96797,65562.8951,-43182,62522.6389,85440,-97367.4509,-55010,-41608.0531,16314,36221.3775,80961,-14789.3356,27786,-42352.5650,62621,-1585.2376,-50163,40353.1130,-76414
15211,-80759.0988,-6319,40152.8075,-63147,69335.5957,-27183,26889.2789,88689,73378.5586,-47697,82431.8062,53695,-45602.5030,-81738,5142.1118,-88313,-97592.0489,-25190,48127.5593
-1658.8538,69659,-42792.5817,7664,-79075.3499,66928,-33802.7188,95221,-79265.0068,13272,46420.2756,36016,-90841.3560,25497,75902.9903,58310,88193.1388,77752,71082.7662,2136
51615,-10882.8770,28672,77370.2954,52444,72432.6779,-79616,7809.9466,17319,74661.5493,5268,35357.0494,58291,88669.5904,-61306,37492.3841,-67806,-88179.6989,30684,-20715.7969
-15019.4676,72061,33725.3477,17090,97621.1928,71622,-80922.6625,-42067,68731.9377,17466,-27506.8217,66373,12717.2548,36447,96941.2829,31911,-90799.6224,-607,37459.0002,31137
90711,-6417.1841,-99599,65970.2968,86886,-42709.1279,-81285,8232.5449,69647,-70119.5839,-93294,93145.6496,23903,-13220.8755,81108,40801.1479,58123,-70023.1109,-38662,-19288.6913
-11063.8883,-73721,-448.5382,22380,-21518.8052,-14676,-97238.8109,73975,20644.4114,46348,86682.6804,-87393,97669.2223,-13935,47832.2521,-54383,94439.4826,-76057,-73993.8673,47271
-48888,88196.8720,-40818,2366.9771,75045,72977.0021,-44383,57038.3016,54566,37523.1001,68621,17483.4724,51458,32210.1799,-39032,24091.6233,-53502,11406.3178,-57603,43878.2661
-68444.8408,59265,56810.6161,15553,-3516.7346,-3273,-82177.9877,-98280,83042.2380,10560,-18759.7526,55644,48351.5546,61726,-52946.3823,-67526,-77467.9108,15447,-31633.6770,-44488
-59340,-79045.1488,-23478,33565.3127,62406,-11016.0149,78305,94311.6853,83372,45630.7931,-78774,51820.2886,52389,-28326.6327,-46945,20098.1348,62296,-64243.6090,12450,16867.6107
-45296.9332,75248,-95207.3386,77387,42820.5087,80977,-90160.3134,-87981,-37930.0756,-23502,59217.1796,-8499,58279.7262,11455,98475.7120,-31020,-96696.6395,-65092,-64836.6793,-53704
-2202,98449.5010,-93665,-98922.2028,87517,-22404.3410,45954,58094.8857,65893,-28502.8597,35300,-12712.4705,-99004,50410.5718,-74430,-65885.3765,92121,72333.5885,78154,-75402.8684
-46645.4022,-62262,-75850.2673,-33369,-64783.6967,89732,-9583.7399,-86837,-81768.5660,-68221,-29235.7473,-24293,-36400.2052,19854,-64935.9966,68287,-55146.7651,98549,12965.8004,97236
-80005,63603.5321,-11681,24374.4484,90478,49644.1132,95086,-83709.2276,-37006,2220.4692,59895,57137.2262,-96638,-89698.6568,-29553,-79233.1493,82787,57499.3870,-76984,-15618.1589
-98319.3773,-83954,-46211.2234,-72854,97386.4845,-72365,40164.1172,79315,-22651.0126,80782,-5370.0357,19629,-95909.6326,-55696,61729.3192,64174,88088.6607,-52368,79634.0484,-94259
35326,2322.6047,-46956,-74876.2447,1283,-34354.0834,-80066,-66870.3826,-17285,18130.5834,34668,-25714.1013,9374,-55088.3336,68628,18397.4516,-49635,-34534.8695,-29895,-94914.0368
-17163.3925,43732,34117.3388,-90797,-24813.2467,82608,-24413.4957,36125,-85220.5810,39643,-32471.1930,36872,-32094.0158,65040,-17349.1973,-89637,23773.2208,-59312,-73585.9925,58483
-70178,-8450.1660,-24169,-845.7994,-99428,67465.4417,3502,96210.3627,94460,-67200.7558,-2382,-48491.1216,-31624,28262.2950,62955,19862.5218,-64903,-65560.2998,34257,48164.3473
-19287.0423,88978,-56259.1679,-56826,-18576.1211,-41846,49189.2829,-62229,72529.4704,-9248,-49002.4208,-74086,-63953.9218,6179,84284.1976,96326,-12763.9701,99321,95368.2273,93983
91222,-69559.6589,-58807,-91120.4991,23195,-59955.2727,9546,-84424.8941,44893,4746.4332,-70760,12604.1874,49509,-96273.8900,60605,32164.0487,-56775,56967.7062,-17135,59810.1438
-37191.2994,96345,28658.8207,93583,-26012.9987,-73058,6749.9614,-69436,81522.7049,-90198,-81253.9347,75158,-96173.8674,38923,-1270.5108,3829,-66864.0956,-96331,26305.0301,-41455
5010,-37763.6973,85571,85841.3468,1668,-81094.9119,-72271,58581.4404,-82028,-37612.0141,47540,82432.3906,62449,74957.4570,15661,74542.4846,4271,-4768.8525,908,64060.1318
-86515.9905,-27809,74240.1635,85518,18410.0178,-57145,97435.7328,32095,44099.7327,-21038,15028.8589,-69337,-15787.7736,-8314,-20178.2651,61779,38759.7098,35318,46815.9637,79631
71747,13153.0529,-86415,-2186.7281,64279,16612.7114,56195,-88487.7303,-68061,45946.5279,-23015,82294.7334,-72536,48664.5612,37880,-29927.1522,38052,-16033.6696,-14078,97563.8028
-3570.2242,-83980,-79181.5448,69502,-23979.5900,36077,36788.6897,-23225,-38811.0428,9959,-30908.1466,54896,1723.0816,8608,81198.9441,31342,76108.6425,48103,63133.3292,986
158,4920.5613,952,78702.3102,-4494,29845.0959,23252,-32840.6066,-38126,-21569.8271,72320,7973.3111,7274,93312.8254,36239,-3763.4781,-14970,-5011.4062,54112,28274.3458
-81781.5066,-5101,-15283.1467,66067,-7845.1151,-83888,60895.6450,-41292,-88963.6560,39748,-13929.1635,-44433,-66242.7334,-68579,-5503.7498,19081,-14584.1106,21195,-51654.5630,9368
-29930,20105.3026,-75718,-73104.0295,34452,11985.2092,90337,-39627.4528,-83785,55467.1539,-72880,77994.0581,-24885,-13084.2397,-18188,-69988.4517,-75363,55235.5270,75459,60117.5392
-21427.4643,88542,38848.6674,8400,56160.9680,50667,72213.5038,65413,86173.4254,88816,-94638.5935,63222,-27057.4039,89621,-43664.6131,-50070,-90711.0859,-12274,98945.7068,49441
-24852,-31288.6782,21953,65238.5507,-82848,21752.6726,-82462,93300.3524,-88583,-69170.3888,71031,97405.1003,15888,9465.9037,50987,-58080.1614,-75377,59988.5805,-16101,6914.9018
39552.2997,-27954,-24175.6416,72024,40485.5530,54481,-32276.8574,-78649,51850.5734,55269,-37360.6176,-36420,-22667.9857,-78586,-16392.8345,16429,18130.0175,32885,46829.5185,-49912
58155,69745.4080,5721,38987.8992,-79886,34691.3359,75414,97451.6820,85086,16282.6239,-53651,64716.9391,-64779,20235.6741,-28111,39699.1356,34683,-21474.4452,6697,45681.1378
76059.3177,-30161,-71823.2199,6463,81569.2764,-45820,18002.0821,20003,64611.5860,-95723,-64078.2550,78518,-27696.3168,-86456,14155.0824,-10779,19069.5483,64873,18517.6440,-95840
16589,-62545.3331,88037,82101.9719,51970,26836.4840,38224,2180.2325,-8097,-29374.5410,2950,11614.8211,-9807,-40647.0203,38865,-21447.3909,-27519,-49820.6547,92704,47964.4295
-10057.4470,-21124,-58354.9137,-61044,86061.0509,-60045,19371.9828,67763,14156.0813,84694,-34906.8002,-71590,13955.4599,-8094,8063.1368,-97098,17794.8877,-78418,3328.0647,-96256
22946,-87302.3389,64137,-1375.2951,32448,-6569.2213,14730,74675.1807,50411,-27560.4822,-51745,-21477.8446,-99673,83031.4938,12716,-60867.9936,22031,-44490.9719,-4252,-38021.8959
24148.3661,-21878,-71420.6046,89011,88455.4333,63700,95499.4691,35988,25328.5003,-87250,36735.3359,-83180,19665.3299,-43066,-98556.8309,-29943,3278.7802,35626,71879.8775,95253
10299,-70827.3278,-1305,-27929.9420,5731,-76904.5780,89838,47869.3226,-36783,-39712.2781,-67590,-35478.9046,-68294,7110.8750,-61814,-22595.0469,13399,-93980.6616,16875,91079.6752
48659.5488,75064,97067.1746,-96312,72892.6966,36235,-61104.8914,-71397,-46953.0629,-59075,82674.9729,-74448,-62897.2677,7032,-16708.8690,75194,28267.1882,67324,18087.7552,80703
-87905,55969.4643,-62393,-43365.1594,-14833,18686.9405,-15536,89838.7733,-34279,-87041.3286,-52991,45327.1815,-53851,-22315.9018,80467,-26144.6211,85928,74978.8779,34154,-63370.6915
-31555.8873,94595,49919.3062,-2666,62140.2959,83061,97726.2790,-38035,75842.9593,41879,32473.5641,-79778,26608.4438,91163,96622.8194,67079,-496.0654,76599,71990.8979,7166
86213,81630.4118,-29013,-34626.9879,82067,-1168.2976,37928,-54135.7658,97147,-72466.2894,-8276,14076.7036,88837,49893.0694,-49856,-82516.4617,-63302,63408.4465,37461,73908.1052
98720.9398,1042,-56043.8672,77122,47581.1123,54403,38883.4993,-24064,15611.2717,89537,-45439.1237,-16732,71762.7809,-58533,81383.2643,76811,-24996.4763,-85631,63993.7634,-52569
93134,-61656.2536,-2370,66459.9073,-61534,85395.4820,-7332,-48119.2994,43094,-494.6011,7281,-539.8381,-69494,72982.2700,-44478,43377.7749,88008,33111.2080,16677,-45654.8041
41701.5334,-59841,83009.8589,96975,54755.3208,78148,-33117.4800,-61751,-23386.9508,90343,79298.3277,39456,-43220.6383,2170,74677.1979,93968,-8484.3859,12044,58951.6756,94329
39911,73501.4004,51332,98287.9489,-15175,-25884.4863,-67308,87878.7922,88647,25615.0711,1993,-17227.4593,31082,14187.0963,-64868,-18699.5964,-65748,-52435.5389,17698,-94255.1814
84689.3687,-26304,26582.3329,-88557,-18489.7803,14875,-86561.0329,97602,-72744.4496,-27074,67203.5019,15979,-96883.4914,-99217,-53805.1573,85643,-66178.8989,-52885,-46044.1487,50036
-11247,-28538.1609,68565,-1290.3721,34710,-49368.1721,25469,96533.3466,-71305,19128.0375,-78705,40225.8461,8888,41661.4608,-69644,-92968.6885,-62734,22448.8580,-73713,-6616.6237
23739.1074,4683,15811.7535,21844,-78045.7541,-58750,-60400.8787,-10091,-56393.4294,-49358,-93188.8394,72497,82133.4885,40407,-16955.7955,88083,-89216.0777,-21042,-7499.2088,-50910
-73654,-46751.1301,-80074,99100.0400,20187,-30590.3763,-41595,-11751.9564,10835,-21880.4207,64802,-7588.9833,-8582,51311.6182,5370,-90029.4190,48273,14212.6362,-78646,-99526.3209
61230.0436,-29915,-91146.8528,8557,-62811.5432,36641,-98568.9418,-12874,-431.1917,63169,-53345.1231,-11140,44240.1017,22765,-20289.3158,-17500,77947.4265,33755,-31755.0195,45001
-70094,71674.2868,-87875,65901.0237,-63663,-17396.1854,46236,79913.2465,-74608,-15817.0678,83945,13562.9143,-29048,-44289.1942,-4511,-44109.8937,-79381,8518.9895,21990,-44462.0787
47077.2061,-66064,-53407.5175,1301,62687.9408,62810,-78018.1322,93457,31005.3439,18608,95945.3724,85592,49187.1266,-36929,63130.4649,-71205,34825.2792,31718,38025.0361,95184
21383,-24354.9955,4373,-5373.5825,-38778,-82037.7097,90433,-68864.5136,-6213,39080.4471,9714,69002.4796,-42703,87338.9031,-84319,-503.9803,54119,-79881.3876,-65116,-10124.0522
-29896.3946,-32481,58454.5476,21299,-75364.6241,-77475,-36369.8953,70206,-39730.1640,25695,-44630.0323,-75613,-53169.8503,53964,-80490.7202,-35837,-1515.8670,-51850,59780.7043,84423
-25970,-90593.5508,54085,-93397.5247,17104,-36166.5278,769,-58628.1898,33765,-10653.3613,68292,-77510.8389,71076,-80883.9560,-90710,-19768.5080,43378,-58996.5686,-10848,46613.1675
-34182.0392,-32843,67393.5402,-78481,-11831.7166,71232,-90731.3972,-97731,-37596.6305,26962,-39991.6965,41443,39258.2585,-3941,8942.1688,-93409,-86844.9104,2477,-68818.9715,-74465
20988,47633.8854,50535,46299.6497,54644,37028.9394,-82599,-71978.5180,37333,823.3679,-90193,-54016.5983,-82093,-707.5062,7054,47587.4200,60480,-8514.2396,-67704,-14138.9687
22582.3733,89835,94554.7900,-5270,-80118.9882,56948,-20278.9362,-25985,-3987.1301,-86473,14681.0704,51911,15822.2209,-65342,-2264.6717,-49323,59484.6409,-49811,20737.0075,-62974
12884,-8249.2236,29359,36751.5934,-85755,2601.7292,84971,65364.2680,40739,-98490.3531,-71176,87301.2227,-58937,98133.3881,-3410,-15937.9988,90712,-32480.5410,-89198,-14707.2644
56134.3525,-89916,5227.3515,-47156,32004.4460,-36853,91749.7148,-81021,19105.8409,-59980,-43419.6848,-86248,87316.4814,-16239,-74556.9422,43884,-75518.6445,33267,-20807.3606,-23467
-81267,5516.4756,-94740,7624.3666,12456,-47938.0369,81379,-14737.9926,27528,47380.9042,48943,65365.7595,-79684,91393.0665,-3338,6880.9941,33793,-33597.8745,24499,-5776.0665
70589.5319,-47198,62029.4571,56774,96204.3654,57289,20833.8720,-44489,2432.4758,-62072,28106.7069,-68313,-47102.9713,33077,-90711.4326,30367,-9484.0777,-75245,17368.5561,-55029
-46996,76740.8854,39526,28961.9519,-76962,-33519.8501,65338,-63028.0494,73024,-20415.5255,47362,-71855.9333,-43359,-24079.0633,2512,-49675.5376,-54611,-83371.3269,-96351,-13069.5683
95076.5212,94643,41772.4465,27621,89068.7331,66005,-47474.7647,-80204,95772.8921,44377,23856.8171,-28260,5495.2962,-96205,-79974.2909,-94623,-41246.6551,-89039,30126.3187,3805
64862,-61039.1640,94067,50009.0327,79955,-7983.8794,463,-15733.0368,-30476,-43644.2605,-78950,-2748.0818,80811,59621.6184,-56182,74855.7587,84879,89252.3058,-66956,-45684.7504
-71336.7149,-22942,11764.3542,-40150,-99366.4525,-46707,-86538.3378,1005,34038.5010,-75102,60926.1912,-7082,6765.3693,-90496,-12942.5771,2790,79817.6979,-86629,83770.7653,-93551
9357,91740.1990,95080,-42709.7583,-34400,-28970.8795,95767,-17819.3900,-49375,66538.3214,-8414,35038.9318,16206,84975.2008,-78680,-56975.1268,-6837,-37769.1429,35858,-6177.5147
-60759.3970,-15376,44272.0075,31241,5886.3130,-51220,85874.0468,-19099,-31034.7536,88681,17599.2543,-6012,-53517.9213,-8795,37717.4077,-47607,40390.4791,-79009,74095.6556,-62300
-71882,-84457.4478,96459,48581.0062,-8705,-89127.2445,25182,90448.8295,-35525,-39097.7126,65966,-66509.0610,55666,-20814.2992,77450,62508.7936,-13161,-26242.7656,37197,-92590.0887
-82974.8147,-9448,15831.5843,-5915,45031.5318,-95673,-67084.7873,-69716,60921.3548,-7104,29767.3727,48869,99089.9493,72624,-13028.6742,-88352,-1730.1801,-33155,11203.6867,96165
-64956,-21273.2806,23410,-14460.5947,-53679,-87769.5236,-36490,78646.3714,13245,64064.7152,97423,52555.9548,51500,-49046.0573,-57086,87849.1102,35130,37023.8653,77885,41985.6470
-74279.6543,-93246,18057.1716,54817,74151.9086,63663,15819.9411,44861,2869.7567,55844,-98100.8619,15289,-92802.5107,-89363,49578.2199,-27812,-36939.4512,-97581,-17423.0867,-10923
-46271,-97237.6115,-10686,85239.8410,-52739,34575.0759,41785,-81906.2201,17720,68152.2449,-93378,-92883.4137,-9080,64167.8356,15556,46898.5730,-23630,-68112.2695,15964,52410.0554
-60018.9474,-20817,-4081.3876,-25914,-32465.3787,2568,24140.6731,-48349,21557.3673,86323,-42353.0847,-26388,10714.1736,7942,-36693.4259,64899,-39594.8236,-72915,-87132.6913,-29337
71291,38006.3101,-22,65615.4989,-93972,1555.9798,-50039,36332.1737,-43784,14998.0463,34164,-91800.0141,-24068,-31422.7284,-7424,-53700.6339,1919,-47512.8218,-82894,-20267.4388
90205.2615,3334,46836.1566,-73508,16995.1564,21798,-3197.7342,69212,-30616.5612,9880,-34798.7511,73186,-36185.1708,59519,58212.6259,-4854,-65031.0186,-61435,-84964.6866,17255
-19340,53975.1507,3710,-391.7381,69839,-85917.6612,-38439,38178.4799,42013,-68686.8839,85119,86721.7567,-98485,38569.4625,-16414,87471.2724,-89462,-20962.1962,-57278,-1175.5732
-9457.8401,-59783,-47029.0272,-22969,82833.8941,-12652,14214.6785,-77272,-21597.2119,-94457,33204.9462,69462,49517.7285,-13957,2951.6168,-60309,-80549.3133,-70361,-3475.4721,-92705
75601,-59840.4627,91948,63817.8090,57923,2649.6907,8031,80909.1033,-11660,36862.3837,9713,-68733.2765,-23588,44357.1717,-81330,32394.7640,-58509,6710.3291,56692,-89173.9348
-53550.1578,-55110,30259.4336,70387,23619.2189,-62318,93882.0031,64506,-73570.3229,-80023,-35206.4241,65751,90230.0193,71438,93455.2530,39448,-25199.6802,-68798,73719.1048,31298
83833,-48557.9485,56629,80.7535,-7372,19552.1232,28691,49165.4926,15963,-35549.7560,79925,-75790.6963,-37474,78745.6926,47740,89388.0321,-50475,10459.9669,96905,22076.2149
59757.6067,15150,22006.2724,6891,-3360.0246,88844,6970.5423,3869,-2201.7358,-85506,-61246.4448,67406,71001.4427,19530,-76076.9110,-36378,24189.7333,-72497,96806.7413,-39275
2881,27467.4989,52311,-75209.8633,-45900,-7718.0581,85280,-20008.6070,-55644,22715.7531,-44695,86817.2712,-78650,-95253.8124,-16129,-12156.3624,80866,-80756.6999,-49382,-76347.3678
-29084.1658,84610,6489.4253,83428,96060.7539,29352,-29342.1075,-63930,-30222.5439,2571,-89383.4622,-76068,-1078.8324,67641,-6852.3160,73186,-82299.9511,65121,-95697.1321,6456
-22950,3142.8977,55728,-97633.1218,9492,-52282.2548,-65771,92953.2636,12525,61868.3604,35660,-69285.7895,-29417,27309.5464,78919,-32437.5678,1710,29365.9542,15736,27841.7508
-36671.6762,98203,82281.5212,55251,-96549.7473,-835,72428.3353,-44035,29172.9269,80453,-55621.9811,-38845,37547.3556,-85647,-65586.2765,-5589,98026.7687,76759,34507.9882,-15748
